-- MySQL dump 10.13  Distrib 5.7.21, for Linux (x86_64)
--
-- Host: localhost    Database: nhotqobg_balles
-- ------------------------------------------------------
-- Server version	5.7.21-0ubuntu0.16.04.1

/*!40101 SET @OLD_CHARACTER_SET_CLIENT=@@CHARACTER_SET_CLIENT */;
/*!40101 SET @OLD_CHARACTER_SET_RESULTS=@@CHARACTER_SET_RESULTS */;
/*!40101 SET @OLD_COLLATION_CONNECTION=@@COLLATION_CONNECTION */;
/*!40101 SET NAMES utf8 */;
/*!40103 SET @OLD_TIME_ZONE=@@TIME_ZONE */;
/*!40103 SET TIME_ZONE='+00:00' */;
/*!40014 SET @OLD_UNIQUE_CHECKS=@@UNIQUE_CHECKS, UNIQUE_CHECKS=0 */;
/*!40014 SET @OLD_FOREIGN_KEY_CHECKS=@@FOREIGN_KEY_CHECKS, FOREIGN_KEY_CHECKS=0 */;
/*!40101 SET @OLD_SQL_MODE=@@SQL_MODE, SQL_MODE='NO_AUTO_VALUE_ON_ZERO' */;
/*!40111 SET @OLD_SQL_NOTES=@@SQL_NOTES, SQL_NOTES=0 */;

--
-- Table structure for table `arbitres`
--

DROP TABLE IF EXISTS `arbitres`;
/*!40101 SET @saved_cs_client     = @@character_set_client */;
/*!40101 SET character_set_client = utf8 */;
CREATE TABLE `arbitres` (
  `idArbitre` int(10) NOT NULL AUTO_INCREMENT,
  `nomArbitre` varchar(50) COLLATE utf8_spanish2_ci NOT NULL,
  `cognomsArbitre` varchar(100) COLLATE utf8_spanish2_ci NOT NULL,
  `mail` varchar(50) COLLATE utf8_spanish2_ci NOT NULL,
  `telefon` varchar(10) COLLATE utf8_spanish2_ci NOT NULL,
  `isArbitre` int(1) NOT NULL,
  `isAnotador` int(1) NOT NULL,
  `dilluns` int(1) NOT NULL,
  `dimarts` int(1) NOT NULL,
  `dimecres` int(1) NOT NULL,
  `dijous` int(1) NOT NULL,
  `divendres` int(1) NOT NULL,
  `dissabte` int(1) NOT NULL,
  `diumenge` int(1) NOT NULL,
  `idUser` int(10) NOT NULL,
  `observacions` varchar(255) COLLATE utf8_spanish2_ci NOT NULL,
  `actiu` varchar(3) COLLATE utf8_spanish2_ci NOT NULL DEFAULT 'ACT',
  PRIMARY KEY (`idArbitre`)
) ENGINE=InnoDB AUTO_INCREMENT=8 DEFAULT CHARSET=utf8 COLLATE=utf8_spanish2_ci;
/*!40101 SET character_set_client = @saved_cs_client */;

--
-- Dumping data for table `arbitres`
--

LOCK TABLES `arbitres` WRITE;
/*!40000 ALTER TABLE `arbitres` DISABLE KEYS */;
INSERT INTO `arbitres` VALUES (1,'David','Sierra Fernandez','davevudu@gmail.com','630409229',1,0,0,0,0,0,0,1,1,1,'','ACT'),(2,'Sergi','Ferrer','laballes@basquetsabadell.com','666666666',1,0,0,1,1,1,0,1,1,5,'','ACT'),(3,'Javi','Golbano','laballes@basquetsabadell.com','123456789',1,0,0,0,0,0,0,1,1,125,'entre semana a partir de las 21:30','ACT'),(4,'EDGAR','ALVAREZ','laballes@basquetsabadell.com','12345789',1,0,1,1,1,1,1,1,1,126,'','ACT'),(5,'DANI ','DE CASTRO','laballes@basquetsabadell.com','123456789',0,1,0,1,1,1,0,1,1,127,'Partits entre setmana a partir de les 2130','ACT'),(6,'LUIS ','PERDOMO','laballes@basquetsabadell.com','123456789',0,1,0,1,1,1,0,1,1,128,'','ACT'),(7,'HUMBERTO','PERDOMO','laballes@basquetsabadell.com','123456789',0,1,0,1,1,1,0,1,1,129,'','ACT');
/*!40000 ALTER TABLE `arbitres` ENABLE KEYS */;
UNLOCK TABLES;

--
-- Table structure for table `divisio`
--

DROP TABLE IF EXISTS `divisio`;
/*!40101 SET @saved_cs_client     = @@character_set_client */;
/*!40101 SET character_set_client = utf8 */;
CREATE TABLE `divisio` (
  `idDivisio` int(10) NOT NULL AUTO_INCREMENT,
  `nomDivisio` varchar(200) DEFAULT NULL,
  PRIMARY KEY (`idDivisio`)
) ENGINE=InnoDB AUTO_INCREMENT=100 DEFAULT CHARSET=latin1;
/*!40101 SET character_set_client = @saved_cs_client */;

--
-- Dumping data for table `divisio`
--

LOCK TABLES `divisio` WRITE;
/*!40000 ALTER TABLE `divisio` DISABLE KEYS */;
INSERT INTO `divisio` VALUES (1,'Primera Masculina'),(2,'Segona Masculina'),(3,'Primera Femenina'),(4,'Segona Femenina'),(5,'Tercera Masculina'),(99,'Balles');
/*!40000 ALTER TABLE `divisio` ENABLE KEYS */;
UNLOCK TABLES;

--
-- Table structure for table `equip`
--

DROP TABLE IF EXISTS `equip`;
/*!40101 SET @saved_cs_client     = @@character_set_client */;
/*!40101 SET character_set_client = utf8 */;
CREATE TABLE `equip` (
  `idEquip` int(10) NOT NULL AUTO_INCREMENT,
  `nomEquip` varchar(100) NOT NULL,
  `preferenciaPartit` varchar(255) DEFAULT NULL,
  `colorSamarreta` varchar(50) DEFAULT NULL,
  `colorPantalo` varchar(50) DEFAULT NULL,
  `idDivisio` int(10) DEFAULT NULL,
  `observacions` varchar(255) NOT NULL DEFAULT 'cap',
  `isPagat` int(1) NOT NULL DEFAULT '0',
  `actiu` varchar(3) DEFAULT 'TNC',
  PRIMARY KEY (`idEquip`),
  KEY `idDivisio` (`idDivisio`),
  CONSTRAINT `equip_ibfk_1` FOREIGN KEY (`idDivisio`) REFERENCES `divisio` (`idDivisio`)
) ENGINE=InnoDB AUTO_INCREMENT=111 DEFAULT CHARSET=latin1;
/*!40101 SET character_set_client = @saved_cs_client */;

--
-- Dumping data for table `equip`
--

LOCK TABLES `equip` WRITE;
/*!40000 ALTER TABLE `equip` DISABLE KEYS */;
INSERT INTO `equip` VALUES (1,'Balles',NULL,NULL,NULL,99,'cap',0,'ACT'),(16,'PC Land Jovaisha',NULL,'negra','negre',1,'cap',1,'ACT'),(17,'Quiero mas',NULL,'Vermell / Blanc','Vermell / Blanc',1,'Tomas no paga fitxa total a pagar 1658',1,'ACT'),(18,'El Social',NULL,'blau mari','blau mari',4,'cap',1,'ACT'),(19,'Can Matas','Domingos 10:30h o 12h','blanca','burdeos',5,'Ha pagat 1200',1,'ACT'),(20,'Chanantes',NULL,'Verda','Negre',5,'cap',1,'ACT'),(21,'Connecting Team',NULL,'blau','blau',3,'cap',0,'DES'),(22,'Dream Tinc',NULL,'Vermell','Vermell',1,'cap',0,'DES'),(23,'Hoosiers Ole Stars',NULL,'vermell ','groc',1,'cap',1,'ACT'),(24,'BIG Swiss Cheese Burguers','','negre','negre',5,'Pagara el total a final de mes',1,'ACT'),(25,'Celtics',NULL,'Verda/negre','negre/verd',2,'cap',1,'ACT'),(26,'Fru Fru Team',NULL,'Fosc','Fosc',3,'cap',0,'DES'),(27,'Tormento Kings',NULL,'oro,azul','oro,azul',1,'cap',0,'DES'),(28,'Campus Terrassa','','BLAU','BLAU',4,'cap',1,'ACT'),(29,'Putukah Jazz  B  F.C.','Diumenges 9h (1ª opció) i Diumenges 10:30h (2ª opció)','Negre','Negre',1,'cap',1,'ACT'),(30,'Som-hi','DIMARTS','VERD TURQUESA','NEGRE',3,'cap',1,'ACT'),(31,'Honolulu Rupas',NULL,'Negro y rojo ','Negro y rojo ',2,'cap',1,'ACT'),(32,'Minions',NULL,'Groc','Groc',5,'cap',1,'ACT'),(33,'Oh-lha-la',NULL,'Vermell','Negra',2,'cap',1,'ACT'),(34,'CB Platanillo','Diumenge 10h30, Diumenge 9h','Lila/groga','Lila/groga',1,'cap',1,'ACT'),(35,'K19','Diumenge 9:00 o a les 10:30','Vermell/Blanc','Vermell',1,'cap',1,'ACT'),(36,'Wisconsin',NULL,'Blanc','Blanc',2,'cap',0,'ACT'),(37,'Atletic',NULL,'Groga','Negre',3,'cap',0,'DES'),(38,'Frankfurt Hessen St Cugat','Domingo 2do turno','Negra - Groga','Negra - Groga',2,'cap',1,'ACT'),(39,'Green Team',NULL,'verd','negre',3,'cap',0,'ACT'),(40,'PROYECTO BASKET SQBC',NULL,'VERMELLA','NEGRE',3,'cap',0,'DES'),(41,'Old Rockers',NULL,'NEGRE','NEGRE',1,'cap',0,'DES'),(42,'CB Fontetes','9h00 Martes','naranja','naranja',3,'cap',1,'ACT'),(43,'Kimak+Proyecto',NULL,'VERMELLA','NEGRE',4,'cap',0,'DES'),(44,'La Branca',NULL,'Vermell','Vermell/negre',2,'cap',0,'DES'),(45,'In your face',NULL,'Blau','Blau',1,'cap',0,'ACT'),(46,'Old School','Diumenge 10:00','Groga','Negre',1,'cap',1,'ACT'),(48,'Burbons Mamas & Papas',NULL,'blanc','blanc',5,'cap',0,'DES'),(49,'Salou Dream','disapte 15:30 y 17h','fucsia','fucsia',1,'cap',1,'ACT'),(50,'La Romànica','diumenge matí','Groga','Negre',1,'Falta pagar fitxa',1,'ACT'),(51,'C.B. Viladecavalls Vilavets','','verda','negre',4,'Han pagat 1420 entrenador no paga',1,'ACT'),(52,'La Zona',NULL,'Vermell','Negra',5,'cap',1,'ACT'),(53,'Whats App','dimarts 20,30- 21,30','Negre','Negre',4,'Ha Pagat 1170',0,'ACT'),(54,'Refree friends',NULL,'roja','rojo',1,'cap',0,'DES'),(55,'Creu Alta Sabadell Basquet (masculi)','Diumenge matí: 10:30h o 12:00h','Taronja-Negre','Negre',2,'cap',1,'ACT'),(56,'Osobuco',NULL,'Blanc','Negre',1,'cap',0,'DES'),(57,'Espartanos',NULL,'Lila','negre',5,'cap',1,'ACT'),(58,'De Bon Rotllo!!!','Diumenge 10:30 i 12:00','vermell','negre',5,'cap',1,'ACT'),(59,'Falta Personal',NULL,'Fucsia','NEGRA',2,'cap',1,'ACT'),(60,'Pim Pam','diumenges a les 9 i a les 10:30','taronja','taronja',1,'cap',1,'ACT'),(62,'Big Ten',NULL,'Negre','Blanc',5,'cap',0,'DES'),(63,'Basve','Dimarts 9,30 (Preferim NO jugar a les 22,15 a Can Balsach)','Verda','Negre',3,'Han de pagar 1580 enlloc dels 1690',1,'ACT'),(65,'Wiki wiki',NULL,'Groc i blau','Blau',1,'cap',0,'DES'),(66,'Barbera',NULL,'Blau marí','Blau marí',3,'cap',1,'ACT'),(67,'Sabadell Sud CB',NULL,'negra/blanca','negre/blanc',3,'cap',0,'DES'),(68,'Puig de la Creu',NULL,'verda / negre','negre',1,'cap',0,'DES'),(69,'Penya Blaugrana Castellbisbal',NULL,'blaugrana','negre',2,'Han pagat un jugador de mes',1,'ACT'),(70,'Equip Balles',NULL,'taronja','marró',NULL,'cap',0,'DES'),(74,'Green Gos',NULL,'VERD','VERD',1,'cap',0,'DES'),(75,'Regina Carmeli',NULL,'groga','groc',4,'cap',0,'ACT'),(76,'Wisconsin_antic',NULL,NULL,NULL,NULL,'cap',0,'DES'),(91,'Ryukan',NULL,'Blau','Negre',2,'cap',1,'ACT'),(96,'Inter de Mitente',NULL,'vermella','vermell',1,'Ha pagat 1620 un jugador de mes',1,'ACT'),(97,'Drink Team',NULL,'Verd','Negre',2,'cap',0,'DES'),(98,'Los Jubilaos','domingo por la mañana','vermella','',2,'Ha pagat 1050',0,'ACT'),(99,'Antickimak',NULL,NULL,NULL,5,'cap',0,'DES'),(100,'Burbons','Dissabtes 17:00h o Diumenges 10:30h.','BLANCA','BLANC',5,'FALTEN 4 EUROS',1,'ACT'),(101,'Basve_anitc',NULL,'Verda','Negre',3,'cap',0,'DES'),(102,'C.B. Acardi',NULL,'Rosa','Negre',3,'cap',0,'DES'),(105,'Escopinyes',NULL,'Blau','Negre',3,'cap',1,'ACT'),(106,'Junior 3','Diumenges a les 10:30 o a les 12:00','Blanc i blava','negre',5,'cap',1,'ACT'),(107,'Picapica',NULL,'GRIS','negre',4,'cap',0,'DES'),(108,'Creu Alta Femení',NULL,'BLANCA TARONJA','NEGRE',4,'cap',0,'ACT'),(109,'Panteres Grogues','Dimecres (crec que és a les 22:15h que teniu pista)','Lila','Negre',4,'No paguen preferencia pero la tenen',1,'ACT'),(110,'Toyacos Crew','Dissabte 18:30',NULL,NULL,5,'Han pagat 620',0,'ACT');
/*!40000 ALTER TABLE `equip` ENABLE KEYS */;
UNLOCK TABLES;

--
-- Table structure for table `esportivitat`
--

DROP TABLE IF EXISTS `esportivitat`;
/*!40101 SET @saved_cs_client     = @@character_set_client */;
/*!40101 SET character_set_client = utf8 */;
CREATE TABLE `esportivitat` (
  `idEsportivitat` int(10) NOT NULL AUTO_INCREMENT,
  `idJugador` int(11) DEFAULT NULL,
  `idEquip` int(11) NOT NULL,
  `dataPartit` varchar(10) COLLATE utf8_spanish2_ci NOT NULL,
  `estat` varchar(3) COLLATE utf8_spanish2_ci NOT NULL DEFAULT 'ACT',
  `tecniques` int(3) DEFAULT NULL,
  `antiesportives` int(3) DEFAULT NULL,
  `desqualificant` int(3) DEFAULT NULL,
  `banqueta` int(50) DEFAULT NULL,
  `idTemporada` int(11) DEFAULT NULL,
  PRIMARY KEY (`idEsportivitat`)
) ENGINE=InnoDB AUTO_INCREMENT=676 DEFAULT CHARSET=utf8 COLLATE=utf8_spanish2_ci;
/*!40101 SET character_set_client = @saved_cs_client */;

--
-- Dumping data for table `esportivitat`
--

LOCK TABLES `esportivitat` WRITE;
/*!40000 ALTER TABLE `esportivitat` DISABLE KEYS */;
INSERT INTO `esportivitat` VALUES (12,1419,74,'08/10/2016','ACT',1,0,0,0,1),(13,1414,74,'08/10/2016','ACT',1,0,0,0,1),(14,554,60,'15/10/2016','ACT',3,0,0,0,1),(15,927,96,'23/10/2016','ACT',1,0,0,0,1),(16,159,29,'30/10/2016','ACT',2,0,0,0,1),(17,147,29,'06/11/2016','ACT',1,0,0,0,1),(18,1533,49,'15/10/2016','ACT',1,0,0,0,1),(19,1432,17,'23/10/2016','ACT',1,0,0,0,1),(20,603,45,'22/10/2016','ACT',1,0,0,0,1),(21,428,22,'23/10/2016','ACT',1,0,0,0,1),(22,931,50,'09/10/2016','ACT',1,0,0,0,1),(23,414,50,'06/11/2016','ACT',1,0,0,0,1),(24,413,50,'06/11/2016','ACT',1,0,0,0,1),(25,1028,55,'09/10/2016','ACT',1,0,0,0,1),(26,1005,55,'15/10/2016','ACT',1,0,0,0,1),(27,1170,55,'15/10/2016','ACT',1,0,0,0,1),(28,1151,31,'22/10/2016','ACT',2,0,0,0,1),(29,1163,38,'05/11/2016','ACT',1,0,0,0,1),(30,1235,69,'05/11/2016','ACT',1,0,0,0,1),(31,1440,33,'22/10/2016','ACT',1,0,0,0,1),(32,1135,58,'15/10/2016','ACT',1,0,0,0,1),(33,1299,58,'06/11/2016','ACT',1,0,0,0,1),(34,200,20,'22/10/2016','ACT',2,0,0,0,1),(35,565,100,'15/10/2016','ACT',1,0,0,0,1),(36,1463,91,'15/10/2016','ACT',1,0,0,0,1),(37,1451,98,'05/11/2016','ACT',1,0,0,0,1),(38,944,96,'05/11/2016','ACT',0,1,0,0,1),(39,1446,57,'05/11/2016','ACT',0,1,0,0,1),(40,1148,19,'05/11/2016','ACT',0,1,0,0,1),(41,455,59,'23/10/2016','ACT',0,1,0,0,1),(42,957,59,'15/10/2016','ACT',0,1,0,0,1),(43,1028,55,'09/10/2016','ACT',0,1,0,0,1),(44,1180,97,'09/10/2016','ACT',0,1,0,0,1),(45,1180,97,'15/10/2016','ACT',0,1,0,0,1),(46,591,24,'08/10/2016','ACT',0,1,0,0,1),(47,1269,24,'15/10/2016','ACT',0,2,0,0,1),(48,965,33,'15/10/2016','ACT',0,1,0,0,1),(49,446,25,'15/10/2016','ACT',0,2,0,0,1),(50,194,20,'15/10/2016','ACT',0,2,0,0,1),(51,1511,20,'22/10/2016','ACT',0,1,0,0,1),(52,200,20,'15/10/2016','ACT',0,2,0,0,1),(53,1532,100,'15/10/2016','ACT',0,2,0,0,1),(54,1289,100,'22/10/2016','ACT',0,1,0,0,1),(55,1388,91,'15/10/2016','ACT',0,2,0,0,1),(56,1385,91,'15/10/2016','ACT',0,1,0,0,1),(57,1095,57,'15/10/2016','ACT',0,1,0,0,1),(58,538,57,'15/10/2016','ACT',0,1,0,0,1),(59,1481,36,'15/10/2016','ACT',0,1,0,0,1),(60,1517,49,'12/11/2016','ACT',1,0,0,0,1),(61,1477,35,'12/11/2016','ACT',1,0,0,0,1),(62,1473,24,'12/11/2016','ACT',0,1,0,0,1),(63,130,24,'12/11/2016','ACT',0,1,0,0,1),(64,1510,69,'12/11/2016','ACT',1,0,0,0,1),(65,976,36,'12/11/2016','ACT',0,1,0,0,1),(66,113,23,'13/11/2016','ACT',0,1,0,0,1),(67,1432,17,'13/11/2016','ACT',1,0,0,0,1),(68,1515,68,'13/11/2016','ACT',0,1,0,0,1),(69,621,68,'13/11/2016','ACT',0,1,0,0,1),(70,1148,19,'13/11/2016','ACT',1,0,0,0,1),(71,201,16,'19/11/2016','ACT',1,0,0,0,1),(72,169,16,'19/11/2016','ACT',2,0,0,0,1),(73,169,16,'19/11/2016','ACT',0,1,0,0,1),(74,1517,49,'12/11/2016','ACT',1,0,0,0,1),(75,1477,35,'12/11/2016','ACT',1,0,0,0,1),(76,1473,24,'12/11/2016','ACT',0,1,0,0,1),(77,130,24,'12/11/2016','ACT',0,1,0,0,1),(78,1510,69,'12/11/2016','ACT',1,0,0,0,1),(79,976,36,'12/11/2016','ACT',0,1,0,0,1),(81,1432,17,'13/11/2016','ACT',1,0,0,0,1),(82,503,66,'8/11/16','ACT',0,1,0,0,1),(83,969,66,'15/11/16','ACT',0,1,0,0,1),(84,182,49,'27/11/2016','ACT',2,0,0,0,1),(85,182,49,'27/11/2016','ACT',0,0,1,0,1),(86,1178,97,'27/11/2016','ACT',1,0,0,0,1),(87,1562,106,'27/11/2016','ACT',0,1,0,0,1),(88,1469,29,'27/11/2016','ACT',0,1,0,0,1),(89,514,34,'27/11/2016','ACT',0,1,0,0,1),(90,490,58,'27/11/2016','ACT',0,1,0,0,1),(91,554,60,'27/11/2016','ACT',1,0,0,0,1),(92,551,60,'27/11/2016','ACT',1,0,0,0,1),(93,553,60,'27/11/2016','ACT',0,1,0,0,1),(94,1402,100,'27/11/2016','ACT',0,1,0,0,1),(95,1148,19,'27/11/2016','ACT',2,0,0,0,1),(96,525,25,'26/11/2016','ACT',0,1,0,0,1),(97,528,25,'26/11/2016','ACT',0,1,0,0,1),(98,103,35,'26/11/2016','ACT',0,1,0,0,1),(99,455,59,'26/11/2016','ACT',1,0,0,0,1),(100,167,16,'26/11/2016','ACT',0,1,0,0,1),(101,626,68,'26/11/2016','ACT',0,1,0,0,1),(103,1447,31,'26/11/2016','ACT',0,1,0,0,1),(104,133,31,'26/11/2016','ACT',0,1,0,0,1),(105,106,23,'26/11/2016','ACT',1,0,0,0,1),(106,112,23,'26/11/2016','ACT',0,1,0,0,1),(107,1156,74,'26/11/2016','ACT',0,1,0,0,1),(108,933,50,'17/12/2016','ACT',1,0,0,0,1),(109,414,50,'17/12/2016','ACT',1,0,0,0,1),(110,1148,19,'17/12/2016','ACT',0,0,1,0,1),(111,1299,58,'17/12/2016','ACT',0,0,1,0,1),(112,958,59,'17/12/2016','ACT',0,1,0,0,1),(113,962,59,'17/12/2016','ACT',0,1,0,0,1),(114,894,38,'18/12/2016','ACT',0,1,0,0,1),(115,0,0,'','ACT',0,0,0,0,1),(116,900,38,'18/12/2016','ACT',0,1,0,0,1),(117,898,38,'18/12/2016','ACT',0,1,0,0,1),(118,103,35,'18/12/2016','ACT',0,1,0,0,1),(119,652,36,'18/12/2016','ACT',0,1,0,0,1),(120,651,36,'18/12/2016','ACT',0,1,0,0,1),(121,643,33,'18/12/2016','ACT',0,1,0,0,1),(122,1509,106,'18/12/2016','ACT',1,0,0,0,1),(123,1068,19,'18/12/2016','ACT',0,1,0,0,1),(124,622,68,'18/12/2016','ACT',0,1,0,0,1),(125,0,0,'','ACT',0,0,0,0,1),(126,1007,55,'08/01/2017','ACT',0,1,0,0,1),(127,490,58,'08/01/2017','ACT',0,1,0,0,1),(128,1408,58,'08/01/2017','ACT',0,1,0,0,1),(129,194,20,'08/01/2017','ACT',0,1,0,0,1),(130,192,20,'08/01/2017','ACT',0,1,0,0,1),(131,553,60,'08/01/2017','ACT',0,1,0,0,1),(132,1477,35,'08/01/2017','ACT',1,0,0,0,1),(133,563,68,'08/01/2017','ACT',1,0,0,0,1),(134,933,50,'08/01/2017','ACT',0,1,0,0,1),(135,1235,69,'07/01/2017','ACT',1,0,0,0,1),(136,558,52,'07/01/2017','ACT',1,0,0,0,1),(137,1415,74,'07/01/2017','ACT',1,0,0,0,1),(138,1219,74,'07/01/2017','ACT',0,1,0,0,1),(139,958,59,'07/01/2017','ACT',2,0,0,0,1),(140,1466,22,'07/01/2017','ACT',1,0,0,0,1),(141,1246,29,'07/01/2017','ACT',1,0,0,0,1),(142,567,100,'07/01/2017','ACT',1,0,0,0,1),(143,133,31,'15/01/2017','ACT',1,0,0,0,1),(144,1295,31,'15/01/2017','ACT',0,1,0,0,1),(145,1162,74,'15/01/2017','ACT',1,0,0,0,1),(146,1416,74,'15/01/2017','ACT',1,0,0,0,1),(147,1170,55,'15/01/2017','ACT',1,0,0,0,1),(148,525,25,'14/01/2017','ACT',0,1,0,0,1),(149,1149,19,'14/01/2017','ACT',1,0,0,0,1),(150,624,68,'14/01/2017','ACT',1,0,0,0,1),(151,1062,75,'13/01/17','ACT',0,1,0,0,1),(152,1185,75,'13/01/17','ACT',1,0,0,0,1),(153,533,57,'22/01/17','ACT',0,1,0,0,1),(154,1122,60,'22/01/17','ACT',1,0,0,0,1),(155,1508,106,'22/01/17','ACT',1,0,0,0,1),(156,1105,20,'22/01/17','ACT',0,1,0,0,1),(157,195,20,'22/01/17','ACT',1,0,0,0,1),(158,1171,55,'22/01/17','ACT',0,1,0,0,1),(159,1397,96,'22/01/17','ACT',0,1,0,0,1),(160,972,50,'22/01/17','ACT',1,0,0,0,1),(161,1532,100,'22/01/17','ACT',1,0,0,0,1),(162,1085,45,'21/01/17','ACT',1,0,0,0,1),(163,108,23,'21/01/17','ACT',0,1,0,0,1),(164,473,59,'21/01/17','ACT',0,1,0,0,1),(165,1531,59,'21/01/17','ACT',0,1,0,0,1),(166,626,68,'04/02/2017','ACT',1,0,0,0,1),(167,928,96,'04/02/2017','ACT',1,0,0,0,1),(168,1567,96,'04/02/2017','ACT',1,0,0,0,1),(169,1163,38,'04/02/2017','ACT',1,0,0,0,1),(170,1516,38,'04/02/2017','ACT',1,0,0,0,1),(171,645,33,'04/02/2017','ACT',1,0,0,0,1),(172,165,16,'04/02/2017','ACT',0,2,0,0,1),(173,144,29,'04/02/2017','ACT',1,0,0,0,1),(174,446,25,'04/02/2017','ACT',0,1,0,0,1),(175,1446,57,'04/02/2017','ACT',0,1,0,0,1),(176,317,32,'04/02/2017','ACT',1,0,0,0,1),(177,133,31,'04/02/2017','ACT',1,0,0,0,1),(178,1481,36,'05/02/2017','ACT',1,0,0,0,1),(179,976,36,'05/02/2017','ACT',2,0,0,0,1),(180,1137,58,'05/02/2017','ACT',2,0,0,0,1),(181,490,58,'05/02/2017','ACT',1,0,0,0,1),(182,1289,100,'05/02/2017','ACT',1,0,0,0,1),(183,240,17,'05/02/2017','ACT',1,0,0,0,1),(184,1057,75,'07/02/2017','ACT',1,0,0,0,1),(185,320,28,'31/01/2017','ACT',1,0,0,0,1),(187,320,28,'31/01/2017','ACT',0,0,1,0,1),(188,1156,74,'31/01/2017','ACT',1,0,0,0,1),(189,1162,74,'31/01/2017','ACT',1,0,0,0,1),(190,77,35,'31/01/2017','ACT',1,0,0,0,1),(191,77,35,'31/01/2017','ACT',0,1,0,0,1),(192,1558,35,'31/01/2017','ACT',1,0,0,0,1),(193,1558,35,'31/01/2017','ACT',0,1,0,0,1),(194,91,35,'31/01/2017','ACT',1,0,0,0,1),(195,1503,52,'21/01/2017','ACT',1,0,0,0,1),(196,525,25,'21/01/2017','ACT',1,0,0,0,1),(197,528,25,'21/01/2017','ACT',1,0,0,0,1),(198,942,25,'21/01/2017','ACT',1,0,0,0,1),(199,942,25,'21/01/2017','ACT',1,0,0,0,1),(200,200,20,'28/01/2017','ACT',0,1,0,0,1),(201,192,20,'28/01/2017','ACT',0,1,0,0,1),(202,473,59,'28/01/2017','ACT',0,1,0,0,1),(203,652,36,'28/01/2017','ACT',0,1,0,0,1),(204,980,36,'28/01/2017','ACT',0,1,0,0,1),(205,129,24,'11/02/2017','ACT',0,0,1,0,1),(206,1475,106,'12-02-2017','ACT',2,0,0,0,1),(207,1475,106,'12-02-2017','ACT',0,0,1,0,1),(208,1038,51,'13-02-2017','ACT',1,0,0,0,1),(209,570,100,'12-02-2017','ACT',1,0,0,0,1),(210,1448,31,'12-02-2017','ACT',1,0,0,0,1),(211,927,96,'12-02-2017','ACT',1,0,0,0,1),(212,1398,96,'12-02-2017','ACT',1,0,0,0,1),(213,1473,24,'11/02/2017','ACT',1,0,0,0,1),(214,473,59,'11/02/2017','ACT',0,2,0,0,1),(215,455,59,'11/02/2017','ACT',1,0,0,0,1),(216,1454,98,'11/02/2017','ACT',0,1,0,0,1),(217,1450,98,'11/02/2017','ACT',1,0,0,0,1),(218,1503,52,'11/02/2017','ACT',1,0,0,0,1),(219,560,52,'11/02/2017','ACT',0,1,0,0,1),(220,1235,69,'11/02/2017','ACT',1,0,0,0,1),(221,912,69,'11/02/2017','ACT',1,0,0,0,1),(222,642,33,'19/02/2017','ACT',1,0,0,0,1),(223,1416,74,'19/02/2017','ACT',1,0,0,0,1),(224,965,33,'19/02/2017','ACT',1,0,0,0,1),(225,1157,74,'19/02/2017','ACT',1,0,0,0,1),(226,146,29,'19/02/2017','ACT',0,1,0,0,1),(227,191,20,'19/02/2017','ACT',1,0,0,0,1),(228,944,96,'19/02/2017','ACT',1,0,0,0,1),(229,944,96,'19/02/2017','ACT',0,1,0,0,1),(230,1396,96,'19/02/2017','ACT',0,1,0,0,1),(231,1422,96,'19/02/2017','ACT',1,0,0,0,1),(232,1571,106,'26/02/17','ACT',1,0,0,0,1),(233,269,25,'26/02/17','ACT',0,1,0,0,1),(234,225,32,'26/02/17','ACT',1,0,0,0,1),(235,447,58,'26/02/17','ACT',1,0,0,0,1),(236,114,23,'26/02/17','ACT',1,0,0,0,1),(237,927,96,'26/02/17','ACT',1,0,0,0,1),(238,1395,96,'26/02/17','ACT',0,0,1,0,1),(239,1495,52,'18/02/17','ACT',1,0,0,0,1),(240,533,57,'18/02/17','ACT',0,1,0,0,1),(241,94,35,'18/02/17','ACT',0,1,0,0,1),(242,1528,98,'18/02/17','ACT',0,1,0,0,1),(243,1516,38,'25/02/17','ACT',1,0,0,0,1),(244,1540,97,'25/02/17','ACT',1,0,0,0,1),(245,1540,97,'25/02/17','ACT',0,0,1,0,1),(246,618,68,'25/02/17','ACT',1,0,0,0,1),(247,1469,29,'25/02/17','ACT',1,0,0,0,1),(248,160,29,'25/02/17','ACT',0,1,0,0,1),(249,618,68,'25/02/17','ACT',0,1,0,0,1),(250,1463,91,'25/02/17','ACT',1,0,0,0,1),(251,958,59,'25/02/17','ACT',2,0,0,0,1),(252,461,100,'25/02/17','ACT',1,0,0,0,1),(253,133,31,'04-03-17','ACT',1,0,0,0,1),(254,1503,52,'04-03-17','ACT',1,0,0,0,1),(255,1496,52,'04-03-17','ACT',1,0,0,0,1),(256,557,60,'05-03-17','ACT',1,0,0,0,1),(258,551,60,'05-03-17','ACT',1,0,0,0,1),(259,894,38,'05-03-17','ACT',1,0,0,0,1),(260,571,59,'05-03-17','ACT',1,0,0,0,1),(261,901,38,'05-03-17','ACT',1,0,0,0,1),(262,1414,74,'05-03-17','ACT',1,0,0,0,1),(263,553,60,'12/03/17','ACT',1,0,0,0,1),(264,551,60,'12/03/17','ACT',1,0,0,0,1),(265,1122,60,'12/03/17','ACT',1,0,0,0,1),(266,1122,60,'12/03/17','ACT',0,0,1,0,1),(267,110,23,'12/03/17','ACT',1,0,0,0,1),(268,1396,96,'12/03/17','ACT',0,1,0,0,1),(269,538,57,'12/03/17','ACT',0,1,0,0,1),(270,1516,38,'11/03/17','ACT',0,1,0,0,1),(271,1253,16,'11/03/17','ACT',1,0,0,0,1),(272,75,17,'11/03/17','ACT',0,1,0,0,1),(273,237,17,'11/03/17','ACT',1,0,0,0,1),(274,146,29,'11/03/17','ACT',2,0,0,0,1),(275,104,23,'11/03/17','ACT',1,0,0,0,1),(276,1398,96,'11/03/17','ACT',1,0,0,0,1),(277,541,57,'11/03/17','ACT',0,1,0,0,1),(278,1571,106,'11/03/17','ACT',1,0,0,0,1),(279,225,32,'11/03/17','ACT',1,0,0,0,1),(280,446,25,'04/03/17','ACT',0,1,0,0,1),(281,528,25,'04/03/17','ACT',0,1,0,0,1),(282,1157,74,'04/03/17','ACT',0,1,0,0,1),(283,1289,100,'04/03/17','ACT',1,0,0,0,1),(284,103,35,'05/03/17','ACT',0,1,0,0,1),(285,1506,60,'05/03/17','ACT',0,1,0,0,1),(286,1439,55,'05/03/17','ACT',0,1,0,0,1),(287,129,24,'05/03/17','ACT',0,1,0,0,1),(288,1509,106,'05/03/17','ACT',0,1,0,0,1),(290,131,24,'05/03/17','ACT',0,1,0,0,1),(291,200,20,'18/03/17','ACT',1,0,0,0,1),(292,1463,91,'18/03/17','ACT',1,0,0,0,1),(293,894,38,'18/03/17','ACT',0,1,0,0,1),(294,965,33,'18/03/17','ACT',1,0,0,0,1),(295,113,23,'18/03/17','ACT',1,0,0,0,1),(296,104,23,'18/03/17','ACT',1,0,0,0,1),(297,1452,22,'18/03/17','ACT',1,0,0,0,1),(301,196,20,'26/03/17','ACT',0,1,0,0,1),(302,269,25,'26/03/17','ACT',0,1,0,0,1),(303,227,32,'26/03/17','ACT',2,0,0,0,1),(304,94,35,'26/03/17','ACT',1,0,0,0,1),(305,91,35,'26/03/17','ACT',0,1,0,0,1),(306,927,96,'26/03/17','ACT',1,0,0,0,1),(307,553,60,'26/03/17','ACT',1,0,0,0,1),(308,1071,22,'26/03/17','ACT',1,0,0,0,1),(309,652,36,'22/03/17','ACT',1,0,0,0,1),(310,1500,17,'22/03/17','ACT',0,1,0,0,1),(311,236,17,'22/03/17','ACT',1,0,0,0,1),(312,216,34,'22/03/17','ACT',0,1,0,0,1),(313,237,17,'22/03/17','ACT',1,0,0,0,1),(314,131,24,'22/03/17','ACT',1,0,0,0,1),(315,916,69,'22/03/17','ACT',1,0,0,0,1),(316,104,23,'22/03/17','ACT',1,0,0,0,1),(317,589,50,'22/03/17','ACT',0,1,0,0,1),(318,1420,31,'22/03/17','ACT',2,0,0,0,1),(319,1516,38,'22/03/17','ACT',0,1,0,0,1),(320,1148,19,'02/04/2017','ACT',2,0,0,0,1),(321,191,20,'02/04/2017','ACT',1,0,0,0,1),(323,192,20,'02/04/2017','ACT',0,1,0,0,1),(324,192,20,'02/04/2017','ACT',1,0,0,0,1),(325,490,58,'02/04/2017','ACT',1,0,0,0,1),(326,1577,58,'02/04/2017','ACT',1,0,0,0,1),(327,1577,58,'02/04/2017','ACT',0,1,0,0,1),(328,1285,45,'01/04/17','ACT',0,1,0,0,1),(329,624,68,'01/04/17','ACT',1,0,0,0,1),(330,1196,39,'30/03/17','ACT',1,0,0,0,1),(331,1442,105,'30/03/17','ACT',0,1,0,0,1),(332,1507,107,'21/03/17','ACT',1,0,0,0,1),(333,1185,75,'18/04/2017','ACT',0,1,0,0,1),(334,1470,35,'23/04/17','ACT',0,1,0,0,1),(335,92,35,'23/04/17','ACT',1,0,0,0,1),(336,533,57,'23/04/17','ACT',1,0,0,0,1),(337,600,45,'23/04/17','ACT',1,0,0,0,1),(338,414,50,'23/04/17','ACT',1,0,0,0,1),(339,933,50,'23/04/17','ACT',1,0,0,0,1),(340,937,50,'23/04/17','ACT',0,1,0,0,1),(341,490,58,'23/04/17','ACT',0,1,0,0,1),(342,1476,106,'23/04/17','ACT',0,1,0,0,1),(343,240,17,'23/04/17','ACT',0,1,0,0,1),(344,1201,55,'23/04/17','ACT',0,1,0,0,1),(345,591,24,'22-04-17','ACT',1,0,0,0,1),(346,965,33,'22-04-17','ACT',0,1,0,0,1),(347,1157,74,'29-04-17','ACT',0,0,1,0,1),(348,1156,74,'29-04-17','ACT',2,0,0,0,1),(349,1157,74,'29-04-17','ACT',0,1,0,0,1),(350,1157,74,'29-04-17','ACT',1,0,0,0,1),(351,1419,74,'29-04-17','ACT',1,0,0,0,1),(352,624,68,'29-04-17','ACT',1,0,0,0,1),(353,1540,97,'07/05/17','ACT',1,0,0,0,1),(354,972,50,'07/05/17','ACT',1,0,0,0,1),(355,1448,31,'06/05/17','ACT',0,1,0,0,1),(356,1510,69,'06-05-17','ACT',0,1,0,0,1),(357,1440,33,'06-05/17','ACT',0,1,0,0,1),(358,1440,33,'06-05/17','ACT',0,1,0,0,1),(359,1446,57,'06/05/17','ACT',1,0,0,0,1),(360,894,38,'06/05/2017','ACT',1,0,0,0,1),(361,901,38,'6/5/17','ACT',0,1,0,0,1),(362,1481,36,'06/05/2017','ACT',1,0,0,0,1),(363,946,30,'02/05/17','ACT',0,1,0,0,1),(364,570,100,'21/05/17','ACT',1,0,0,0,1),(365,546,100,'21/05/17','ACT',1,0,0,0,1),(366,1532,100,'21/05/2017','ACT',1,0,0,0,1),(367,227,32,'21/05/17','ACT',1,0,0,0,1),(369,228,32,'21/05/17','ACT',0,1,0,0,1),(370,922,50,'21/05/17','ACT',0,1,0,0,1),(371,931,50,'21/05/17','ACT',0,1,0,0,1),(372,1517,49,'09/04/17','ACT',1,0,0,0,1),(373,113,23,'09/04/17','ACT',1,0,0,0,1),(374,152,29,'28/05/17','ACT',1,0,0,0,1),(375,159,29,'28/05/2017','ACT',0,1,0,0,1),(376,564,52,'28/05/2017','ACT',1,0,0,0,1),(377,1095,57,'28/05/17','ACT',0,1,0,0,1),(378,313,22,'28/05/17','ACT',0,1,0,0,1),(379,643,33,'28/05/17','ACT',0,1,0,0,1),(380,1285,45,'28/05/17','ACT',0,1,0,0,1),(381,133,31,'20/05/17','ACT',1,0,0,0,1),(382,591,24,'20/05/17','ACT',1,0,0,0,1),(383,171,16,'20/05/17','ACT',0,1,0,0,1),(384,1253,16,'20/05/17','ACT',1,0,0,0,1),(385,1538,97,'20/05/17','ACT',0,1,0,0,1),(386,1541,97,'20/05/17','ACT',1,0,0,0,1),(387,1446,57,'20/05/17','ACT',0,1,0,0,1),(388,200,20,'31/05/2017','ACT',0,1,0,0,1),(389,962,59,'30/05/2017','ACT',0,1,0,0,1),(390,1235,69,'03/05/17','ACT',1,0,0,0,1),(391,1386,91,'03/05/17','ACT',0,1,0,0,1),(392,1516,38,'03/05/17','ACT',1,0,0,0,1),(393,898,38,'03/05/17','ACT',1,0,0,0,1),(394,414,50,'03/05/17','ACT',1,0,0,0,1),(395,1565,33,'28/05/17','ACT',1,0,0,0,1),(396,1432,17,'28/05/17','ACT',1,0,0,0,1),(397,92,35,'28/05/17','ACT',2,0,0,0,1),(398,1003,49,'08/04/17','ACT',1,0,0,0,1),(399,927,96,'08/04/17','ACT',0,1,0,0,1),(400,944,96,'08/04/17','ACT',1,0,0,0,1),(401,1176,97,'08/04/17','ACT',0,1,0,0,1),(402,99,34,'04/05/17','ACT',0,1,0,0,1),(403,513,34,'04/05/17','ACT',0,1,0,0,1),(404,1085,45,'04/05/17','ACT',0,1,0,0,1),(405,1285,45,'04/05/17','ACT',1,0,0,0,1),(406,651,36,'04/05/17','ACT',0,1,0,0,1),(407,891,36,'04/05/17','ACT',0,1,0,0,1),(408,1481,36,'04/05/17','ACT',0,1,0,0,1),(409,1481,36,'04/05/17','ACT',1,0,0,0,1),(410,269,25,'04/05/17','ACT',0,1,0,0,1),(411,1136,58,'04/05/17','ACT',0,1,0,0,1),(412,93,35,'04/05/17','ACT',0,1,0,0,1),(413,554,60,'04/05/17','ACT',2,0,0,0,1),(414,557,60,'04/05/17','ACT',1,0,0,0,1),(415,927,96,'04/05/17','ACT',1,0,0,0,1),(416,1477,35,'08/04/17','ACT',1,0,0,0,1),(417,104,23,'08/04/17','ACT',1,0,0,0,1),(418,916,69,'08/04/17','ACT',0,1,0,0,1),(419,130,24,'08/04/17','ACT',0,1,0,0,1),(420,0,16,'01/01/2017','ACT',0,0,0,0,1),(421,0,16,'01/01/2017','ACT',0,0,0,2,1),(422,0,16,'01/01/2017','ACT',0,0,0,2,1),(423,0,16,'01/01/2017','ACT',0,0,0,5,1),(424,0,16,'13/05/1978','ACT',0,0,0,4,1),(425,0,16,'13/05/1978','ACT',0,0,0,4,1),(426,0,16,'13/05/1978','ACT',0,0,0,4,1),(427,0,16,'13/05/1978','ACT',0,0,0,4,1),(428,0,16,'13/05/1978','ACT',0,0,0,4,1),(429,0,16,'13/05/1978','ACT',0,0,0,4,1),(430,0,19,'01/01/2016','ACT',0,0,0,2,1),(431,0,35,'08/10/2017','ACT',0,0,0,1,2),(432,0,24,'08/10/2017','DES',1,0,0,0,2),(433,651,36,'08/10/2017','ACT',1,0,0,0,2),(434,225,32,'08/10/2017','ACT',0,1,0,0,2),(435,1598,91,'08/10/2017','ACT',0,1,0,0,2),(436,944,96,'08/10/2017','ACT',1,0,0,0,2),(437,1558,35,'08/10/2017','ACT',1,0,0,0,2),(438,0,35,'08/10/2017','ACT',0,0,0,1,2),(439,1289,100,'08/10/2017','ACT',0,1,0,0,2),(440,1580,58,'08/10/2017','ACT',0,1,0,0,2),(441,536,57,'08/10/2017','ACT',0,1,0,0,2),(442,554,60,'22/10/2017','ACT',1,0,0,0,2),(443,1618,100,'22/10/2017','ACT',0,1,0,0,2),(444,473,59,'22/10/2017','ACT',1,0,0,0,2),(445,455,59,'22/10/2017','ACT',2,0,0,0,2),(447,227,32,'28/10/17','ACT',0,1,0,0,2),(448,113,23,'28/10/17','ACT',1,0,0,0,2),(449,1385,91,'28/10/17','ACT',0,1,0,0,2),(450,1003,49,'28/10/17','ACT',1,0,0,0,2),(451,1655,16,'28/10/17','ACT',1,0,0,0,2),(452,240,17,'28/10/17','ACT',0,1,0,0,2),(453,1680,110,'29/10/17','ACT',0,1,0,0,2),(454,1451,98,'29/10/17','ACT',0,1,0,0,2),(455,92,35,'29/10/17','ACT',1,0,0,0,2),(456,1007,55,'29/10/17','ACT',1,0,0,0,2),(457,514,34,'29/10/17','ACT',1,0,0,0,2),(458,0,0,'29/10/17','ACT',0,0,0,2,2),(459,1503,52,'29/10/17','ACT',1,0,0,0,2),(460,1684,50,'29/10/17','ACT',0,1,0,0,2),(461,200,20,'29/10/17','ACT',1,0,0,0,2),(462,1632,20,'29/10/17','ACT',0,1,0,0,2),(463,1058,75,'26/10/17','ACT',1,0,0,0,2),(464,1057,75,'18/10/17','ACT',0,1,0,0,2),(465,1280,42,'18/10/17','ACT',2,0,0,0,2),(466,1280,42,'18/10/17','ACT',0,0,1,0,2),(467,1551,17,'21/10/17','ACT',2,0,0,0,2),(468,1637,34,'21/10/17','ACT',1,0,0,0,2),(469,133,31,'21/10/17','ACT',1,0,0,0,2),(470,1285,45,'21/10/17','ACT',0,1,0,0,2),(471,172,16,'21/10/17','ACT',0,1,0,0,2),(472,0,0,'21/10/17','ACT',0,0,0,1,2),(473,240,17,'7/10/17','ACT',0,1,0,0,2),(474,901,38,'7/10/17','ACT',1,0,0,0,2),(475,645,33,'7/10/17','ACT',1,0,0,0,2),(476,1235,69,'7/10/17','ACT',2,0,0,0,2),(477,165,16,'4/11/17','ACT',1,0,0,0,2),(478,201,16,'4/11/17','ACT',1,0,0,0,2),(479,1600,29,'4/11/17','ACT',1,0,0,0,2),(480,652,36,'4/11/17','ACT',1,0,0,0,2),(481,1389,91,'4/11/17','ACT',0,1,0,0,2),(482,1398,96,'4/11/17','ACT',1,0,0,0,2),(483,1680,110,'4/11/17','ACT',1,0,0,0,2),(484,1680,110,'4/11/17','ACT',1,0,0,0,2),(485,1671,110,'4/11/17','ACT',0,1,0,0,2),(486,192,20,'4/11/17','ACT',0,1,0,0,2),(487,107,23,'5/11/17','ACT',0,1,0,0,2),(488,0,0,'5/11/17','ACT',0,0,0,1,2),(489,553,60,'5/11/17','ACT',1,0,0,0,2),(490,77,35,'5/11/17','ACT',0,1,0,0,2),(491,91,35,'5/11/17','ACT',1,0,0,0,2),(492,227,32,'5/11/17','ACT',1,0,0,0,2),(493,1305,50,'12/11/2017','ACT',1,0,0,0,2),(494,1683,50,'12/11/2017','ACT',1,0,0,0,2),(495,933,50,'12/11/2017','ACT',0,1,0,0,2),(496,1496,52,'12/11/2017','ACT',0,1,0,0,2),(497,1148,19,'12/11/2017','ACT',0,1,0,0,2),(498,1475,106,'12/11/2017','ACT',0,1,0,0,2),(499,490,58,'12/11/2017','ACT',0,1,0,0,2),(501,624,25,'19/11/2017','ACT',0,1,0,0,2),(502,133,31,'19/11/2017','ACT',1,0,0,0,2),(503,551,60,'19/11/2017','ACT',0,1,0,0,2),(504,129,24,'19/11/2017','ACT',0,1,0,0,2),(505,490,58,'19/11/2017','ACT',0,1,0,0,2),(506,1506,60,'19/11/2017','ACT',0,1,0,0,2),(507,91,35,'19/11/2017','ACT',0,1,0,0,2),(508,591,24,'19/11/2017','ACT',2,0,0,0,2),(509,1448,31,'19/11/2017','ACT',1,0,0,0,2),(510,91,35,'19/11/2017','ACT',0,1,0,0,2),(511,567,100,'19/11/2017','ACT',0,1,0,0,2),(512,1593,49,'19/11/2017','ACT',0,1,0,0,2),(513,937,50,'19/11/2017','ACT',0,1,0,0,2),(514,0,0,'19/11/2017','ACT',0,0,0,1,2),(515,1305,50,'19/11/2017','ACT',1,0,0,0,2),(516,1517,49,'19/11/2017','ACT',1,0,0,0,2),(517,1533,49,'19/11/2017','ACT',1,0,0,0,2),(518,0,0,'19/11/2017','ACT',0,0,0,1,2),(519,894,38,'18/11/2017','ACT',1,0,0,0,2),(520,473,59,'18/11/2017','ACT',1,0,0,0,2),(521,1613,100,'25/11/2017','ACT',0,2,0,0,2),(522,191,20,'25/11/2017','ACT',0,1,0,0,2),(523,1594,36,'25/11/2017','ACT',1,0,0,0,2),(524,624,25,'25/11/2017','ACT',1,0,0,0,2),(525,269,25,'25/11/2017','ACT',0,1,0,0,2),(526,1573,50,'25/11/2017','ACT',1,0,0,0,2),(527,1690,110,'25/11/2017','ACT',1,0,0,0,2),(528,1682,110,'25/11/2017','ACT',1,0,0,0,2),(529,1616,55,'25/11/2017','ACT',0,1,0,0,2),(530,898,38,'25/11/2017','ACT',1,0,0,0,2),(531,200,20,'3/12/2017','ACT',1,0,0,0,2),(532,933,50,'3/12/2017','ACT',0,1,0,0,2),(533,0,0,'3/12/2017','ACT',0,0,0,1,2),(534,144,29,'3/12/2017','ACT',0,1,0,0,2),(535,105,23,'3/12/2017','ACT',1,0,0,0,2),(536,104,23,'3/12/2017','ACT',0,1,0,0,2),(537,527,25,'3/12/2017','ACT',0,1,0,0,2),(538,460,100,'3/12/2017','ACT',0,1,0,0,2),(539,1618,100,'3/12/2017','ACT',0,1,0,0,2),(540,567,100,'3/12/2017','ACT',2,0,0,0,2),(541,91,35,'2/12/2017','ACT',0,1,0,0,2),(542,76,35,'2/12/2017','ACT',1,0,0,0,2),(543,1567,96,'2/12/2017','ACT',0,1,0,0,2),(544,461,100,'17-12-17','ACT',0,1,0,0,2),(545,439,19,'17-12-17','ACT',0,1,0,0,2),(546,130,24,'17-12-17','ACT',1,0,0,0,2),(547,1683,50,'17-12-17','ACT',1,0,0,0,2),(548,651,36,'16-12-17','ACT',1,0,0,0,2),(549,1235,69,'16-12-17','ACT',1,0,0,0,2),(550,0,0,'16-12-17','ACT',0,0,0,2,2),(551,106,23,'16-12-17','ACT',2,0,0,0,2),(552,225,32,'16-12-17','ACT',2,0,0,0,2),(553,1085,45,'16-12-17','ACT',0,1,0,0,2),(554,1671,110,'16-12-17','ACT',1,0,0,0,2),(555,958,59,'24/12/17','ACT',0,1,0,0,2),(556,0,0,'24/12/17','ACT',0,0,0,1,2),(557,1567,96,'24/12/17','ACT',0,1,0,0,2),(558,579,46,'24/12/17','ACT',1,0,0,0,2),(559,972,50,'24/12/17','ACT',1,0,0,0,2),(560,558,52,'24/12/17','ACT',1,0,0,0,2),(561,558,52,'24/12/17','ACT',0,0,1,0,2),(562,1496,52,'24/12/17','ACT',0,0,1,0,2),(563,1253,16,'14/01/18','ACT',1,0,0,0,2),(564,554,60,'14/01/18','ACT',1,0,0,0,2),(565,1581,31,'14/01/18','ACT',0,1,0,0,2),(566,1620,17,'14/01/18','ACT',2,0,0,0,2),(567,232,17,'14/01/18','ACT',0,1,0,0,2),(568,1508,106,'14/01/18','ACT',0,1,0,0,2),(569,1634,45,'14/01/18','ACT',0,1,0,0,2),(570,1636,34,'14/01/18','ACT',1,0,0,0,2),(571,1594,36,'13/01/18','ACT',1,0,0,0,2),(572,624,25,'13/01/18','ACT',0,1,0,0,2),(573,1148,19,'13/01/18','ACT',1,0,0,0,2),(574,1680,110,'13/01/18','ACT',0,1,0,0,2),(575,490,58,'27/1/18','ACT',0,1,0,0,2),(576,0,0,'28/1/18','ACT',0,0,0,1,2),(577,473,59,'28/1/18','ACT',1,0,0,0,2),(578,77,35,'28/1/18','ACT',1,0,0,0,2),(579,1558,35,'28/1/18','ACT',1,0,0,0,2),(580,1558,35,'28/1/18','ACT',0,0,1,0,2),(581,1038,51,'27/01/18','ACT',2,0,0,0,2),(582,1038,51,'27/01/18','ACT',0,0,1,0,2),(583,1698,75,'30/1/18','ACT',1,0,0,0,2),(584,350,42,'30/1/18','ACT',1,0,0,0,2),(585,350,42,'30/1/18','ACT',0,0,1,0,2),(586,398,39,'25/01/18','ACT',0,1,0,0,2),(587,1715,50,'04/02/18','ACT',1,0,0,0,2),(588,0,0,'04/02/18','ACT',0,0,0,1,2),(589,146,29,'04/02/18','ACT',0,1,0,0,2),(590,932,50,'04/02/18','ACT',0,1,0,0,2),(591,1576,50,'04/02/18','ACT',0,1,0,0,2),(592,231,17,'21/1/18','ACT',0,1,0,0,2),(593,1398,96,'21/1/18','ACT',1,0,0,0,2),(594,1396,96,'21/1/18','ACT',1,0,0,0,2),(595,232,17,'21/1/18','ACT',0,1,0,0,2),(596,461,100,'21/1/18','ACT',0,1,0,0,2),(597,1508,106,'21/1/18','ACT',1,0,0,0,2),(598,1439,55,'21/1/18','ACT',1,0,0,0,2),(599,1305,50,'21/1/18','ACT',1,0,0,0,2),(600,931,50,'21/1/18','ACT',0,1,0,0,2),(601,1623,60,'21/1/18','ACT',0,1,0,0,2),(602,1713,19,'21/1/18','ACT',1,0,0,0,2),(603,1305,50,'21/1/18','ACT',1,0,0,0,2),(604,1305,50,'21/1/18','ACT',0,0,1,0,2),(605,0,0,'20/1/18','ACT',0,0,0,1,2),(606,1503,52,'20/1/18','ACT',1,0,0,0,2),(607,191,20,'20/1/18','ACT',0,0,1,0,2),(608,1577,58,'20/1/18','ACT',0,0,1,0,2),(609,490,58,'20/1/18','ACT',0,1,0,0,2),(610,269,25,'20/1/18','ACT',0,1,0,0,2),(611,1385,91,'20/1/18','ACT',0,1,0,0,2),(612,1599,91,'20/1/18','ACT',1,0,0,0,2),(613,1620,17,'04/02/18','ACT',0,1,0,0,2),(614,237,17,'04/02/18','ACT',1,0,0,0,2),(615,269,25,'04/02/18','ACT',0,1,0,0,2),(616,624,25,'04/02/18','ACT',1,0,0,0,2),(617,429,63,'16/01/18','ACT',0,1,0,0,2),(618,1212,32,'11/02/18','ACT',0,1,0,0,2),(619,520,34,'25/2/18','ACT',1,0,0,0,2),(620,1551,17,'25/2/18','ACT',1,0,0,0,2),(621,227,32,'25/2/18','ACT',1,0,0,0,2),(622,1712,19,'25/2/18','ACT',1,0,0,0,2),(623,190,49,'24/02/18','ACT',1,0,0,0,2),(624,1655,16,'24/02/18','ACT',1,0,0,0,2),(625,1282,33,'24/02/18','ACT',0,1,0,0,2),(626,641,33,'24/02/18','ACT',1,0,0,0,2),(627,0,0,'','ACT',0,0,0,0,2),(628,640,33,'24/02/18','ACT',1,0,0,0,2),(629,1632,20,'24/02/18','ACT',0,1,0,0,2),(630,901,38,'24/02/18','ACT',1,0,0,0,2),(631,920,69,'24/02/18','ACT',1,0,0,0,2),(632,0,0,'','ACT',0,0,0,0,2),(633,1681,109,'14/02/18','ACT',0,1,0,0,2),(634,0,0,'','ACT',0,0,0,0,2),(635,931,50,'25/02/18','ACT',0,1,0,0,2),(636,600,45,'25/02/18','ACT',1,0,0,0,2),(637,1715,50,'25/02/18','ACT',1,0,0,0,2),(638,165,16,'04-03-2018','ACT',0,1,0,0,2),(639,553,60,'04-03-2018','ACT',0,1,0,0,2),(640,113,23,'04-03-2018','ACT',0,1,0,0,2),(641,91,35,'04-03-2018','ACT',0,1,0,0,2),(642,91,35,'04-03-2018','ACT',0,0,1,0,2),(643,916,69,'04-03-2018','ACT',0,1,0,0,2),(644,1518,49,'3-3-18','ACT',1,0,0,0,2),(645,1699,50,'3-3-18','ACT',1,0,0,0,2),(646,931,50,'3-3-18','ACT',0,1,0,0,2),(647,1618,100,'3-3-18','ACT',0,1,0,0,2),(648,567,100,'3-3-18','ACT',0,1,0,0,2),(649,227,32,'3-3-18','ACT',0,1,0,0,2),(650,1676,110,'3-3-18','ACT',0,1,0,0,2),(651,461,100,'11/03/2018','ACT',0,1,0,0,2),(652,1068,19,'11/03/2018','ACT',1,0,0,0,2),(653,916,69,'10/03/2018','ACT',1,0,0,0,2),(654,0,0,'10/03/2018','ACT',0,0,0,1,2),(655,931,50,'10/03/2018','ACT',1,0,0,0,2),(656,931,50,'10/03/2018','ACT',0,1,0,0,2),(657,0,0,'10/03/2018','ACT',0,0,0,1,2),(658,165,16,'10/03/2018','ACT',1,0,0,0,2),(659,1636,34,'10/03/2018','ACT',0,1,0,0,2),(660,1704,34,'10/03/2018','ACT',0,1,0,0,2),(661,1599,91,'17/03/18','ACT',0,1,0,0,2),(662,1696,106,'17/03/18','ACT',1,0,0,0,2),(663,115,24,'17/03/18','ACT',0,1,0,0,2),(665,227,32,'18/03/18','ACT',0,1,0,0,2),(666,225,32,'18/03/18','ACT',1,0,0,0,2),(667,227,32,'18/03/18','ACT',0,0,1,0,2),(668,551,60,'18/03/18','ACT',1,0,0,0,2),(669,460,100,'18/03/18','ACT',0,1,0,0,2),(670,894,38,'18/03/18','ACT',1,0,0,0,2),(672,269,25,'18/03/18','ACT',0,1,0,0,2),(673,893,38,'18/03/18','ACT',0,1,0,0,2),(674,554,60,'18/03/18','ACT',1,0,0,0,2),(675,0,0,'18/03/18','ACT',0,0,0,1,2);
/*!40000 ALTER TABLE `esportivitat` ENABLE KEYS */;
UNLOCK TABLES;

--
-- Table structure for table `esportivitatEquip`
--

DROP TABLE IF EXISTS `esportivitatEquip`;
/*!40101 SET @saved_cs_client     = @@character_set_client */;
/*!40101 SET character_set_client = utf8 */;
CREATE TABLE `esportivitatEquip` (
  `idEsportivitatEquip` int(11) NOT NULL AUTO_INCREMENT,
  `idEquip` int(30) NOT NULL,
  `tecniques` int(30) DEFAULT NULL,
  `antiesportives` int(30) DEFAULT NULL,
  `descualificant` int(30) DEFAULT NULL,
  `idTemporada` int(30) NOT NULL,
  PRIMARY KEY (`idEsportivitatEquip`)
) ENGINE=InnoDB DEFAULT CHARSET=utf8 COLLATE=utf8_spanish2_ci;
/*!40101 SET character_set_client = @saved_cs_client */;

--
-- Dumping data for table `esportivitatEquip`
--

LOCK TABLES `esportivitatEquip` WRITE;
/*!40000 ALTER TABLE `esportivitatEquip` DISABLE KEYS */;
/*!40000 ALTER TABLE `esportivitatEquip` ENABLE KEYS */;
UNLOCK TABLES;

--
-- Table structure for table `jugador`
--

DROP TABLE IF EXISTS `jugador`;
/*!40101 SET @saved_cs_client     = @@character_set_client */;
/*!40101 SET character_set_client = utf8 */;
CREATE TABLE `jugador` (
  `idJugador` int(10) NOT NULL AUTO_INCREMENT,
  `nomJugador` varchar(50) NOT NULL,
  `cognomsJugador` varchar(75) NOT NULL,
  `dni` varchar(9) NOT NULL,
  `dataNeixament` varchar(10) NOT NULL,
  `poblacio` varchar(100) DEFAULT NULL,
  `email` varchar(50) DEFAULT NULL,
  `telefon` int(9) DEFAULT NULL,
  `dorsal` int(2) DEFAULT NULL,
  `isPrimerCapita` int(1) DEFAULT '0',
  `isSegonCapita` int(1) DEFAULT '0',
  `isEntrenador` int(1) NOT NULL DEFAULT '0',
  `foto` varchar(100) DEFAULT NULL,
  `dniAdj` varchar(100) DEFAULT NULL,
  `idEquip` int(10) DEFAULT NULL,
  `observacionsEsportivitat` text,
  `dataIntroduccio` datetime DEFAULT NULL,
  `actiu` varchar(3) NOT NULL DEFAULT 'ACT',
  PRIMARY KEY (`idJugador`),
  KEY `idEquip` (`idEquip`),
  CONSTRAINT `jugador_ibfk_1` FOREIGN KEY (`idEquip`) REFERENCES `equip` (`idEquip`)
) ENGINE=InnoDB AUTO_INCREMENT=1721 DEFAULT CHARSET=latin1;
/*!40101 SET character_set_client = @saved_cs_client */;

--
-- Dumping data for table `jugador`
--

LOCK TABLES `jugador` WRITE;
/*!40000 ALTER TABLE `jugador` DISABLE KEYS */;
INSERT INTO `jugador` VALUES (75,'Gerard','Cubillos Fuste','34765254H','06/05/1974','Sabadell','comedies@gmail.com',629734369,11,0,0,0,'public/equipos/images/17/foto/34765254H.jpg','public/equipos/images/17/dni/34765254H.jpg',25,NULL,'2017-09-20 18:08:56','ACT'),(76,'Carlos','Cuenca Perez','47161538S','27/09/1981','Sant quirze del valles','exael81@gmail.com',665980755,55,1,0,0,'public/equipos/images/35/foto/47161538S.jpg','public/equipos/images/35/dni/47161538S.jpg',35,NULL,'2017-09-14 12:57:41','ACT'),(77,'Feliu','Garcia Soler','44982724Z','17/05/1975','Castellar del valles','feliu@tmargalez.com',647950295,27,0,1,0,'public/equipos/images/35/foto/44982724Z.jpg','public/equipos/images/35/dni/44982724Z.jpg',35,NULL,'2017-09-14 12:57:41','ACT'),(78,'Ernesto','Miquel Rosco','79140533V','11/02/1969','Sabadell','',0,50,0,0,0,'public/equipos/images/35/foto/79140533V.jpg','public/equipos/images/35/dni/79140533V.jpg',23,NULL,'2017-09-15 15:57:46','ACT'),(79,'Xavi','Roda Scatti','46238579T','26/11/1973','Sabadell','',0,47,0,0,0,'public/equipos/images/35/foto/46238579T.jpg','public/equipos/images/35/dni/46238579T.jpg',35,NULL,'2017-09-14 12:57:41','ACT'),(80,'virginia','martin rodriguez','44680576A','23/01/1979','barbera del valles','virgibarbera1@hotmail.com',647102069,7,1,0,0,'public/equipos/images/21/foto/44680576A.jpg','public/equipos/images/21/dni/44680576A.jpg',21,NULL,'2016-09-14 00:15:16','DES'),(81,'Ana','gonzalez de la iglesia','43449067C','29/10/1980','badalona','anittawey@gmail.com',647723655,8,0,1,0,'public/equipos/images/21/foto/43449067C.jpg','public/equipos/images/21/dni/43449067C.jpg',21,NULL,'2016-09-14 00:15:16','DES'),(82,'Ana','Vicens Rodriguez','46229961F','04/06/1980','barcelona','',0,0,0,0,0,'public/equipos/images/21/foto/46229961F.jpg','public/equipos/images/21/dni/46229961F.jpg',21,NULL,'2016-09-14 00:15:16','DES'),(83,'Anna','Fumanal Sole','46962590V','16/04/1980','barcelona','',0,0,0,0,0,'public/equipos/images/21/foto/46962590V.jpg','public/equipos/images/21/dni/46962590V.jpg',21,NULL,'2016-09-14 00:15:16','DES'),(84,'Beatriz','Moreno Montana','43448371Z','17/05/1977','Barcelona','',0,0,0,0,0,'public/equipos/images/21/foto/43448371Z.jpg','public/equipos/images/21/dni/43448371Z.jpg',21,NULL,'2016-09-14 00:15:16','DES'),(85,'Gemma','Boronat Fernandez','46704053T','18/08/1978','Barcelona','',0,0,0,0,0,'public/equipos/images/21/foto/46704053T.jpg','public/equipos/images/21/dni/46704053T.jpg',21,NULL,'2016-09-14 00:15:16','DES'),(86,'Ingrid','Herrero de la Varga','77617857X','29/07/1984','vilassar de mar','',0,0,0,0,0,'public/equipos/images/21/foto/77617857X.jpg','public/equipos/images/21/dni/77617857X.jpg',21,NULL,'2016-09-14 00:15:16','DES'),(87,'Judith','Vinuela Compte','52463869H','01/05/1978','Barcelona','',0,0,0,0,0,'public/equipos/images/21/foto/52463869H.jpg','public/equipos/images/21/dni/52463869H.jpg',21,NULL,'2016-09-14 00:15:16','DES'),(88,'Zaida','Rojo Perez','46696754S','21/03/1977','Badalona','',0,0,0,0,0,'public/equipos/images/21/foto/46696754S.jpg','public/equipos/images/21/dni/46696754S.jpg',21,NULL,'2016-09-14 00:15:16','DES'),(89,'AnaMaria','Rojo Perez','44669677P','14/02/1979','Badalona','',0,0,0,0,0,'public/equipos/images/21/foto/44669677P.jpg','public/equipos/images/21/dni/44669677P.jpg',21,NULL,'2016-09-14 00:15:16','DES'),(91,'Jordi','Subirana i Velamazan','46970338Z','25/03/1981','Sabadell','',0,17,0,0,0,'public/equipos/images/35/foto/46970338Z.jpg','public/equipos/images/35/dni/46970338Z.jpg',35,'                             ','2017-09-14 12:57:41','ACT'),(92,'Edgar','del Pino Bernat','43456085T','27/08/1982','Sabadell','',0,32,0,0,0,'public/equipos/images/35/foto/43456085T.jpg','public/equipos/images/35/dni/43456085T.jpg',35,NULL,'2017-09-14 12:57:41','ACT'),(93,'Ricard','Garros Cano','34741273A','22/11/1972','Sabadell','',0,44,0,0,0,'public/equipos/images/36/foto/34741273A.jpg','public/equipos/images/36/dni/34741273A.jpg',36,NULL,'2017-09-14 12:57:41','ACT'),(94,'Oscar','Fraile Cuesta','38151866H','28/11/1975','Sabadell','',0,33,0,0,0,'public/equipos/images/35/foto/38151866H.jpg','public/equipos/images/35/dni/38151866H.jpg',35,NULL,'2016-09-14 00:15:16','DES'),(99,'DANIEL','CAÑADAS SALAS','34753887J','07/03/1977','Barcelona','daniel.canadas@vodafone.com',653179239,4,1,0,0,'public/equipos/images/34/foto/34753887J.jpg','public/equipos/images/34/dni/34753887J.jpg',34,NULL,'2017-09-22 13:18:59','ACT'),(102,'Dani','Lopez Arroyo','46945250L','10/07/1983','Sabadell','',0,9,0,0,0,'public/equipos/images/35/foto/46945250L.jpg','public/equipos/images/35/dni/46945250L.jpg',35,NULL,'2016-09-14 00:15:16','DES'),(103,'Joan','Garcia Espinal','79320213K','27/10/1981','Carvalho','',0,8,0,0,0,'public/equipos/images/35/foto/79320213K.jpg','public/equipos/images/35/dni/79320213K.jpg',35,NULL,'2016-09-14 00:15:16','DES'),(104,'XAVI','MORA ALDEGUER','34755191Y','17/01/1972','castellar del valles','xavimora@live.com',637435130,15,1,0,0,'public/equipos/images/23/foto/34755191Y.jpg','public/equipos/images/23/dni/34755191Y.jpg',23,NULL,'2017-09-15 15:57:46','ACT'),(105,'PERE','ARANDA GUZMAN','46225874Z','19/03/1967','FONTPINEDA','pedrogaran@orange.es',629307116,5,0,1,0,'public/equipos/images/23/foto/46225874Z.jpg','public/equipos/images/23/dni/46225874Z.jpg',23,NULL,'2017-09-15 15:57:46','ACT'),(106,'CHRISTIAN','MORENO GARCIA','77676423H','17/08/1982','CASTELLAR DEL VALLES','',0,3,0,0,0,'public/equipos/images/23/foto/77676423H.jpg','public/equipos/images/23/dni/77676423H.jpg',23,NULL,'2017-09-15 15:57:46','ACT'),(107,'MARC','SELLARES LACAMBRA','47164821D','12/01/1982','SANT FELIU DEL RACO','',0,8,0,0,0,'public/equipos/images/23/foto/47164821D.jpg','public/equipos/images/23/dni/47164821D.jpg',23,NULL,'2017-09-15 15:57:46','ACT'),(108,'SALVADOR','AVILES MEDINA','44997146S','06/01/1979','CASTELLAR DEL VALLES','',0,11,0,0,0,'public/equipos/images/23/foto/44997146S.jpg','public/equipos/images/23/dni/44997146S.jpg',23,NULL,'2017-09-15 15:57:46','ACT'),(109,'DIEGO','GONZALEZ ARRIAGA','44994233T','14/05/1977','CASTELLAR DEL VALLES','',0,13,0,0,0,'public/equipos/images/23/foto/44994233T.jpg','public/equipos/images/23/dni/44994233T.jpg',23,NULL,'2017-09-15 15:57:46','ACT'),(110,'RUBEN','YESTE FABREGAT','47786138G','23/02/1979','LA PALMA DE CERVELL0ˆ7','',0,23,0,0,0,'public/equipos/images/23/foto/47786138G.jpg','public/equipos/images/23/dni/47786138G.jpg',23,NULL,'2017-09-15 15:57:46','ACT'),(111,'JAUME','JUNI ALTAYO','47159758Y','22/05/1986','CASTELLAR DEL VALLES','',0,33,0,0,0,'public/equipos/images/23/foto/47159758Y.jpg','public/equipos/images/23/dni/47159758Y.jpg',23,NULL,'2016-09-14 00:15:16','DES'),(112,'DIDAC','MORA ALDEGUER','34765790W','18/10/1977','CASTELLDEFELS','',0,34,0,0,0,'public/equipos/images/23/foto/34765790W.jpg','public/equipos/images/23/dni/34765790W.jpg',23,NULL,'2017-09-15 15:57:46','ACT'),(113,'CARLOS','ARROYO ROJER','44980855R','05/11/1979','SABADELL','',0,35,0,0,0,'public/equipos/images/23/foto/44980855R.jpg','public/equipos/images/23/dni/44980855R.jpg',23,NULL,'2017-09-15 15:57:46','ACT'),(114,'XAVI','MOVILLA ROIG','44985855V','06/08/1980','BADIA DEL BALLES','',0,14,0,0,0,'public/equipos/images/23/foto/44985855V.jpg','public/equipos/images/23/dni/44985855V.jpg',23,NULL,'2017-09-15 15:57:46','ACT'),(115,'Ander','Arbide Nieto','49222129J','29/12/1995','Castellar del valles','anderarbide95@gmail.com',639448875,33,0,0,0,'public/equipos/images/24/foto/49222129J.jpg','public/equipos/images/24/dni/49222129J.jpg',24,NULL,'2017-09-27 14:24:26','ACT'),(116,'Aleix','Gonzalez Munoz','48271896W','11/08/1995','Sabadell','aleixetv11@gmail.com',646121623,15,0,0,0,'public/equipos/images/24/foto/48271896W.jpg','public/equipos/images/24/dni/48271896W.jpg',24,NULL,'2016-09-14 00:15:16','DES'),(117,'Eduard','Madaula Izquierdo','47177254E','26/09/1995','Sabadell','',0,3,0,0,0,'public/equipos/images/24/foto/47177254E.jpg','public/equipos/images/24/dni/47177254E.jpg',24,NULL,'2016-09-14 00:15:16','DES'),(127,'Manel','Candalija Morillas','53653098D','03/10/1993','Montcada i Reixac','',0,9,0,0,0,'public/equipos/images/24/foto/53653098D.jpg','public/equipos/images/24/dni/53653098D.jpg',24,NULL,'2016-09-14 00:15:16','DES'),(128,'Pol','Marcet Bove','47416548R','28/03/1995','Sabadell','',0,6,0,0,0,'public/equipos/images/24/foto/47416548R.jpg','public/equipos/images/24/dni/47416548R.jpg',24,NULL,'2016-09-14 00:15:16','DES'),(129,'Miquel','Albalate Abellan','48196375J','28/12/1995','Sabadell','',0,8,0,0,0,'public/equipos/images/24/foto/48196375J.jpg','public/equipos/images/24/dni/48196375J.jpg',24,NULL,'2017-09-27 14:24:26','ACT'),(130,'Emili','Salvador Aguilera','47180406T','17/04/1995','Sabadell','',0,66,0,0,0,'public/equipos/images/24/foto/47180406T.jpg','public/equipos/images/24/dni/47180406T.jpg',24,NULL,'2017-09-27 14:24:26','ACT'),(131,'Daniel','Escarabajal Hinojosa','53653557P','26/12/1993','Montcada i Reixac','',0,7,0,0,0,'public/equipos/images/24/foto/53653557P.jpg','public/equipos/images/24/dni/53653557P.jpg',24,NULL,'2017-09-27 14:24:26','DES'),(132,'Pol','Fernandez Aymami','49346995N','17/02/1995','Sabadell','poldezayma17@gmail.com',651735096,21,0,1,0,'public/equipos/images/24/foto/49346995N.jpg','public/equipos/images/24/dni/49346995N.jpg',24,NULL,'2017-09-27 14:24:26','ACT'),(133,'KEVIN','BUDIA LORENTE','47176193L','08/01/1987','SABADELL','kevin_sbd23@hotmail.com',617521586,4,1,0,0,'public/equipos/images/31/foto/47176193L.jpg','public/equipos/images/31/dni/47176193L.jpg',31,NULL,'2017-09-12 17:33:54','ACT'),(134,'IVAN','MANGAS SUAREZ','47167758W','17/01/1990','SABADELL','pectorales_pernilet@hotmail.com',600340636,12,0,0,0,'public/equipos/images/31/foto/47167758W.jpg','public/equipos/images/31/dni/47167758W.jpg',31,NULL,'2017-09-12 17:33:54','ACT'),(135,'LUIS','MARUGAN VALLVE','35101339G','11/04/1967','SABADELL','luismarug@hotmail.com',608996296,15,0,0,0,'public/equipos/images/31/foto/35101339G.jpg','public/equipos/images/31/dni/35101339G.jpg',31,NULL,'2016-09-14 00:15:16','DES'),(136,'PERE','PRIETO PUIGMARTI','47179397A','13/12/1990','SABADELL','',0,5,0,0,0,'public/equipos/images/31/foto/47179397A.jpg','public/equipos/images/31/dni/47179397A.jpg',31,NULL,'2016-09-14 00:15:16','DES'),(137,'MARCANDREU','DAVY BUISAC','47592815L','22/07/1993','BARCELONA','',0,11,0,0,0,'public/equipos/images/31/foto/47592815L.jpg','public/equipos/images/31/dni/47592815L.jpg',31,NULL,'2016-09-14 00:15:16','DES'),(138,'EDUARDO','CARRILLO CUTILLAS','77125019Q','19/07/1990','BARBERA DEL VALLES','',0,14,0,0,0,'public/equipos/images/31/foto/77125019Q.jpg','public/equipos/images/31/dni/77125019Q.jpg',31,NULL,'2016-09-14 00:15:16','DES'),(139,'XAVIER','SERRA VIDAL','53293762W','24/02/1993','VALLDOREIX','',0,23,0,0,0,'public/equipos/images/31/foto/53293762W.jpg','public/equipos/images/31/dni/53293762W.jpg',31,NULL,'2016-09-14 00:15:16','DES'),(140,'ALBERT','PEREZ ROIG','53298910K','30/06/1993','VALLDOREIX','',0,24,0,0,0,'public/equipos/images/31/foto/53298910K.jpg','public/equipos/images/31/dni/53298910K.jpg',31,NULL,'2016-09-14 00:15:16','DES'),(141,'GABRIEL','REYNAL BLANCH','53297181V','05/05/1993','SANT CUGAT','',0,34,0,0,0,'public/equipos/images/31/foto/53297181V.jpg','public/equipos/images/31/dni/53297181V.jpg',31,NULL,'2016-09-14 00:15:16','DES'),(142,'JAVIER','DEPRADO GARCIA','53297985Q','24/11/1993','SANT CUGAT','',0,44,0,0,0,'public/equipos/images/31/foto/53297985Q.jpg','public/equipos/images/31/dni/53297985Q.jpg',31,NULL,'2016-09-14 00:15:16','DES'),(143,'Sergio','Domingo Serrano','46141009L','15/02/1987','Sabadell','sergio.domingo10@gmail.com',665601908,0,0,0,0,'public/equipos/images/29/foto/46141009L.jpg','public/equipos/images/29/dni/46141009L.jpg',29,NULL,'2016-09-14 00:15:16','DES'),(144,'Albert','Munoz picon','44995897P','01/05/1981','Sabadell','albert.munoz@acteongroup.com',686443497,0,1,0,0,'public/equipos/images/29/foto/44995897P.jpg','public/equipos/images/29/dni/44995897P.jpg',29,NULL,'2017-09-12 17:27:56','ACT'),(145,'Jaume ','Prat ventura','44989585K','07/06/1982','','',0,0,0,0,0,'public/equipos/images/29/foto/44989585K.jpg','public/equipos/images/29/dni/44989585K.jpg',29,NULL,'2017-09-12 17:27:56','ACT'),(146,'Roger','Trapero bertran','43525789Z','08/08/1981','','ttrappi@hotmail.com',686605675,0,0,1,0,'public/equipos/images/29/foto/43525789Z.jpg','public/equipos/images/29/dni/43525789Z.jpg',29,NULL,'2017-09-12 17:27:56','ACT'),(147,'Isaac ','Guillem padros','47164855C','16/04/1982','','',0,0,0,0,0,'public/equipos/images/29/foto/47164855C.jpg','public/equipos/images/29/dni/47164855C.jpg',29,NULL,'2017-09-12 17:27:56','ACT'),(152,'Jordi','Fernandez triquell','47151365P','27/10/1982','','',0,0,0,0,0,'public/equipos/images/29/foto/47151365P.jpg','public/equipos/images/29/dni/47151365P.jpg',29,NULL,'2017-09-12 17:27:56','ACT'),(158,'Albert ','Perez andres','44998745G','04/01/1982','','',0,0,0,0,0,'public/equipos/images/29/foto/44998745G.jpg','public/equipos/images/29/dni/44998745G.jpg',29,NULL,'2016-09-14 00:15:16','DES'),(159,'Jose','Aguilar martinez','44989639Y','10/07/1982','','',0,0,0,0,0,'public/equipos/images/29/foto/44989639Y.jpg','public/equipos/images/29/dni/44989639Y.jpg',29,'               30/10/16 6/11/16       ','2017-09-12 17:27:56','ACT'),(160,'Oscar','Ventura moriscot','34765838G','21/07/1973','','',0,0,0,0,0,'public/equipos/images/29/foto/34765838G.jpg','public/equipos/images/29/dni/34765838G.jpg',29,NULL,'2018-01-09 11:22:22','ACT'),(161,'Josep ','Comas penalver','37747624R','11/07/1980','','',0,0,0,0,0,'public/equipos/images/29/foto/37747624R.jpg','public/equipos/images/29/dni/37747624R.jpg',29,NULL,'2017-09-12 17:27:56','ACT'),(163,'David','Moreno garcia','46720921D','25/09/1984','','',0,0,0,0,0,'public/equipos/images/29/foto/46720921D.jpg','public/equipos/images/29/dni/46720921D.jpg',29,NULL,'2016-09-14 00:15:16','DES'),(165,'Ruben','Postico Perez','34756952L','04/07/1976','Barbera','rpostico@hotmail.com',629300407,4,1,0,0,'public/equipos/images/16/foto/34756952L.jpg','public/equipos/images/16/dni/34756952L.jpg',16,NULL,'2017-09-13 15:45:56','ACT'),(166,'David','Sierra Fernandez','37387090S','13/05/1978','Sabadell','davevudu@gmail.com',630409229,7,0,1,0,'public/equipos/images/16/foto/37387090S.jpg','public/equipos/images/16/dni/37387090S.jpg',16,NULL,'2017-09-20 20:18:57','ACT'),(167,'Jordi','Masip Balart','47150298E','25/12/1983','Sabadell','jordimasipb@gmail.com',0,13,0,0,0,'public/equipos/images/16/foto/47150298E.jpg','public/equipos/images/16/dni/47150298E.jpg',35,NULL,'2016-09-14 00:15:16','ACT'),(168,'Guillem ','Burgos Bosch','44997030Z','24/05/1978','Sabadell','',0,0,0,0,0,'public/equipos/images/16/foto/44997030Z.jpg','public/equipos/images/16/dni/44997030Z.jpg',16,NULL,'2016-09-14 00:15:16','DES'),(169,'David','Hernandez Molina','44981690S','12/01/1976','Sabadell','',0,32,0,0,0,'public/equipos/images/16/foto/44981690S.jpg','public/equipos/images/16/dni/44981690S.jpg',16,'              2 tècniques el 19/11/2016 , sanció 1 partit        ','2017-09-22 14:53:31','DES'),(170,'Alexandre','Roque Salanova','52595018K','24/03/1977','Sant Cugat','',0,11,0,0,0,'public/equipos/images/16/foto/52595018K.jpg','public/equipos/images/16/dni/52595018K.jpg',16,NULL,'2017-09-13 15:45:56','ACT'),(171,'Victor','Gonzalez Garcia','44998092H','23/08/1978','Sabadell','',0,9,0,0,0,'public/equipos/images/16/foto/44998092H.jpg','public/equipos/images/16/dni/44998092H.jpg',16,NULL,'2017-09-18 13:53:47','ACT'),(172,'Jordi','Ibars Mendez','44985997K','23/05/1978','Sabadell','',0,6,0,0,0,'public/equipos/images/16/foto/44985997K.jpg','public/equipos/images/16/dni/44985997K.jpg',16,NULL,'2017-09-20 20:18:57','ACT'),(182,'MARC','BARBAL TORRONTEGUI','47162377A','11/12/1983','BARBERA DEL VALLES','mark.b.t.83@gmail.com',650550634,14,1,0,0,'public/equipos/images/49/foto/47162377A.jpg','public/equipos/images/49/dni/47162377A.jpg',49,NULL,'2017-09-17 20:28:55','ACT'),(183,'ALEJANDRO','PINO MATEO','47163897M','14/02/1984','SABADELL','alejandro.pino.mateo@gmail.com',661340928,13,0,0,0,'public/equipos/images/49/foto/47163897M.jpg','public/equipos/images/49/dni/47163897M.jpg',49,NULL,'2016-09-14 00:15:16','DES'),(184,'JUAN MANUEL','GARCIA OLMO','47152912Z','07/08/1979','BARBERA DEL VALLES','',0,6,0,1,0,'public/equipos/images/49/foto/47152912Z.jpg','public/equipos/images/49/dni/47152912Z.jpg',49,NULL,'2017-09-18 19:26:49','ACT'),(185,'DAVID','DOMINGUEZ AMADOR','34754246G','25/08/1984','BARBERA DEL VALLES','',0,55,0,0,0,'public/equipos/images/49/foto/34754246G.jpg','public/equipos/images/49/dni/34754246G.jpg',49,NULL,'2017-09-18 19:26:49','ACT'),(186,'SERGIO','RODRIGUEZ SANCHEZ','47155941F','26/08/1984','SABADELL','',0,18,0,0,0,'public/equipos/images/49/foto/47155941F.jpg','public/equipos/images/49/dni/47155941F.jpg',49,NULL,'2017-09-18 19:26:49','ACT'),(187,'MARC ','ROMANOS HURTADO','46940896N','08/06/1983','VILANOVA DEL VALLES','',0,9,0,0,0,'public/equipos/images/49/foto/46940896N.jpg','public/equipos/images/49/dni/46940896N.jpg',49,NULL,'2016-09-14 00:15:16','DES'),(188,'DAVID','GARCIA VINARDELL','34750198G','15/05/1977','BARBERA DEL VALLES','',0,23,0,0,0,'public/equipos/images/49/foto/34750198G.jpg','public/equipos/images/49/dni/34750198G.jpg',49,NULL,'2017-09-18 19:26:49','ACT'),(189,'NICO','VAN DEN VOGAERD','X3755363S','27/10/1979','CERDANYOLA DEL VALLES','',0,33,0,0,0,'public/equipos/images/49/foto/X3755363S.jpg','public/equipos/images/49/dni/X3755363S.jpg',49,NULL,'2016-09-14 00:15:16','DES'),(190,'JOSEP','MUNTAL AMADOR','34756941P','05/07/1979','SABADELL','',0,0,0,0,0,'public/equipos/images/49/foto/34756941P.jpg','public/equipos/images/49/dni/34756941P.jpg',49,NULL,'2017-09-18 19:26:49','ACT'),(191,'Sergi','Montiel Fontanet','44995069P','20/06/1978','Sant Quirze del Valles','sergmont23@hotmail.com',647445103,13,1,0,0,'public/equipos/images/20/foto/44995069P.jpg','public/equipos/images/20/dni/44995069P.jpg',20,NULL,'2017-09-22 00:23:13','ACT'),(192,'Josep','Codina Calonge','44995618M','14/03/1978','Terrassa','codyjosep@hotmail.com',692806020,6,0,1,0,'public/equipos/images/20/foto/44995618M.jpg','public/equipos/images/20/dni/44995618M.jpg',20,NULL,'2017-09-22 00:23:13','ACT'),(193,'Juan Francisco ','Navarro Gil','44982767B','07/11/1977','Sabadell','',0,3,0,0,0,'public/equipos/images/20/foto/44982767B.jpg','public/equipos/images/20/dni/44982767B.jpg',20,NULL,'2016-09-14 00:15:16','DES'),(194,'Carlos','Montiel Fontanet','44995070D','30/11/1979','Sant Quirze del Valles','',0,7,0,0,0,'public/equipos/images/20/foto/44995070D.jpg','public/equipos/images/20/dni/44995070D.jpg',20,'                      15/10/16  5/11/16','2017-09-22 00:23:13','ACT'),(195,'Manuel','Parcero Urrutia','44997895M','01/08/1978','Sabadell','',0,9,0,0,0,'public/equipos/images/20/foto/44997895M.jpg','public/equipos/images/20/dni/44997895M.jpg',20,NULL,'2017-09-22 00:23:14','ACT'),(196,'Jaime','Cerezo Berbel','44995476F','17/02/1978','sant Quirze del Valles','',0,10,0,0,0,'public/equipos/images/20/foto/44995476F.jpg','public/equipos/images/20/dni/44995476F.jpg',20,NULL,'2017-09-22 00:23:14','ACT'),(197,'Josep Maria','Ventura Soria','53027939J','19/11/1978','Parets del Valles','',0,15,0,0,0,'public/equipos/images/20/foto/53027939J.jpg','public/equipos/images/20/dni/53027939J.jpg',20,NULL,'2016-09-14 00:15:16','DES'),(198,'Juan Antonio','Murcia Sole','44994237G','04/02/1976','Sabadell','',0,33,0,0,0,'public/equipos/images/20/foto/44994237G.jpg','public/equipos/images/20/dni/44994237G.jpg',20,NULL,'2016-09-14 00:15:16','DES'),(199,'Juan Jose','Aso Simon','44990113C','20/06/1976','Parets del Valles','',0,41,0,0,0,'public/equipos/images/20/foto/44990113C.jpg','public/equipos/images/20/dni/44990113C.jpg',20,NULL,'2016-09-14 00:15:16','DES'),(200,'David','Garcia Diaz','43442240R','24/02/1978','Sabadell','',0,77,0,0,0,'public/equipos/images/20/foto/43442240R.jpg','public/equipos/images/20/dni/43442240R.jpg',20,'              22/10/16 22/10/16 tecnicas\r\n              15/10/16 5/11/16 antiesportives                              ','2017-09-22 00:23:14','ACT'),(201,'Manuel','Cano Moreno','44982044R','05/08/1978','Sabadell','',0,5,0,0,0,'public/equipos/images/16/foto/44982044R.jpg','public/equipos/images/16/dni/44982044R.jpg',16,NULL,'2017-09-13 15:45:56','ACT'),(202,'Carles','Grau Ribes','44998829L','01/12/1981','Sabadell','',0,0,0,0,0,'public/equipos/images/16/foto/44998829L.jpg','public/equipos/images/16/dni/44998829L.jpg',16,NULL,'2016-09-14 00:15:16','DES'),(203,'MARIA ','LLORDELLA PUIG','45467221Q','03/07/1971','TERRASSA','vilavet@googlegroups.com',937340827,15,0,1,0,'public/equipos/images/51/foto/45467221Q.jpg','public/equipos/images/51/dni/45467221Q.jpg',51,NULL,'2017-09-17 20:39:04','ACT'),(204,'SUSANNA','ZAMORA BARRA','45461404H','09/02/1970','TERRASSA','susanna@ingenia.info',660779944,8,0,0,0,'public/equipos/images/51/foto/45461404H.jpg','public/equipos/images/51/dni/45461404H.jpg',51,NULL,'2016-09-14 00:15:16','DES'),(205,'ANNA','RIBAS CASTELLET','45472153A','26/07/1972','TERRASSA','',0,9,0,0,0,'public/equipos/images/51/foto/45472153A.jpg','public/equipos/images/51/dni/45472153A.jpg',51,NULL,'2017-09-17 20:39:04','ACT'),(206,'PAT','BARDES LLORENSI','40984884B','07/02/1970','BARCELONA','',0,7,0,0,0,'public/equipos/images/51/foto/40984884B.jpg','public/equipos/images/51/dni/40984884B.jpg',51,NULL,'2017-09-17 20:39:04','ACT'),(207,'BEGONA ','RODRIGUEZ LEONARDO','45475110Q','24/03/1973','BADALONA','',0,24,0,0,0,'public/equipos/images/51/foto/45475110Q.jpg','public/equipos/images/51/dni/45475110Q.jpg',51,NULL,'2016-09-14 00:15:16','DES'),(208,'CONCHI','ROLDAN POLO','45474431G','08/10/1973','TERRASSA','',0,12,0,0,0,'public/equipos/images/51/foto/45474431G.jpg','public/equipos/images/51/dni/45474431G.jpg',51,NULL,'2016-09-14 00:15:16','DES'),(209,'ENCARNA','JANDULA MARTINEZ','39182535B','02/06/1976','TERRASSA','',0,19,0,0,0,'public/equipos/images/51/foto/39182535B.jpg','public/equipos/images/51/dni/39182535B.jpg',51,NULL,'2017-09-17 20:39:04','ACT'),(210,'CHE','PRIEGO REINADO','45491675K','28/03/1977','TERRASSA','',0,6,0,0,0,'public/equipos/images/51/foto/45491675K.jpg','public/equipos/images/51/dni/45491675K.jpg',51,NULL,'2017-09-17 20:39:04','ACT'),(211,'MARIA JOSE','FERNANDEZ EJARQUE','77632522R','26/03/1977','TERRASSA','',0,14,0,0,0,'public/equipos/images/51/foto/77632522R.jpg','public/equipos/images/51/dni/77632522R.jpg',51,NULL,'2017-09-17 20:39:04','ACT'),(212,'SUSANA','SANCHEZ SCHMIDT','45482619G','11/01/1978','TERRASSA','',0,0,0,0,0,'public/equipos/images/51/foto/45482619G.jpg','public/equipos/images/51/dni/45482619G.jpg',51,NULL,'2016-09-14 00:15:16','DES'),(213,'IMMA','TORRES COMPANY','45479498B','16/01/1976','TERRASSA','immatorres7@hotmail.com',658260049,33,1,0,0,'public/equipos/images/51/foto/45479498B.jpg','public/equipos/images/51/dni/45479498B.jpg',51,NULL,'2017-09-17 20:39:04','ACT'),(214,'Alexandre','Vinuela Corderas','77123128B','25/01/1985','Barbera del Valles','tormentokings@hotmail.es',626625099,11,1,0,0,'public/equipos/images/27/foto/77123128B.jpg','public/equipos/images/27/dni/77123128B.jpg',27,NULL,'2016-09-14 00:15:16','DES'),(215,'Manuel','Cajaraville Jimenez','77121602A','11/12/1986','Barbera del Valles','biby_3_rtnb@hotmail.com',608163341,0,0,1,0,'public/equipos/images/27/foto/77121602A.jpg','public/equipos/images/27/dni/77121602A.jpg',27,NULL,'2016-09-14 00:15:16','DES'),(216,'Alejandro ','Arredondo Olivera','Y0040690V','26/06/1990','Sabadell','',0,24,0,0,0,'public/equipos/images/27/foto/00040690V.jpg','public/equipos/images/27/dni/00040690V.jpg',34,NULL,'2017-09-22 13:18:59','ACT'),(217,'Marc ','Lopez Manzano','47172905C','28/12/1990','Sabadell','',0,7,0,0,0,'public/equipos/images/27/foto/47172905C.jpg','public/equipos/images/27/dni/47172905C.jpg',27,NULL,'2016-09-14 00:15:16','DES'),(218,'Guillermo Jose','Lopez Paredes','47173362V','04/07/1989','Barbera del Valles','',0,8,0,0,0,'public/equipos/images/27/foto/47173362V.jpg','public/equipos/images/27/dni/47173362V.jpg',27,NULL,'2016-09-14 00:15:16','DES'),(219,'Daniel ','Sanchez Diaz','77126244E','13/01/1992','Barbera del Valles','',0,9,0,0,0,'public/equipos/images/27/foto/77126244E.jpg','public/equipos/images/27/dni/77126244E.jpg',27,NULL,'2016-09-14 00:15:16','DES'),(220,'Marti','Arano Guell','47183627R','28/09/1990','Sabadell','',0,10,0,0,0,'public/equipos/images/27/foto/47183627R.jpg','public/equipos/images/27/dni/47183627R.jpg',27,NULL,'2016-09-14 00:15:16','DES'),(221,'Oriol ','Parellada Esteve','47172965B','08/06/1990','Sabadell','',0,13,0,0,0,'public/equipos/images/27/foto/47172965B.jpg','public/equipos/images/27/dni/47172965B.jpg',27,NULL,'2016-09-14 00:15:16','DES'),(222,'Albert','Ferran Valls','47156307M','12/01/1990','Sabadell','',0,15,0,0,0,'public/equipos/images/27/foto/47156307M.jpg','public/equipos/images/27/dni/47156307M.jpg',52,NULL,'2017-09-22 15:22:18','ACT'),(223,'Moises ','Navio Alos','46945029M','19/05/1988','Barbera del Valles','',0,19,0,0,0,'public/equipos/images/27/foto/46945029M.jpg','public/equipos/images/27/dni/46945029M.jpg',27,NULL,'2016-09-14 00:15:16','DES'),(224,'David','Gomez Campos','77120717S','26/05/1986','Barbera del Valles','',0,86,0,0,0,'public/equipos/images/27/foto/77120717S.jpg','public/equipos/images/27/dni/77120717S.jpg',27,NULL,'2016-09-14 00:15:16','DES'),(225,'Sergi','Vicente Domenech','47169643R','19/05/1989','Sabadell','sergi.vicente.domenech@gmail.com',653943452,3,1,0,0,'public/equipos/images/32/foto/47169643R.jpg','public/equipos/images/32/dni/47169643R.jpg',32,NULL,'2017-09-18 12:20:24','ACT'),(226,'Narcis','Vicente Domenech','47169642T','20/07/1993','Sabadell','narchivd@hotmail.com',647027147,96,0,1,0,'public/equipos/images/32/foto/47169642T.jpg','public/equipos/images/32/dni/47169642T.jpg',32,NULL,'2017-09-18 12:20:24','ACT'),(227,'Eloi','Bernabeu Canabate','47180306S','22/12/1992','Sabadell','',0,23,0,0,0,'public/equipos/images/32/foto/47180306S.jpg','public/equipos/images/32/dni/47180306S.jpg',32,NULL,'2017-09-18 12:20:24','ACT'),(228,'Sergi ','Martinez Miro','47182948N','01/05/1989','Sabadell','',0,14,0,0,0,'public/equipos/images/32/foto/47182948N.jpg','public/equipos/images/32/dni/47182948N.jpg',32,NULL,'2017-09-18 12:20:24','ACT'),(229,'Felip','Lopez Plante','46802789C','05/11/1979','Cerdanyola','a.casas@lasenor.com',699458378,23,1,0,0,'public/equipos/images/17/foto/46802789C.jpg','public/equipos/images/17/dni/46802789C.jpg',17,NULL,'2017-09-19 17:43:20','ACT'),(230,'Benjamin','Rodriguez Galiano','46801534F','26/08/1979','Cerdanyola','',0,4,0,0,0,'public/equipos/images/17/foto/46801534F.jpg','public/equipos/images/17/dni/46801534F.jpg',17,NULL,'2016-09-14 00:15:16','DES'),(231,'Antonio','Campo Anton','46803073M','31/01/1976','Terrassa','',0,9,0,0,0,'public/equipos/images/17/foto/46803073M.jpg','public/equipos/images/17/dni/46803073M.jpg',17,NULL,'2017-09-19 17:43:20','ACT'),(232,'Xavier','Pineda Cuesta','46647475W','08/05/1979','Cerdanyola','',0,15,0,0,0,'public/equipos/images/17/foto/46647475W.jpg','public/equipos/images/17/dni/46647475W.jpg',17,NULL,'2017-09-19 17:43:20','ACT'),(233,'David','Meseguer Andres','20434570J','08/12/1985','Cerdanyola','',0,55,0,0,0,'public/equipos/images/17/foto/20434570J.jpg','public/equipos/images/17/dni/20434570J.jpg',17,NULL,'2016-09-14 00:15:16','DES'),(234,'Xavier','Cliville Algora','46807964C','30/05/1981','Cerdanyola','',0,24,0,0,0,'public/equipos/images/17/foto/46807964C.jpg','public/equipos/images/17/dni/46807964C.jpg',17,NULL,'2016-09-14 00:15:16','DES'),(235,'Albert','Casas Guinart','52401011L','19/07/1972','Sta. Coloma Gramenet','',0,42,0,0,0,'public/equipos/images/17/foto/52401011L.jpg','public/equipos/images/17/dni/52401011L.jpg',17,NULL,'2016-09-14 00:15:16','DES'),(236,'Xavier','Gordo Gonzalez','46802811C','02/05/1979','Cerdanyola','',0,44,0,1,0,'public/equipos/images/17/foto/46802811C.jpg','public/equipos/images/17/dni/46802811C.jpg',17,NULL,'2017-09-19 17:43:20','ACT'),(237,'Ignacio','Lasuen Garcia','46807428J','02/04/1979','RubÃ­','',0,99,0,0,0,'public/equipos/images/17/foto/46807428J.jpg','public/equipos/images/17/dni/46807428J.jpg',17,NULL,'2017-09-19 17:43:20','ACT'),(238,'FranciscoJavier','Quesada de la Torre','52178211C','19/12/1971','JaÃ©n','',0,88,0,0,0,'public/equipos/images/17/foto/52178211C.jpg','public/equipos/images/17/dni/52178211C.jpg',17,NULL,'2016-09-14 00:15:16','DES'),(239,'Valentin','Gonzalez Coira','46807150B','05/04/1979','El Ferrol','',0,13,0,0,0,'public/equipos/images/17/foto/46807150B.jpg','public/equipos/images/17/dni/46807150B.jpg',17,NULL,'2016-09-14 00:15:16','DES'),(240,'Oscar','Gomez Teso','46801878Y','06/08/1976','Cerdanyola','',0,6,0,0,0,'public/equipos/images/17/foto/46801878Y.jpg','public/equipos/images/17/dni/46801878Y.jpg',17,NULL,'2017-09-19 17:43:20','ACT'),(241,'SILVIA','HERNANDEZ MANZANO','39169917C','26/04/1974','TERRASSA','shmbasket4@hotmail.com',606132727,4,1,0,1,'public/equipos/images/37/foto/39169917C.jpg','public/equipos/images/37/dni/39169917C.jpg',37,NULL,'2016-09-14 00:15:16','DES'),(242,'MAR','MARTINEZ PASSARELL','39169045E','27/03/1965','TERRASSA','maratletic@hotmail.com',639911584,17,0,1,0,'public/equipos/images/37/foto/39169045E.jpg','public/equipos/images/37/dni/39169045E.jpg',37,NULL,'2016-09-14 00:15:16','DES'),(243,'LAIA','BORREGO PLEGUEZUELOS','45649442P','09/06/1988','TERRASSA','',0,6,0,0,0,'public/equipos/images/37/foto/45649442P.jpg','public/equipos/images/37/dni/45649442P.jpg',37,NULL,'2016-09-14 00:15:16','DES'),(244,'MIREIA','GALLART AZARA','45641203A','07/10/1982','TERRASSA','',0,7,0,0,0,'public/equipos/images/37/foto/45641203A.jpg','public/equipos/images/37/dni/45641203A.jpg',37,NULL,'2016-09-14 00:15:16','DES'),(245,'FLOR','LAHUERTA SANCHEZ','39183365J','07/03/1968','TERRASSA','',0,8,0,0,0,'public/equipos/images/37/foto/39183365J.jpg','public/equipos/images/37/dni/39183365J.jpg',37,NULL,'2016-09-14 00:15:16','DES'),(246,'ALBA','RIBERA GRAELLS','45648139Q','03/01/1986','TERRASSA','',0,10,0,0,0,'public/equipos/images/37/foto/45648139Q.jpg','public/equipos/images/37/dni/45648139Q.jpg',37,NULL,'2016-09-14 00:15:16','DES'),(247,'ESTHER','MALGOSA MONTSERRAT','45466760S','13/01/1971','TERRASSA','',0,11,0,0,0,'public/equipos/images/37/foto/45466760S.jpg','public/equipos/images/37/dni/45466760S.jpg',37,NULL,'2016-09-14 00:15:16','DES'),(248,'CRISTINA','SANCHIZ NAVARRO','45477047K','07/11/1982','TERRASSA','',0,12,0,0,0,'public/equipos/images/37/foto/45477047K.jpg','public/equipos/images/37/dni/45477047K.jpg',37,NULL,'2016-09-14 00:15:16','DES'),(249,'CRISTINA','ESPINOSA MIRAVET','45471652P','09/07/1972','TERRASSA','',0,14,0,0,0,'public/equipos/images/37/foto/45471652P.jpg','public/equipos/images/37/dni/45471652P.jpg',37,NULL,'2016-09-14 00:15:16','DES'),(250,'PILI','ROVIRA NOVELLAS','45467685C','31/01/1971','TERRASSA','',0,23,0,0,0,'public/equipos/images/37/foto/45467685C.jpg','public/equipos/images/37/dni/45467685C.jpg',37,NULL,'2016-09-14 00:15:16','DES'),(251,'Ma CARMEN','MARTINEZ SANS','39174675V','11/12/1965','TERRASSA','',0,32,0,0,0,'public/equipos/images/37/foto/39174675V.jpg','public/equipos/images/37/dni/39174675V.jpg',37,NULL,'2016-09-14 00:15:16','DES'),(252,'LAIA','ACEITUNO SIERRA','45648667S','25/08/1992','TERRASSA','',0,0,0,0,0,'public/equipos/images/37/foto/45648667S.jpg','public/equipos/images/37/dni/45648667S.jpg',37,NULL,'2016-09-14 00:15:16','DES'),(253,'JULIA','LLUCH CIRERA','45638189W','21/08/1991','TERRASSA','',0,0,0,0,0,'public/equipos/images/37/foto/45638189W.jpg','public/equipos/images/37/dni/45638189W.jpg',37,NULL,'2016-09-14 00:15:16','DES'),(254,'PAULA','SOLIS GILABERT','46415808Z','06/11/1991','TERRASSA','',0,0,0,0,0,'public/equipos/images/37/foto/46415808Z.jpg','public/equipos/images/37/dni/46415808Z.jpg',37,NULL,'2016-09-14 00:15:16','DES'),(255,'SILVIA','BLANCH TOME','43140652N','09/09/1983','TERRASSA','',0,0,0,0,0,'public/equipos/images/37/foto/43140652N.jpg','public/equipos/images/37/dni/43140652N.jpg',37,NULL,'2016-09-14 00:15:16','DES'),(256,'LAIA','BALLBE AMBROS','45492692A','11/12/1982','MATADEPERA','',0,0,0,0,0,'public/equipos/images/37/foto/45492692A.jpg','public/equipos/images/37/dni/45492692A.jpg',37,NULL,'2016-09-14 00:15:16','DES'),(257,'MARIA','SANTANDREU CATAFAU','45470971V','27/09/1977','TERRASSA','',0,0,0,0,0,'public/equipos/images/37/foto/45470971V.jpg','public/equipos/images/37/dni/45470971V.jpg',37,NULL,'2016-09-14 00:15:16','DES'),(258,'NURIA','MOLINE COLOM','43698301A','19/10/1984','terrassa','nuriamoline1984@gmail.com',669023284,12,1,0,0,'public/equipos/images/18/foto/43698301A.jpg','public/equipos/images/18/dni/43698301A.jpg',18,NULL,'2017-09-18 20:24:58','ACT'),(259,'GEMMA','CUSCULLOLA PUJADAS','45882276J','04/10/1991','terrassa','cuscullola@hotmail.com',670856632,16,0,0,0,'public/equipos/images/18/foto/45882276J.jpg','public/equipos/images/18/dni/45882276J.jpg',18,NULL,'2016-09-14 00:15:16','DES'),(260,'SARA','MARIN BAENA','45934250F','25/06/1993','TERRASSA','smarinb6@gmail.com',616676226,7,0,0,0,'public/equipos/images/18/foto/45934250F.jpg','public/equipos/images/18/dni/45934250F.jpg',18,NULL,'2016-09-14 00:15:16','DES'),(261,'MARIA DEL MAR','LAGUNA ORTEGA','47786318C','21/11/1991','TERRASSA','',0,10,0,0,0,'public/equipos/images/18/foto/47786318C.jpg','public/equipos/images/18/dni/47786318C.jpg',18,NULL,'2016-09-14 00:15:16','DES'),(262,'MARLENY','FERNANDEZ CASTRO','X5522744Y','28/06/1986','BOLIVIA','',0,17,0,0,0,'public/equipos/images/18/foto/95522744Y.jpg','public/equipos/images/18/dni/95522744Y.jpg',18,NULL,'2016-09-14 00:15:16','DES'),(263,'EVELYN','RODRIGUEZ BERMUDEZ','38875283Q','27/10/1989','MATARO','',0,19,0,0,0,'public/equipos/images/18/foto/38875283Q.jpg','public/equipos/images/18/dni/38875283Q.jpg',18,NULL,'2016-09-14 00:15:16','DES'),(264,'SUSANA','VIRGIL CAJO','46604842B','10/08/1972','TERRASSA','',0,8,0,0,0,'public/equipos/images/18/foto/46604842B.jpg','public/equipos/images/18/dni/46604842B.jpg',18,NULL,'2017-09-18 20:24:58','ACT'),(265,'MARTA','VILANOVA CARDONA','46829304Q','10/03/1990','TERRASSA','',0,11,0,0,0,'public/equipos/images/18/foto/46829304Q.jpg','public/equipos/images/18/dni/46829304Q.jpg',18,NULL,'2016-09-14 00:15:16','DES'),(266,'AFRICA','RUNSO GUILERA','47745161J','23/07/1994','VILAFRANCA DEL PENEDES','',0,18,0,0,0,'public/equipos/images/18/foto/47745161J.jpg','public/equipos/images/18/dni/47745161J.jpg',18,NULL,'2016-09-14 00:15:16','DES'),(267,'Elisenda','Martinez Carbonell','44981317X','12/04/1983','sabadell','elisenda.martinez@gmail.com',663833019,0,0,0,0,'public/equipos/images/39/foto/44981317X.jpg','public/equipos/images/39/dni/44981317X.jpg',39,NULL,'2017-09-16 09:50:55','ACT'),(268,'Paola','Agoiz Gimenez','46803768X','17/06/1981','Badia del Valles','macoicaeresmas@hotmail.com',687576428,0,0,0,0,'public/equipos/images/39/foto/46803768X.jpg','public/equipos/images/39/dni/46803768X.jpg',39,NULL,'2017-09-16 09:50:55','ACT'),(269,'JOSEP','DUARRI PLA','34746866F','29/08/1975','Terrassa','josepduarri@hotmail.com',626763965,9,1,0,0,'public/equipos/images/25/foto/34746866F.jpg','public/equipos/images/25/dni/34746866F.jpg',25,NULL,'2017-09-20 18:08:56','ACT'),(270,'Vanesa','Rus Santos','44987818W','31/01/1986','sabadell','vane.rus.santos@gmail.com',658693173,0,0,0,0,'public/equipos/images/39/foto/44987818W.jpg','public/equipos/images/39/dni/44987818W.jpg',39,NULL,'2016-09-14 00:15:16','DES'),(271,'Sonia ','cabre rovira','47183241Y','04/06/1991','sabadell','',0,0,0,0,0,'public/equipos/images/39/foto/47183241Y.jpg','public/equipos/images/39/dni/47183241Y.jpg',39,NULL,'2016-09-14 00:15:16','DES'),(272,'Anna','Peris Iglesias','47152255R','23/01/1983','sabadell','annaperis23@hotmail.com',626510965,0,0,0,0,'public/equipos/images/39/foto/47152255R.jpg','public/equipos/images/39/dni/47152255R.jpg',39,NULL,'2017-09-16 09:44:39','ACT'),(273,'Maria ','Rafel Aliaga','47418299G','15/03/1991','sabadell','',0,0,0,0,0,'public/equipos/images/39/foto/47418299G.jpg','public/equipos/images/39/dni/47418299G.jpg',39,NULL,'2016-09-14 00:15:16','DES'),(274,'Estel','Cornet Llados','77676388Y','18/10/1986','sabadell','',0,0,0,0,0,'public/equipos/images/39/foto/77676388Y.jpg','public/equipos/images/39/dni/77676388Y.jpg',39,NULL,'2016-09-14 00:15:16','DES'),(275,'Patricia Marina','German Foz','46240077A','10/02/1975','sabadell','',0,0,0,0,0,'public/equipos/images/39/foto/46240077A.jpg','public/equipos/images/39/dni/46240077A.jpg',39,NULL,'2016-09-14 00:15:16','DES'),(277,'Alba','Marti Roca','47169261X','29/05/1986','castellar del valles','',0,0,0,1,0,'public/equipos/images/39/foto/47169261X.jpg','public/equipos/images/39/dni/47169261X.jpg',39,NULL,'2017-09-16 09:44:39','ACT'),(278,'Laura','Forrellat Gonzalez','44985503X','25/01/1976','sabadell','',0,0,0,0,0,'public/equipos/images/39/foto/44985503X.jpg','public/equipos/images/39/dni/44985503X.jpg',39,NULL,'2016-09-14 00:15:16','DES'),(309,'Albert','Blasi Gambus','47154353Y','31/03/1980','Sabadell','albert_blasi@hotmail.com',630407857,10,1,0,0,'public/equipos/images/46/foto/47154353Y.jpg','public/equipos/images/46/dni/47154353Y.jpg',46,NULL,'2017-09-21 23:25:03','ACT'),(310,'Oriol','Garcia Gomez','46644742Y','12/07/1976','Cerdanyola del valles','',0,5,0,0,0,'public/equipos/images/35/foto/46644742Y.jpg','public/equipos/images/35/dni/46644742Y.jpg',35,NULL,'2016-09-14 00:15:16','DES'),(311,'Juan','Garcia Cordoba','33887979D','29/10/1962','Sabadell','',0,7,0,0,0,'public/equipos/images/35/foto/33887979D.jpg','public/equipos/images/35/dni/33887979D.jpg',29,NULL,'2016-09-14 00:15:16','DES'),(313,'Eduard','Moreno Gabriel','46801651D','08/10/1983','Terrassa','edumorgab@hotmail.com',679366022,11,1,0,0,'public/equipos/images/22/foto/46801651D.jpg','public/equipos/images/22/dni/46801651D.jpg',22,NULL,'2016-09-14 00:15:16','DES'),(314,'Aleix','Casajuana Bosque','47159160Y','17/04/1982','Sabadell','aleix.casajuana@gmail.com',678442988,25,0,0,0,'public/equipos/images/48/foto/47159160Y.jpg','public/equipos/images/48/dni/47159160Y.jpg',100,NULL,'2017-09-20 09:37:45','ACT'),(315,'Pere ','Sobre Obradors ','47180486B','12/02/1989','Sabadell','',0,12,0,0,0,'public/equipos/images/32/foto/47180486B.jpg','public/equipos/images/32/dni/47180486B.jpg',32,NULL,'2017-09-18 12:20:24','ACT'),(316,'Adria ','Bernabeu Canabate','47180305Z','15/04/1989','Sabadell','',0,89,0,0,0,'public/equipos/images/32/foto/47180305Z.jpg','public/equipos/images/32/dni/47180305Z.jpg',32,NULL,'2017-09-18 12:20:24','ACT'),(317,'Miquel Angel','Moliner Gutierrez ','47179986V','20/12/1988','Sabadell','',0,6,0,0,0,'public/equipos/images/32/foto/47179986V.jpg','public/equipos/images/32/dni/47179986V.jpg',32,NULL,'2017-09-18 12:20:24','ACT'),(318,'David','Garcia Lopez','43511611G','12/02/1978','Sant Quirze del VallÃ¨s','david@si-sq.com',657829770,15,0,0,0,'public/equipos/images/48/foto/43511611G.jpg','public/equipos/images/48/dni/43511611G.jpg',100,NULL,'2017-09-20 15:07:24','ACT'),(319,'Cristina','Sociats Pomes','39105930L','25/12/1945','Terrassa','csociats@gmail.com',616224502,0,1,0,0,'public/equipos/images/28/foto/39105930L.jpg','public/equipos/images/28/dni/39105930L.jpg',28,NULL,'2017-09-19 15:34:55','ACT'),(320,'Montse','Tornero Aparicio','39159249R','20/02/1962','Terrassa','montsetor@hotmail.com',650448618,0,0,1,0,'public/equipos/images/28/foto/39159249R.jpg','public/equipos/images/28/dni/39159249R.jpg',28,NULL,'2017-09-19 15:34:55','ACT'),(321,'Joana','Pinol Salvador','39140036Q','29/08/1956','Terrassa','',0,0,0,0,0,'public/equipos/images/28/foto/39140036Q.jpg','public/equipos/images/28/dni/39140036Q.jpg',28,NULL,'2017-09-19 15:34:55','ACT'),(322,'Montse','Tobella Torne','39142751V','07/09/1957','Terrassa','',0,0,0,0,0,'public/equipos/images/28/foto/39142751V.jpg','public/equipos/images/28/dni/39142751V.jpg',28,NULL,'2017-09-19 15:34:55','ACT'),(324,'Dolors','Llonch Bonhora','39162301V','06/03/1962','Terrassa','',0,0,0,0,0,'public/equipos/images/28/foto/39162301V.jpg','public/equipos/images/28/dni/39162301V.jpg',28,NULL,'2017-09-19 15:34:55','ACT'),(325,'Anna','Puig Montada','39114884A','01/07/1949','Terrassa','',0,0,0,0,0,'public/equipos/images/28/foto/39114884A.jpg','public/equipos/images/28/dni/39114884A.jpg',28,NULL,'2017-09-19 15:34:55','ACT'),(326,'Monica','Lachica Bravo','45487948C','24/08/1976','Terrassa','',0,0,0,0,0,'public/equipos/images/28/foto/45487948C.jpg','public/equipos/images/28/dni/45487948C.jpg',28,NULL,'2017-09-19 15:34:55','ACT'),(327,'Maria Jesus','Arranz Calderon','42997529H','01/07/1960','Terrassa','',0,0,0,0,0,'public/equipos/images/28/foto/42997529H.jpg','public/equipos/images/28/dni/42997529H.jpg',28,NULL,'2017-11-09 09:33:16','ACT'),(328,'Genoveva','Mellado Amello','39146619K','01/10/1958','Terrassa','',0,0,0,0,0,'public/equipos/images/28/foto/39146619K.jpg','public/equipos/images/28/dni/39146619K.jpg',28,NULL,'2016-09-14 00:15:16','DES'),(349,'Vanessa ','Rojas Martinez','40996639J','26/01/1978','Cerdanyola del Valles','vanessa.rojasmartinez@gmail.com',616781597,0,1,0,0,'public/equipos/images/42/foto/40996639J.jpg','public/equipos/images/42/dni/40996639J.jpg',42,NULL,'2017-09-18 10:00:43','ACT'),(350,'Marta',' Riba Fernandez','46871642B','05/07/1986','Cerdanyola del Valles','marta_5786@hotmail.com',630566919,0,0,0,0,'public/equipos/images/42/foto/46871642B.jpg','public/equipos/images/42/dni/46871642B.jpg',42,NULL,'2017-12-20 14:22:13','ACT'),(351,'Laura',' Rodriguez Vela','47811526T','21/05/1986','Granollers','laura.rodri@hotmail.com',0,0,0,1,0,'public/equipos/images/42/foto/47811526T.jpg','public/equipos/images/42/dni/47811526T.jpg',42,NULL,'2017-09-18 10:00:43','ACT'),(352,'Monica',' Rubio Gomez 	','46801668A','21/01/1977','Cerdanyola del Valles','',0,0,0,0,0,'public/equipos/images/42/foto/46801668A.jpg','public/equipos/images/42/dni/46801668A.jpg',42,NULL,'2017-09-18 10:00:43','ACT'),(353,'Silvia ','Guerrero Mohedano','46803469X','15/01/1978','Cerdanyola del Valles','',0,0,0,0,0,'public/equipos/images/42/foto/46803469X.jpg','public/equipos/images/42/dni/46803469X.jpg',42,NULL,'2017-09-18 10:00:43','ACT'),(354,'Raquel ','Garcia Morata ','46803183T','10/01/1978','Cerdanyola del Valles','',0,0,0,0,0,'public/equipos/images/42/foto/46803183T.jpg','public/equipos/images/42/dni/46803183T.jpg',42,NULL,'2016-09-14 00:15:16','DES'),(355,'Marta ','Olle Gonzalez','43456048D','14/05/1982','Cerdanyola del Valles','',0,0,0,0,0,'public/equipos/images/42/foto/43456048D.jpg','public/equipos/images/42/dni/43456048D.jpg',42,NULL,'2016-09-14 00:15:16','DES'),(356,'Montserrat ','Prieto Malla','46941821V','25/11/1978','Ripollet','',0,0,0,0,0,'public/equipos/images/42/foto/46941821V.jpg','public/equipos/images/42/dni/46941821V.jpg',42,NULL,'2017-09-18 10:00:43','ACT'),(357,'Marc ','Nicolas','44994794D','23/05/1982','Sabadell','',0,9,0,0,0,'public/equipos/images/48/foto/44994794D.jpg','public/equipos/images/48/dni/44994794D.jpg',100,NULL,'2016-09-14 00:15:16','DES'),(358,'Aroa',' Yedra Galindo ','39941821L','09/10/1994','Santa Perpetu de la Mogoda','',0,0,0,0,0,'public/equipos/images/42/foto/39941821L.jpg','public/equipos/images/42/dni/39941821L.jpg',42,NULL,'2017-09-18 10:00:43','ACT'),(359,'Ma Isabel ','Simancas Genicio','46874302A','05/09/1988','Cerdanyola del Valles','',0,0,0,0,0,'public/equipos/images/42/foto/46874302A.jpg','public/equipos/images/42/dni/46874302A.jpg',42,NULL,'2017-09-18 10:00:43','ACT'),(360,'Rosa ','Bermejo Garcia','46648176J','25/03/1972','Cerdanyola del Valles','',0,0,0,0,0,'public/equipos/images/42/foto/46648176J.jpg','public/equipos/images/42/dni/46648176J.jpg',42,NULL,'2016-09-14 00:15:16','DES'),(361,'Xavier','Gutierrez Milla','46807578W','23/01/1982','Cerdanyola','bcnstyle@hotmail.com',657160321,6,0,1,0,'public/equipos/images/22/foto/46807578W.jpg','public/equipos/images/22/dni/46807578W.jpg',22,NULL,'2016-09-14 00:15:16','DES'),(362,'Sonia ','Morillo Rodriguez','46803730H','26/09/1978','Santa Perpetua de la Mogoda','',0,0,0,0,0,'public/equipos/images/42/foto/46803730H.jpg','public/equipos/images/42/dni/46803730H.jpg',42,NULL,'2017-09-18 10:00:43','ACT'),(363,'Maria','Ovejero Ramirez','46943072A','28/11/1980','Ripollet','',0,0,0,0,0,'public/equipos/images/42/foto/46943072A.jpg','public/equipos/images/42/dni/46943072A.jpg',42,NULL,'2017-09-18 10:00:43','ACT'),(374,'Anna ','Centellas Bergareche ','46808983G','28/11/1983','Cerdanyola del valles','',0,0,0,0,0,'public/equipos/images/42/foto/46808983G.jpg','public/equipos/images/42/dni/46808983G.jpg',42,NULL,'2016-09-14 00:15:16','DES'),(375,'Ana ','Simancas Genicio ','46805154Q','11/06/1977','Cerdanyola del valles','',0,0,0,0,0,'public/equipos/images/42/foto/46805154Q.jpg','public/equipos/images/42/dni/46805154Q.jpg',42,NULL,'2016-09-14 00:15:16','DES'),(376,'Xavier','Bosch Gargallo','33902011B','08/05/1967','Sabadell','xaviboga67@gmail.com',657492490,15,1,0,0,'public/equipos/images/58/foto/33902011B.jpg','public/equipos/images/58/dni/33902011B.jpg',58,NULL,'2017-09-12 22:49:18','ACT'),(377,'Marc','Medina Sanchez','47175295H','31/08/1997','Sabadell','marcmedina31@gmail.com',608492903,31,0,1,0,'public/equipos/images/58/foto/47175295H.jpg','public/equipos/images/58/dni/47175295H.jpg',58,NULL,'2017-09-12 22:49:18','ACT'),(378,'Javier','Gonzalo Ruiz','44980705L','13/08/1978','Sabadell','',0,0,0,0,0,'public/equipos/images/58/foto/44980705L.jpg','public/equipos/images/58/dni/44980705L.jpg',25,NULL,'2017-09-20 18:08:56','ACT'),(379,'Vanesa','Arjona Martinez','46704631A','07/08/1978','Caldes de Montbui','jonabdn@hotmail.com',654127427,0,1,0,0,'public/equipos/images/26/foto/46704631A.jpg','public/equipos/images/26/dni/46704631A.jpg',26,NULL,'2016-09-14 00:15:16','DES'),(380,'Miriam','Salvador Caminero','46678561S','10/08/1981','St Andreu de la Barca','miriamsalvadorcaminero@gmail.com',605443595,0,0,1,0,'public/equipos/images/26/foto/46678561S.jpg','public/equipos/images/26/dni/46678561S.jpg',26,NULL,'2016-09-14 00:15:16','DES'),(381,'Meritxell','Lamela Piqueras','53088611B','30/04/1980','Sta Coloma de Gramenet','',0,0,0,0,0,'public/equipos/images/26/foto/53088611B.jpg','public/equipos/images/26/dni/53088611B.jpg',26,NULL,'2016-09-14 00:15:16','DES'),(382,'Meritxell','Gallego Rocamora','43444250X','04/10/1979','Barcelona','',0,0,0,0,0,'public/equipos/images/26/foto/43444250X.jpg','public/equipos/images/26/dni/43444250X.jpg',26,NULL,'2016-09-14 00:15:16','DES'),(383,'Roser','Riba Cabus','46706545P','02/03/1981','Badalona','',0,0,0,0,0,'public/equipos/images/26/foto/46706545P.jpg','public/equipos/images/26/dni/46706545P.jpg',26,NULL,'2016-09-14 00:15:16','DES'),(384,'Sandra','Diez Rueda','47784498C','06/10/1981','Martorell','',0,0,0,0,0,'public/equipos/images/26/foto/47784498C.jpg','public/equipos/images/26/dni/47784498C.jpg',26,NULL,'2016-09-14 00:15:16','DES'),(385,'Meritxell','Palau Escrig','47796572L','15/07/1983','Martorell','',0,0,0,0,0,'public/equipos/images/26/foto/47796572L.jpg','public/equipos/images/26/dni/47796572L.jpg',26,NULL,'2016-09-14 00:15:16','DES'),(386,'Montserrat','Palau Escrig','47796573C','05/04/1982','Piera','',0,0,0,0,0,'public/equipos/images/26/foto/47796573C.jpg','public/equipos/images/26/dni/47796573C.jpg',26,NULL,'2016-09-14 00:15:16','DES'),(387,'Imma','Vidal Mas','77629270S','20/10/1981','Esparreguera','',0,0,0,0,0,'public/equipos/images/26/foto/77629270S.jpg','public/equipos/images/26/dni/77629270S.jpg',26,NULL,'2016-09-14 00:15:16','DES'),(388,'Elisenda','Moreno Anell','38136093T','08/02/1979','Parets del Valles','',0,0,0,0,0,'public/equipos/images/26/foto/38136093T.jpg','public/equipos/images/26/dni/38136093T.jpg',26,NULL,'2016-09-14 00:15:16','DES'),(389,'MARTA','FERNANDEZ GONZALEZ','34762956C','08/07/1975','BARBERÀ DEL VALLES','marta_vicenta@ges.es',600557944,0,0,0,0,'public/equipos/images/40/foto/34762956C.jpg','public/equipos/images/40/dni/34762956C.jpg',43,NULL,'2016-09-14 00:15:16','DES'),(390,'MIRIAM','DIEZ CASTRO','44419858G','10/04/1978','SANT QUIRZE DEL VALLES','miriam_dc@yahoo.es',616199551,11,0,1,0,'public/equipos/images/40/foto/44419858G.jpg','public/equipos/images/40/dni/44419858G.jpg',43,NULL,'2016-09-14 00:15:16','DES'),(391,'LEILA','DIEZ CASTRO','44419859M','11/06/1980','SANT QUIRZE DEL VALLES','leiladiezcastro@gmail.com',637113764,10,0,0,0,'public/equipos/images/40/foto/44419859M.jpg','public/equipos/images/40/dni/44419859M.jpg',43,NULL,'2016-09-14 00:15:16','DES'),(392,'IMMA','PRAT COLL','44982235P','31/01/1975','SABADELL','',0,9,0,0,0,'public/equipos/images/40/foto/44982235P.jpg','public/equipos/images/40/dni/44982235P.jpg',43,NULL,'2016-09-14 00:15:16','DES'),(394,'MAITE','FERNANDEZ LARA','34762470V','30/11/1974','TERRASSA','',0,5,0,0,0,'public/equipos/images/40/foto/34762470V.jpg','public/equipos/images/40/dni/34762470V.jpg',43,NULL,'2016-09-14 00:15:16','DES'),(395,'SONIA','GANDOY BUENDIA','34757945T','08/09/1973','SABADELL','',0,14,0,0,0,'public/equipos/images/40/foto/34757945T.jpg','public/equipos/images/40/dni/34757945T.jpg',43,NULL,'2016-09-14 00:15:16','DES'),(396,'CHUS','GONZALEZ MARQUINA','34759614J','17/02/1976','SABADELL','',0,0,0,0,0,'public/equipos/images/40/foto/34759614J.jpg','public/equipos/images/40/dni/34759614J.jpg',43,NULL,'2016-09-14 00:15:16','DES'),(397,'TRINI','JURADO SIERRA','34738425F','09/11/1970','SABADELL','',0,16,0,0,0,'public/equipos/images/40/foto/34738425F.jpg','public/equipos/images/40/dni/34738425F.jpg',43,NULL,'2016-09-14 00:15:16','DES'),(398,'Esther','Colldeforns Gracia','34763970E','26/03/1978','sabadell','natnat1978@hotmail.com',658787336,0,0,0,0,'public/equipos/images/39/foto/34763970E.jpg','public/equipos/images/39/dni/34763970E.jpg',39,NULL,'2017-09-16 10:04:18','ACT'),(399,'Maria Eulalia','Ros Majo','44992034D','04/08/1976','sabadell','',0,0,0,0,0,'public/equipos/images/39/foto/44992034D.jpg','public/equipos/images/39/dni/44992034D.jpg',39,NULL,'2017-09-16 09:57:34','ACT'),(400,'Jordi','Bracons Ros','47156209E','06/12/1980','Sabadell','jordibracons@gmail.com',649424536,12,0,0,0,'public/equipos/images/46/foto/47156209E.jpg','public/equipos/images/46/dni/47156209E.jpg',50,NULL,'2016-09-14 00:15:16','DES'),(401,'Pere','Sanroma Devesa','47183947E','20/11/1989','Sabadell','',0,8,0,0,0,'public/equipos/images/32/foto/47183947E.jpg','public/equipos/images/32/dni/47183947E.jpg',32,NULL,'2016-09-14 00:15:16','DES'),(402,'Laura','Ordonez Hidalgo','47639668K','28/04/1983','Llica d Amunt','',0,0,0,0,0,'public/equipos/images/39/foto/47639668K.jpg','public/equipos/images/39/dni/47639668K.jpg',39,NULL,'2016-09-14 00:15:16','DES'),(403,'Jordi','Mestre Tosquella','46808173E','26/10/1980','Cerdanyol','',0,7,0,0,0,'public/equipos/images/22/foto/46808173E.jpg','public/equipos/images/22/dni/46808173E.jpg',22,NULL,'2016-09-14 00:15:16','DES'),(404,'Joel','Laleona Gargallo','46403742T','06/05/1981','Sabadell','',0,0,0,0,0,'public/equipos/images/22/foto/46403742T.jpg','public/equipos/images/22/dni/46403742T.jpg',22,NULL,'2016-09-14 00:15:16','DES'),(405,'Albert','Gutierrez Milla','46807579A','24/09/1981','Cerdanyola','',0,15,0,0,0,'public/equipos/images/22/foto/46807579A.jpg','public/equipos/images/22/dni/46807579A.jpg',22,NULL,'2016-09-14 00:15:16','DES'),(406,'Francesc','Arbones Carmona','46942255Z','23/04/1979','Ripollet','',0,14,0,0,0,'public/equipos/images/22/foto/46942255Z.jpg','public/equipos/images/22/dni/46942255Z.jpg',22,NULL,'2016-09-14 00:15:16','DES'),(407,'Ernest','Aloy Callejas','46802640D','25/10/1980','Castellbisbal','',0,8,0,0,0,'public/equipos/images/22/foto/46802640D.jpg','public/equipos/images/22/dni/46802640D.jpg',22,NULL,'2016-09-14 00:15:16','DES'),(408,'Xavier','Obach Esteban','46807852T','26/04/1981','Sant Cugat del VallÃ¨s','',0,4,0,0,0,'public/equipos/images/22/foto/46807852T.jpg','public/equipos/images/22/dni/46807852T.jpg',22,NULL,'2016-09-14 00:15:16','DES'),(409,'Antonio','Garballo Hernandez','46647084W','05/02/1981','Sant Cugat del VallÃ¨s','',0,9,0,0,0,'public/equipos/images/22/foto/46647084W.jpg','public/equipos/images/22/dni/46647084W.jpg',22,NULL,'2016-09-14 00:15:16','DES'),(410,'Aleix','Gras Godoy','47157019G','28/09/1991','Sabadell','',0,1,0,0,0,'public/equipos/images/46/foto/47157019G.jpg','public/equipos/images/46/dni/47157019G.jpg',50,NULL,'2016-09-14 00:15:16','DES'),(411,'Josep','Blasi Gambus','47154354F','14/02/1983','Sabadell','',0,11,0,0,0,'public/equipos/images/46/foto/47154354F.jpg','public/equipos/images/46/dni/47154354F.jpg',50,NULL,'2016-09-14 00:15:16','DES'),(412,'EILA','NAVARRO IBANEZ','43451804C','31/12/1978','TERRASSA','',0,7,0,0,0,'public/equipos/images/40/foto/43451804C.jpg','public/equipos/images/40/dni/43451804C.jpg',43,NULL,'2016-09-14 00:15:16','DES'),(413,'XAVIER','LOPEZATALAYA ANDREU','34756209N','20/08/1976','SABADELL','',0,4,0,0,0,'public/equipos/images/46/foto/34756209N.jpg','public/equipos/images/46/dni/34756209N.jpg',46,NULL,'2018-01-16 18:31:48','ACT'),(414,'Josep','Cuadras Boy','44988479L','19/07/1977','Sabadell','',0,13,0,1,0,'public/equipos/images/46/foto/44988479L.jpg','public/equipos/images/46/dni/44988479L.jpg',46,NULL,'2017-09-21 23:25:03','ACT'),(415,'Sebastia','Navarro Pena','33903995V','24/04/1966','Sabadell','',0,5,0,0,0,'public/equipos/images/46/foto/33903995V.jpg','public/equipos/images/46/dni/33903995V.jpg',50,NULL,'2016-09-14 00:15:16','DES'),(416,'Josep','Gil Ingles','47167984K','06/07/1986','Sabadell','josep.gil86@gmail.com',687545623,5,1,0,0,'public/equipos/images/44/foto/47167984K.jpg','public/equipos/images/44/dni/47167984K.jpg',44,NULL,'2016-09-14 00:15:16','DES'),(417,'Albert','Olivella Matutes','47174308C','17/05/1986','Sabadell','olivellamatutes@gmail.com',656275431,15,0,1,0,'public/equipos/images/44/foto/47174308C.jpg','public/equipos/images/44/dni/47174308C.jpg',44,NULL,'2016-09-14 00:15:16','DES'),(418,'Joan','Bassa Famadas','35121266J','10/10/1968','Sabadell','',0,0,0,0,0,'public/equipos/images/44/foto/35121266J.jpg','public/equipos/images/44/dni/35121266J.jpg',44,NULL,'2016-09-14 00:15:16','DES'),(419,'Roger','Rubio Marciano','47166108P','07/05/1993','Sabadell','',0,0,0,0,0,'public/equipos/images/44/foto/47166108P.jpg','public/equipos/images/44/dni/47166108P.jpg',44,NULL,'2016-09-14 00:15:16','DES'),(420,'Marc','Juanmarti Vives','47154855W','20/01/1982','Sabadell','',0,9,0,0,0,'public/equipos/images/44/foto/47154855W.jpg','public/equipos/images/44/dni/47154855W.jpg',44,NULL,'2016-09-14 00:15:16','DES'),(421,'Roger','Penalva Falguera','47421923V','02/04/1993','Sabadell','',0,0,0,0,0,'public/equipos/images/44/foto/47421923V.jpg','public/equipos/images/44/dni/47421923V.jpg',44,NULL,'2016-09-14 00:15:16','DES'),(422,'Aran','Llaquet Bayo','47171248L','11/11/1986','Sabadell','',0,7,0,0,0,'public/equipos/images/44/foto/47171248L.jpg','public/equipos/images/44/dni/47171248L.jpg',44,NULL,'2016-09-14 00:15:16','DES'),(423,'Victor','Fuertes Alsinet','47168790E','20/02/1990','Sabadell','',0,0,0,0,0,'public/equipos/images/44/foto/47168790E.jpg','public/equipos/images/44/dni/47168790E.jpg',44,NULL,'2016-09-14 00:15:16','DES'),(424,'Arnau','Bordas Fornieles','47421868P','28/10/1992','Sabadell','',0,0,0,0,0,'public/equipos/images/44/foto/47421868P.jpg','public/equipos/images/44/dni/47421868P.jpg',44,NULL,'2016-09-14 00:15:16','DES'),(425,'Pol','Penalva Falgueras','41558291M','11/02/1990','Sabadell','',0,12,0,0,0,'public/equipos/images/44/foto/41558291M.jpg','public/equipos/images/44/dni/41558291M.jpg',29,NULL,'2017-09-14 11:21:08','ACT'),(426,'David','Llendrich Cruz','44992628M','25/09/1989','Sabadell','',0,6,0,0,0,'public/equipos/images/44/foto/44992628M.jpg','public/equipos/images/44/dni/44992628M.jpg',44,NULL,'2016-09-14 00:15:16','DES'),(427,'abraham','munoz hernandez','39722349S','18/05/1977','tarragona','',0,23,0,0,0,'public/equipos/images/48/foto/39722349S.jpg','public/equipos/images/48/dni/39722349S.jpg',100,NULL,'2017-09-20 09:38:13','ACT'),(428,'Enric','Sanchez Gibert','46942262K','16/05/1979','Cerdanyola','',0,13,0,0,0,'public/equipos/images/22/foto/46942262K.jpg','public/equipos/images/22/dni/46942262K.jpg',22,NULL,'2016-09-14 00:15:16','DES'),(429,'Aina','Guitart Solsona','45640874L','25/06/1986','Terrassa','ainaguitart@gmail.com',661171540,6,1,0,0,'public/equipos/images/63/foto/45640874L.jpg','public/equipos/images/63/dni/45640874L.jpg',63,NULL,'2017-09-22 18:44:49','ACT'),(430,'Lidia','Colom Ferrer','45637193H','10/08/1986','Terrassa','colom.lidia@gmail.com',650853536,78,0,0,0,'public/equipos/images/63/foto/45637193H.jpg','public/equipos/images/63/dni/45637193H.jpg',63,NULL,'2016-09-14 00:15:16','DES'),(431,'Sara','Calatayud Robert','45498842N','18/09/1986','Matadepera','',0,0,0,1,0,'public/equipos/images/63/foto/45498842N.jpg','public/equipos/images/63/dni/45498842N.jpg',63,NULL,'2017-09-22 18:44:49','ACT'),(432,'Nuria ','Catlla Vila','45463592K','25/07/1970','Terrassa','',0,11,0,0,0,'public/equipos/images/63/foto/45463592K.jpg','public/equipos/images/63/dni/45463592K.jpg',63,NULL,'2017-09-22 18:44:49','ACT'),(433,'Sergi','Herrerzuelo Sanchez','47176450T','16/07/1989','Sabadell','',0,2,0,0,0,'public/equipos/images/32/foto/47176450T.jpg','public/equipos/images/32/dni/47176450T.jpg',32,NULL,'2016-09-14 00:15:16','DES'),(435,'Beatriz ','Fernandez Hernandez','45884884E','01/10/1992','Terrassa','',0,0,0,0,0,'public/equipos/images/63/foto/45884884E.jpg','public/equipos/images/63/dni/45884884E.jpg',63,NULL,'2017-09-22 18:44:49','ACT'),(436,'Cristina','Marcelo Moros','45881171N','19/09/1989','Terrassa','',0,0,0,0,0,'public/equipos/images/63/foto/45881171N.jpg','public/equipos/images/63/dni/45881171N.jpg',63,NULL,'2016-09-14 00:15:16','DES'),(438,'MARC','MUDARRA MORILLAS','47782666M','19/11/1986','Rubi','marcmumo08191@gmail.com',616502647,3,0,0,0,'public/equipos/images/19/foto/47782666M.jpg','public/equipos/images/19/dni/47782666M.jpg',19,NULL,'2016-09-14 00:15:16','DES'),(439,'CRISTIAN','CARRENO BELLOT','46872554A','14/12/1986','CERDANYOLA DEL VALLES','carr14@hotmail.com',646568265,14,1,0,0,'public/equipos/images/19/foto/46872554A.jpg','public/equipos/images/19/dni/46872554A.jpg',19,NULL,'2017-09-13 21:14:51','ACT'),(440,'MARIO','GARCIA GARCIA','47877545D','13/03/1984','SANT CUGAT DEL VALLES','',0,91,0,0,0,'public/equipos/images/19/foto/47877545D.jpg','public/equipos/images/19/dni/47877545D.jpg',19,NULL,'2016-09-14 00:15:16','DES'),(441,'JOSE LUIS','CRESPO SOLA','46605695J','06/12/1971','RIPOLLET','',0,20,0,0,0,'public/equipos/images/19/foto/46605695J.jpg','public/equipos/images/19/dni/46605695J.jpg',19,NULL,'2017-09-13 21:14:51','ACT'),(442,'LUCAS','RUIZ PALACIO','47328884J','10/07/1985','SANT CUGAT DEL VALLES','',0,21,0,0,0,'public/equipos/images/19/foto/47328884J.jpg','public/equipos/images/19/dni/47328884J.jpg',19,NULL,'2017-09-13 21:14:51','ACT'),(443,'RODRIGO','MUCSI VERGES','47885751G','26/09/1983','BARCELONA','',0,69,0,0,0,'public/equipos/images/19/foto/47885751G.jpg','public/equipos/images/19/dni/47885751G.jpg',19,NULL,'2016-09-14 00:15:16','DES'),(444,'NGADI DAVID','GIL MALONGA','47705559V','25/10/1991','VILANOVA DEL CAMÃ','',0,10,0,0,0,'public/equipos/images/19/foto/47705559V.jpg','public/equipos/images/19/dni/47705559V.jpg',19,NULL,'2017-10-07 23:58:39','ACT'),(445,'FERNANDO','GARCIA SARRIBLE','47725863N','05/02/1984','CUBELLES','',0,29,0,0,0,'public/equipos/images/19/foto/47725863N.jpg','public/equipos/images/19/dni/47725863N.jpg',19,NULL,'2017-09-13 21:14:51','ACT'),(446,'Victor','Calle Guisado','34749853G','06/06/1976','Sabadell','victorcalle76@gmail.com',651737400,6,0,0,0,'public/equipos/images/58/foto/34749853G.jpg','public/equipos/images/58/dni/34749853G.jpg',25,'             15/10/16  30/10/16         ','2017-09-20 18:08:56','ACT'),(447,'Fermin','Martinez Banos','33899645Z','07/07/1969','Sabadell','',0,12,0,0,0,'public/equipos/images/58/foto/33899645Z.jpg','public/equipos/images/58/dni/33899645Z.jpg',58,NULL,'2017-09-12 22:49:18','ACT'),(448,'Amador','Perez Jimenez','46647970Z','21/07/1973','Badia del Valles','',0,20,0,0,0,'public/equipos/images/58/foto/46647970Z.jpg','public/equipos/images/58/dni/46647970Z.jpg',58,NULL,'2016-09-14 00:15:16','DES'),(449,'Manuel','Vega Munoz','33906449X','28/07/1968','Sabadell','',0,0,0,0,0,'public/equipos/images/58/foto/33906449X.jpg','public/equipos/images/58/dni/33906449X.jpg',58,NULL,'2016-09-14 00:15:16','DES'),(450,'Alfredo','Cadarso Busto','34756648Z','03/11/1973','Sabadell','',0,13,0,0,0,'public/equipos/images/58/foto/34756648Z.jpg','public/equipos/images/58/dni/34756648Z.jpg',25,NULL,'2017-09-20 18:08:56','ACT'),(451,'Gianluca','Basso','X2056101Q','30/06/1971','Sabadell','',0,0,0,0,0,'public/equipos/images/58/foto/X2056101Q.jpg','public/equipos/images/58/dni/X2056101Q.jpg',58,NULL,'2016-09-14 00:15:16','DES'),(452,'OLGA ','RODRIGUEZ LEONARDO','45479830K','14/05/1974','BARCELONA','',0,4,0,0,0,'public/equipos/images/51/foto/45479830K.jpg','public/equipos/images/51/dni/45479830K.jpg',51,NULL,'2016-09-14 00:15:16','DES'),(453,'Bernat','Tiana Campanera','47153401C','04/08/1979','Sabadell','bernat.Tiana@gmail.com',669752704,69,1,0,0,'public/equipos/images/59/foto/47153401C.jpg','public/equipos/images/59/dni/47153401C.jpg',59,NULL,'2017-09-22 01:03:11','ACT'),(454,'Victor Manuel','Vignau Agea','46944163J','25/12/1987','Ripollet','',0,0,0,0,0,'public/equipos/images/44/foto/46944163J.jpg','public/equipos/images/44/dni/46944163J.jpg',44,NULL,'2016-09-14 00:15:16','DES'),(455,'CARLES','ORIACH','34753622R','03/03/1975','SABADELL','riberacardus@gmail.com',615425856,4,0,1,0,'public/equipos/images/59/foto/34753622R.jpg','public/equipos/images/59/dni/34753622R.jpg',59,NULL,'2017-09-22 01:03:11','ACT'),(456,'CARLOS','ESCOBEDO','38109502C','03/04/1976','SABADELL','',0,0,0,0,0,'public/equipos/images/59/foto/38109502C.jpg','public/equipos/images/59/dni/38109502C.jpg',59,NULL,'2016-09-14 00:15:16','DES'),(457,'MIQUEL','BARCONS GRANE','44984189F','05/09/1975','SABADELL','',0,32,0,0,0,'public/equipos/images/59/foto/44984189F.jpg','public/equipos/images/59/dni/44984189F.jpg',59,NULL,'2017-09-22 01:03:11','ACT'),(458,'MARC','CASAGRAN DE LA CRUZ','44995773E','17/09/1979','SABADELL','',0,15,0,0,0,'public/equipos/images/59/foto/44995773E.jpg','public/equipos/images/59/dni/44995773E.jpg',59,NULL,'2016-09-14 00:15:16','DES'),(459,'Maria Del Carmen','Calvell Monturiol','35091777X','15/11/1965','Barcelona','',0,0,0,0,0,'public/equipos/images/28/foto/35091777X.jpg','public/equipos/images/28/dni/35091777X.jpg',28,NULL,'2017-09-19 15:34:55','ACT'),(460,'Xavi',' Basets Roca','44988276T','18/12/1982','Sabadell','',0,6,0,0,0,'public/equipos/images/48/foto/44988276T.jpg','public/equipos/images/48/dni/44988276T.jpg',100,NULL,'2017-09-19 22:09:21','ACT'),(461,'Xabier','Ruiz Padilla','47158507C','06/11/1982','Sabadell','',0,5,0,0,0,'public/equipos/images/48/foto/47158507C.jpg','public/equipos/images/48/dni/47158507C.jpg',100,NULL,'2017-09-20 09:25:20','ACT'),(462,'Monica','Gomez Civit','46964319K','04/11/1989','Terrassa','',0,0,0,0,0,'public/equipos/images/63/foto/46964319K.jpg','public/equipos/images/63/dni/46964319K.jpg',63,NULL,'2016-09-14 00:15:16','DES'),(463,'Rosa','Pla Llonch','45497748E','24/01/1990','Terrassa','',0,0,0,0,0,'public/equipos/images/63/foto/45497748E.jpg','public/equipos/images/63/dni/45497748E.jpg',63,NULL,'2016-09-14 00:15:16','DES'),(464,'Cristina','Perez Tomas','45881026M','20/04/1989','Terrassa','',0,0,0,0,0,'public/equipos/images/63/foto/45881026M.jpg','public/equipos/images/63/dni/45881026M.jpg',63,NULL,'2016-09-14 00:15:16','DES'),(465,'Marc','Guillo Vila','46801522H','30/11/1985','Cerdanyola del Vallès','marc8sarda@gmail.com',666434238,31,1,0,0,'public/equipos/images/56/foto/46801522H.jpg','public/equipos/images/56/dni/46801522H.jpg',56,NULL,'2016-09-14 00:15:16','DES'),(466,'David','Pena Sanchez','46809009F','31/08/1985','Cerdanyola del Vallès','dpsanchez31@gmail.com',605327041,15,0,1,0,'public/equipos/images/56/foto/46809009F.jpg','public/equipos/images/56/dni/46809009F.jpg',56,NULL,'2016-09-14 00:15:16','DES'),(467,'Kevin','Welton Rodriguez','47655406G','01/08/1987','Castellbisbal','',0,0,0,0,0,'public/equipos/images/56/foto/47655406G.jpg','public/equipos/images/56/dni/47655406G.jpg',56,NULL,'2016-09-14 00:15:16','DES'),(468,'Roger','Badia Garcia','46809242X','13/01/1985','Cerdanyola del Vallès','',0,13,0,0,0,'public/equipos/images/56/foto/46809242X.jpg','public/equipos/images/56/dni/46809242X.jpg',56,NULL,'2016-09-14 00:15:16','DES'),(469,'Marc','Vazquez Llopis','46946800M','03/04/1987','Ripollet','',0,5,0,0,0,'public/equipos/images/56/foto/46946800M.jpg','public/equipos/images/56/dni/46946800M.jpg',56,NULL,'2016-09-14 00:15:16','DES'),(470,'Maria Teresa','Tribaldos Cuerva','46596324A','27/11/1970','Matadepera','',0,15,0,0,0,'public/equipos/images/63/foto/46596324A.jpg','public/equipos/images/63/dni/46596324A.jpg',63,NULL,'2017-09-22 18:44:49','ACT'),(471,'Samuel','Lopez Rello','46943549C','12/11/1985','Ripollet','',0,10,0,0,0,'public/equipos/images/56/foto/46943549C.jpg','public/equipos/images/56/dni/46943549C.jpg',56,NULL,'2016-09-14 00:15:16','DES'),(472,'Marina','Bach Gomez','45492401B','11/02/1987','Terrassa','',0,18,0,0,0,'public/equipos/images/63/foto/45492401B.jpg','public/equipos/images/63/dni/45492401B.jpg',63,NULL,'2016-09-14 00:15:16','DES'),(473,'ROGER','DOMINGUEZ','47154644K','30/09/1980','SABADELL','rogerdargemi@gmail.com',661931069,0,0,0,0,'public/equipos/images/59/foto/47154644K.jpg','public/equipos/images/59/dni/47154644K.jpg',59,NULL,'2017-10-06 20:36:57','ACT'),(490,'Jose Luis','Pachecho Moyano','34742833E','22/08/1969','Sabadell','',0,22,0,0,0,'public/equipos/images/58/foto/34742833E.jpg','public/equipos/images/58/dni/34742833E.jpg',58,NULL,'2017-09-12 22:49:18','ACT'),(491,'Montse','Lleonart Bosch','33899801D','20/02/1967','Sabadell','mlleonart1@hotmail.com',671953587,5,1,0,0,'public/equipos/images/53/foto/33899801D.jpg','public/equipos/images/53/dni/33899801D.jpg',53,NULL,'2017-09-24 12:02:03','ACT'),(492,'Anna M','Medina Bombardo','33909602N','17/03/1967','Sabadell','graumedina@gmail.com',937100099,17,0,1,0,'public/equipos/images/53/foto/33909602N.jpg','public/equipos/images/53/dni/33909602N.jpg',53,NULL,'2016-09-14 00:15:16','DES'),(493,'Sonia','Mariscal Perez','34748568F','21/03/1973','Sant Quirze del Valles','',0,6,0,0,0,'public/equipos/images/53/foto/34748568F.jpg','public/equipos/images/53/dni/34748568F.jpg',53,NULL,'2016-09-14 00:15:16','DES'),(494,'Flora','Nicolas Cascales','34743134R','11/01/1971','Sabadell','',0,9,0,0,0,'public/equipos/images/53/foto/34743134R.jpg','public/equipos/images/53/dni/34743134R.jpg',53,NULL,'2016-09-14 00:15:16','DES'),(495,'Nuria','Vallhonrat Espasa','33909041S','12/07/1967','Sabadell','',0,11,0,0,0,'public/equipos/images/53/foto/33909041S.jpg','public/equipos/images/53/dni/33909041S.jpg',53,NULL,'2017-09-24 12:02:03','ACT'),(496,'Paqui','Nicolas Roman','34741076J','06/02/1969','Sabadell','',0,12,0,0,0,'public/equipos/images/53/foto/34741076J.jpg','public/equipos/images/53/dni/34741076J.jpg',53,NULL,'2017-09-24 12:02:03','ACT'),(497,'Eva','Gueto Chacon','52403763B','09/02/1973','Sabadell','',0,13,0,0,0,'public/equipos/images/53/foto/52403763B.jpg','public/equipos/images/53/dni/52403763B.jpg',53,NULL,'2017-09-24 12:02:03','ACT'),(498,'Nuria','Llavall Cases','78078478X','12/07/1968','Sant Quirze del Valles','',0,14,0,0,0,'public/equipos/images/53/foto/78078478X.jpg','public/equipos/images/53/dni/78078478X.jpg',53,NULL,'2016-09-14 00:15:16','DES'),(499,'Lola','Tavira Villar','44182480D','15/05/1974','Sant Quirze del Valles','',0,15,0,0,0,'public/equipos/images/53/foto/44182480D.jpg','public/equipos/images/53/dni/44182480D.jpg',53,NULL,'2016-09-14 00:15:16','DES'),(500,'Laura','Barnadas Aranda','35102296H','11/02/1967','Sant Cugat del Valles','',0,18,0,0,0,'public/equipos/images/53/foto/35102296H.jpg','public/equipos/images/53/dni/35102296H.jpg',53,NULL,'2017-09-24 12:02:03','ACT'),(501,'Sandra','Valles Castro','34758551P','21/12/1973','Sabadell','sandra.valles73@gmail.com',667891547,12,1,0,0,'public/equipos/images/66/foto/34758551P.jpg','public/equipos/images/66/dni/34758551P.jpg',66,NULL,'2017-09-22 19:39:35','ACT'),(502,'Cari','Lozano Fernandez','34759065Q','03/10/1973','Barberà del Vallès','cariloz@hotmail.com',649534228,18,0,0,0,'public/equipos/images/66/foto/34759065Q.jpg','public/equipos/images/66/dni/34759065Q.jpg',66,NULL,'2016-09-14 00:15:16','DES'),(503,'Asun','Martinez Prieto','46353074R','02/06/1975','Sant Just Desvern','',0,11,0,0,0,'public/equipos/images/66/foto/46353074R.jpg','public/equipos/images/66/dni/46353074R.jpg',66,NULL,'2017-09-22 19:39:35','ACT'),(504,'Monica ','Lopez Lorenzo','46647251P','06/12/1971','Barberà del Vallès','',0,7,0,0,0,'public/equipos/images/66/foto/46647251P.jpg','public/equipos/images/66/dni/46647251P.jpg',66,NULL,'2016-09-14 00:15:16','DES'),(505,'Carme','Domenech Berenguer','38831257N','08/05/1974','Sabadell','',0,5,0,0,0,'public/equipos/images/66/foto/38831257N.jpg','public/equipos/images/66/dni/38831257N.jpg',66,NULL,'2016-09-14 00:15:16','DES'),(506,'Veronica','Faura Cerrato','44998102M','24/02/1979','Barberà del Vallès','',0,0,0,0,0,'public/equipos/images/66/foto/44998102M.jpg','public/equipos/images/66/dni/44998102M.jpg',66,NULL,'2016-09-14 00:15:16','DES'),(507,'Irene','Herrera Rojas','34761031G','17/08/1973','Barberà del Vallès','',0,0,0,0,0,'public/equipos/images/66/foto/34761031G.jpg','public/equipos/images/66/dni/34761031G.jpg',66,NULL,'2016-09-14 00:15:16','DES'),(508,'Sonia','Sanz Tomas','38125885G','03/02/1972','Castellbisbal','',0,0,0,0,0,'public/equipos/images/66/foto/38125885G.jpg','public/equipos/images/66/dni/38125885G.jpg',66,NULL,'2017-09-22 19:39:35','ACT'),(509,'Mari Carmen','Romero Perez','45491699E','15/11/1981','Barberà del Vallès','',0,0,0,0,0,'public/equipos/images/66/foto/45491699E.jpg','public/equipos/images/66/dni/45491699E.jpg',66,NULL,'2017-09-22 19:39:35','ACT'),(510,'Gema','Robledillo Lindo','34754489V','05/03/1974','Barberà del Vallès','',0,0,0,0,0,'public/equipos/images/66/foto/34754489V.jpg','public/equipos/images/66/dni/34754489V.jpg',66,NULL,'2016-09-14 00:15:16','DES'),(511,'Silvia','Rueda Segura','46943221Z','05/08/1982','Barberà del Vallès','',0,0,0,0,0,'public/equipos/images/66/foto/46943221Z.jpg','public/equipos/images/66/dni/46943221Z.jpg',66,NULL,'2016-09-14 00:15:16','DES'),(512,'Ramon','Morell Balada','44985271P','13/09/1976','Sabadell','',0,0,0,0,0,'public/equipos/images/59/foto/44985271P.jpg','public/equipos/images/59/dni/44985271P.jpg',59,NULL,'2016-09-14 00:15:16','DES'),(513,'Francisco Javier ','Morillo Morales','44980289V','02/10/1976','Sabadell','tts_superyaga@hotmail.com',626146106,12,0,1,0,'public/equipos/images/34/foto/44980289V.jpg','public/equipos/images/34/dni/44980289V.jpg',34,NULL,'2017-09-22 13:18:59','ACT'),(514,'Javier','Canadas Salas','34753888J','24/03/1983','Sabadell','',0,5,0,0,0,'public/equipos/images/34/foto/34753888J.jpg','public/equipos/images/34/dni/34753888J.jpg',34,NULL,'2017-09-22 13:18:59','ACT'),(515,'Miguel Angel','Perez Guevara','33902305Y','23/02/1967','Sabadell','',0,8,0,0,0,'public/equipos/images/34/foto/33902305Y.jpg','public/equipos/images/34/dni/33902305Y.jpg',34,NULL,'2016-09-14 00:15:16','DES'),(516,'Samuel','Mateo Garrido','47162008W','10/10/1982','Terrassa','',0,9,0,0,0,'public/equipos/images/34/foto/47162008W.jpg','public/equipos/images/34/dni/47162008W.jpg',34,NULL,'2016-09-14 00:15:16','DES'),(517,'Javier','Martin Moya','44985492E','28/11/1983','Castellar del VallÃ©s','',0,11,0,0,0,'public/equipos/images/34/foto/44985492E.jpg','public/equipos/images/34/dni/44985492E.jpg',34,NULL,'2016-09-14 00:15:16','DES'),(518,'David','Barjie Ruiz','44991088Y','13/09/1976','Badalona','',0,13,0,0,0,'public/equipos/images/34/foto/44991088Y.jpg','public/equipos/images/34/dni/44991088Y.jpg',34,NULL,'2017-09-22 13:18:59','ACT'),(519,'Jose Luis','Baena Lopez Cozar','33905129R','05/02/1968','Sabadell','',0,14,0,0,0,'public/equipos/images/34/foto/33905129R.jpg','public/equipos/images/34/dni/33905129R.jpg',34,NULL,'2017-09-22 13:18:59','ACT'),(520,'Jaume','Hernandez Asencio','45484845E','25/07/1975','Ripollet','',0,16,0,0,0,'public/equipos/images/34/foto/45484845E.jpg','public/equipos/images/34/dni/45484845E.jpg',34,NULL,'2017-09-22 13:18:59','ACT'),(521,'Carlos','Carrasco Jurado','47162019J','16/07/1986','Castellar del VallÃ©s','',0,18,0,0,0,'public/equipos/images/34/foto/47162019J.jpg','public/equipos/images/34/dni/47162019J.jpg',34,NULL,'2016-09-14 00:15:16','DES'),(522,'Alberto','Hijano Morcillo','45647708E','22/12/1987','Terrassa','',0,25,0,0,0,'public/equipos/images/34/foto/45647708E.jpg','public/equipos/images/34/dni/45647708E.jpg',34,NULL,'2016-09-14 00:15:16','DES'),(523,'Jordi','Corominas Diaz','34758311K','25/06/1973','Castellar del Vallès','',0,75,0,0,0,'public/equipos/images/34/foto/34758311K.jpg','public/equipos/images/34/dni/34758311K.jpg',34,NULL,'2017-09-22 13:18:59','ACT'),(524,'JORDI','DUARRI PLA','34746868D','01/11/1977','SENTMENAT','jordidpl2002@hotmail.com',650526113,14,0,1,0,'public/equipos/images/25/foto/34746868D.jpg','public/equipos/images/25/dni/34746868D.jpg',25,NULL,'2017-09-20 18:08:56','ACT'),(525,'JUAN ANTONIO','LUNA LLORENT','47173398F','07/03/1987','SABADELL','',0,7,0,0,0,'public/equipos/images/25/foto/47173398F.jpg','public/equipos/images/25/dni/47173398F.jpg',25,NULL,'2016-11-09 14:55:17','DES'),(526,'OBED','MONTES LAINEZ','47154336N','04/06/1986','SABADELL','',0,15,0,0,0,'public/equipos/images/25/foto/47154336N.jpg','public/equipos/images/25/dni/47154336N.jpg',25,NULL,'2016-09-14 00:15:16','DES'),(527,'GERMAN','MANRIQUE GONZALEZ','44990229K','10/09/1976','CASTELLAR DEL VALLES','',0,4,0,0,0,'public/equipos/images/25/foto/44990229K.jpg','public/equipos/images/25/dni/44990229K.jpg',25,NULL,'2017-09-20 18:08:56','ACT'),(528,'OLIVER','ESCALONA RODRIGUEZ','53120002F','04/07/1977','SABADELL','',0,16,0,0,0,'public/equipos/images/25/foto/53120002F.jpg','public/equipos/images/25/dni/53120002F.jpg',25,NULL,'2017-09-20 18:08:56','ACT'),(529,'VICTOR EMMANUEL','CEDANO SANCHEZ','X5080253J','25/09/1988','SABADELL','',0,25,0,0,0,'public/equipos/images/25/foto/05080253J.jpg','public/equipos/images/25/dni/05080253J.jpg',57,NULL,'2017-09-13 09:41:59','ACT'),(530,'ROBERT','MONTIEL RUIZ','47168809H','06/03/1986','SABADELL','',0,12,0,0,0,'public/equipos/images/25/foto/47168809H.jpg','public/equipos/images/25/dni/47168809H.jpg',25,NULL,'2017-09-20 18:08:56','ACT'),(531,'MARIA MERCE','CATASUS VILAMOS','77119352F','28/04/1982','SABADELL','',0,4,0,0,0,'public/equipos/images/40/foto/77119352F.jpg','public/equipos/images/40/dni/77119352F.jpg',43,NULL,'2016-09-14 00:15:16','DES'),(532,'Carles','Escoda Domenech','44990882F','22/05/1982','Sabadell','',0,8,0,0,0,'public/equipos/images/48/foto/44990882F.jpg','public/equipos/images/48/dni/44990882F.jpg',100,NULL,'2016-09-14 00:15:16','DES'),(533,'MARCOS','OCHOA BARDET','53654146E','15/11/1991','SABADELL','marcos8ab@gmail.com',639311440,32,0,0,0,'public/equipos/images/57/foto/53654146E.jpg','public/equipos/images/57/dni/53654146E.jpg',57,NULL,'2017-09-13 09:41:59','ACT'),(534,'VICTOR ','MESA SALVANY','47156443A','06/07/1992','sant quirze del valles','victor_mesa_92@hotmail.com',646386683,17,1,0,0,'public/equipos/images/57/foto/47156443A.jpg','public/equipos/images/57/dni/47156443A.jpg',57,NULL,'2017-09-13 09:41:59','ACT'),(535,'KEVIN','MORENO ROMERO ','47415913X','31/03/1991','BARVERÃ€ DEL VALLES   ','',0,14,0,0,0,'public/equipos/images/57/foto/47415913X.jpg','public/equipos/images/57/dni/47415913X.jpg',57,NULL,'2017-09-13 09:41:59','ACT'),(536,'ROGER','COSTAJUSSA RODRIGUEZ','47418525T','21/10/1992','SABADELL','roger_inco@hotmail.com',649764706,7,0,1,0,'public/equipos/images/57/foto/47418525T.jpg','public/equipos/images/57/dni/47418525T.jpg',57,NULL,'2017-09-13 09:41:59','ACT'),(537,'JUAN CARLOS   ','IGLESIAS LOPEZ  ','34741804M','22/04/1971','SABADELL   ','',0,8,0,0,0,'public/equipos/images/57/foto/34741804M.jpg','public/equipos/images/57/dni/34741804M.jpg',57,NULL,'2016-09-14 00:15:16','DES'),(538,'JOSE','ZAPATA SANTOS','44987334R','30/03/1981','CASTELLAR DEL VALLES  ','',0,1,0,0,0,'public/equipos/images/57/foto/44987334R.jpg','public/equipos/images/57/dni/44987334R.jpg',57,NULL,'2017-09-13 09:41:59','ACT'),(539,'ALEXANDRE','GESTI GOMEZ  ','34747823K','09/02/1972','SABADELL  ','',0,20,0,0,0,'public/equipos/images/57/foto/34747823K.jpg','public/equipos/images/57/dni/34747823K.jpg',57,NULL,'2016-09-14 00:15:16','DES'),(540,'CHRISTIAN','MONTENEGRO GONZALEZ  ','34760436F','10/11/1981','SABADELL  ','',0,15,0,0,0,'public/equipos/images/57/foto/34760436F.jpg','public/equipos/images/57/dni/34760436F.jpg',57,NULL,'2017-09-13 09:41:59','ACT'),(541,'ALEJANDRO','RUIZ POYATO','47424647G','22/11/1993','SABADELL','',0,6,0,0,0,'public/equipos/images/57/foto/47424647G.jpg','public/equipos/images/57/dni/47424647G.jpg',57,NULL,'2017-09-13 09:41:59','ACT'),(542,'SERGIO','GARCIA RODRIGUEZ','47157343Y','31/07/1981','SABADELL','',0,19,0,0,0,'public/equipos/images/57/foto/47157343Y.jpg','public/equipos/images/57/dni/47157343Y.jpg',57,NULL,'2016-09-14 00:15:16','DES'),(543,'Daniel','Urbano Barbero','53290629C','07/02/1982','Sabadell','',0,34,0,0,0,'public/equipos/images/48/foto/53290629C.jpg','public/equipos/images/48/dni/53290629C.jpg',100,NULL,'2016-09-14 00:15:16','DES'),(544,'Joan','Carreras Trullas','47176923J','16/01/1993','sabadell','',0,9,0,0,0,'public/equipos/images/44/foto/47176923J.jpg','public/equipos/images/44/dni/47176923J.jpg',44,NULL,'2016-09-14 00:15:16','DES'),(545,'Roberto','Diaz Candela','44992924W','15/09/1975','Sabadell','',0,7,0,0,0,'public/equipos/images/46/foto/44992924W.jpg','public/equipos/images/46/dni/44992924W.jpg',50,NULL,'2016-09-14 00:15:16','DES'),(546,'Juli','Garcia ','44987678T','04/12/1982','Sabadell','',0,10,0,1,0,'public/equipos/images/48/foto/44987678T.jpg','public/equipos/images/48/dni/44987678T.jpg',100,NULL,'2017-09-20 09:38:13','ACT'),(547,'JOSEP','ROVIRA TOLOSA','43164801B','10/03/1987','PALMA DE MALLORCA','',0,7,0,0,0,'public/equipos/images/19/foto/43164801B.jpg','public/equipos/images/19/dni/43164801B.jpg',19,NULL,'2016-09-14 00:15:16','DES'),(548,'FRANCESC','LOPEZ LOPEZ','43456679L','05/04/1991','BARCELONA','',0,13,0,0,0,'public/equipos/images/19/foto/43456679L.jpg','public/equipos/images/19/dni/43456679L.jpg',19,NULL,'2017-09-13 21:14:51','ACT'),(549,'ALEX','FERRER FERNANDEZ','53291914V','08/10/1987','BARCELONA','',0,12,0,0,0,'public/equipos/images/19/foto/53291914V.jpg','public/equipos/images/19/dni/53291914V.jpg',19,NULL,'2016-09-14 00:15:16','DES'),(550,'JORDI','CULLELL I GRACIA','46801272K','17/11/1985','TERRASSA','kullell_krik@hotmail.com',653633862,14,1,0,0,'public/equipos/images/60/foto/46801272K.jpg','public/equipos/images/60/dni/46801272K.jpg',60,NULL,'2017-09-19 19:27:46','ACT'),(551,'DAVID ','BONAS ARTERO','47154748T','23/07/1981','SABADELL','DAVIDBONAS13@GMAIL.COM',654515952,13,0,0,0,'public/equipos/images/60/foto/47154748T.jpg','public/equipos/images/60/dni/47154748T.jpg',60,NULL,'2017-09-19 19:27:46','ACT'),(552,'DANIEL','MARTINEZ CASTRO','34753566Z','01/05/1981','RUBI','',0,17,0,1,0,'public/equipos/images/60/foto/34753566Z.jpg','public/equipos/images/60/dni/34753566Z.jpg',60,NULL,'2017-09-19 19:27:46','ACT'),(553,'BLAI','CABRERO I BOSCH','47161600P','18/03/1981','SABADELL','',0,21,0,0,0,'public/equipos/images/60/foto/47161600P.jpg','public/equipos/images/60/dni/47161600P.jpg',60,NULL,'2017-09-19 19:27:46','ACT'),(554,'JAVIER','MARTINEZ I LOPEZ','44981403G','27/02/1982','CASTELLAR','',0,11,0,0,0,'public/equipos/images/60/foto/44981403G.jpg','public/equipos/images/60/dni/44981403G.jpg',60,'                    15/10/16  23/10/16 6/11/16  ','2017-09-19 19:27:46','ACT'),(555,'PERE','FABRES I SEGALES','77615424S','26/03/1979','SABADELL','',0,10,0,0,0,'public/equipos/images/60/foto/77615424S.jpg','public/equipos/images/60/dni/77615424S.jpg',60,NULL,'2017-09-19 19:27:46','ACT'),(556,'SERGI','ESTEVE TURNE','47159818C','28/02/1983','SABADELL','',0,19,0,0,0,'public/equipos/images/60/foto/47159818C.jpg','public/equipos/images/60/dni/47159818C.jpg',60,NULL,'2016-09-14 00:15:16','DES'),(557,'POL','LLIGONA PEIDRO','47154503H','08/05/1981','BADALONA','',0,0,0,0,0,'public/equipos/images/60/foto/47154503H.jpg','public/equipos/images/60/dni/47154503H.jpg',60,NULL,'2016-09-14 00:15:16','DES'),(558,'Inaki','Portugal Valiente','47169363C','23/09/1988','Sabadell','iÃ±aki23@hotmail.es',620925307,99,1,0,0,'public/equipos/images/52/foto/47169363C.jpg','public/equipos/images/52/dni/47169363C.jpg',52,NULL,'2017-09-20 16:54:28','ACT'),(559,'Albert','Suades Sala','47164653W','27/10/1989','Castellar del Valles','illidan89@hotmail.com',660851639,10,0,1,0,'public/equipos/images/52/foto/47164653W.jpg','public/equipos/images/52/dni/47164653W.jpg',52,NULL,'2017-09-20 16:54:28','ACT'),(560,'Marc','Sanches Perdiguer','47154349W','07/07/1988','Sabadell','',0,32,0,0,0,'public/equipos/images/52/foto/47154349W.jpg','public/equipos/images/52/dni/47154349W.jpg',52,NULL,'2017-09-20 16:54:28','ACT'),(561,'Roger','Miranda Valls','47183848S','21/06/1991','Sabadell','',0,4,0,0,0,'public/equipos/images/52/foto/47183848S.jpg','public/equipos/images/52/dni/47183848S.jpg',52,NULL,'2017-09-20 16:54:28','ACT'),(562,'Juan Carlos','Viaplana Ramirez','47155270A','23/02/1988','Sabadell','',0,23,0,0,0,'public/equipos/images/52/foto/47155270A.jpg','public/equipos/images/52/dni/47155270A.jpg',52,NULL,'2016-09-14 00:15:16','DES'),(563,'Felipe','Subires Medina','47178409G','30/04/1989','Castellar del Valles','',0,15,0,0,0,'public/equipos/images/52/foto/47178409G.jpg','public/equipos/images/52/dni/47178409G.jpg',52,NULL,'2017-09-20 16:54:28','ACT'),(564,'Oscar','Grau Borrull','47168295X','27/08/1989','Castellar del Valles','',0,27,0,0,0,'public/equipos/images/52/foto/47168295X.jpg','public/equipos/images/52/dni/47168295X.jpg',52,NULL,'2017-09-20 16:54:28','ACT'),(565,'Oriol','Vila Sanchez','44995474E','22/08/1980','Sabadell','',0,11,0,0,0,'public/equipos/images/48/foto/44995474E.jpg','public/equipos/images/48/dni/44995474E.jpg',100,NULL,'2016-09-14 00:15:16','DES'),(567,'Pedro','Mur Salvador','46805586B','11/05/1977','Sant Cugat del VallÃ¨s','',0,44,0,0,0,'public/equipos/images/48/foto/46805586B.jpg','public/equipos/images/48/dni/46805586B.jpg',100,NULL,'2017-09-20 09:39:22','ACT'),(568,'IAN LAURANCE RICHARD','HAILEY','105697792','12/09/1984','SHREWSBURY','',0,0,0,0,0,'public/equipos/images/59/foto/105697792.jpg','public/equipos/images/59/dni/105697792.jpg',59,NULL,'2016-09-14 00:15:16','DES'),(569,'Rafael','Lopez Sucarrats','39185746W','08/07/1970','Terrassa','',0,0,0,0,0,'public/equipos/images/59/foto/39185746W.jpg','public/equipos/images/59/dni/39185746W.jpg',59,NULL,'2016-09-14 00:15:16','DES'),(570,'Bernat','Prieto','46733871X','16/11/1979','Barcelona','bernat_prieto@hotmail.com',0,12,1,0,0,'public/equipos/images/48/foto/46733871X.jpg','public/equipos/images/48/dni/46733871X.jpg',100,NULL,'2017-09-20 09:38:13','ACT'),(571,'JOSE MARIA','CAZORLA NIANGO','44991611T','05/09/1977','SABADELL','',0,23,0,0,0,'public/equipos/images/59/foto/44991611T.jpg','public/equipos/images/59/dni/44991611T.jpg',59,NULL,'2017-09-22 01:03:11','ACT'),(572,'FERRAN','MARTIN BERBOIS','47165824T','22/12/1988','SABADELL','',0,13,0,0,0,'public/equipos/images/25/foto/47165824T.jpg','public/equipos/images/25/dni/47165824T.jpg',32,NULL,'2017-09-18 12:20:24','ACT'),(574,'CESAR','MORALES SANCHEZ','44998773D','27/03/1984','SABADELL','',0,27,0,0,0,'public/equipos/images/25/foto/44998773D.jpg','public/equipos/images/25/dni/44998773D.jpg',25,NULL,'2017-09-20 18:08:56','ACT'),(575,'Alberto','Salas Dishmey','48267963W','24/11/1988','Castellar del Valles','',0,8,0,0,0,'public/equipos/images/52/foto/48267963W.jpg','public/equipos/images/52/dni/48267963W.jpg',52,NULL,'2017-09-20 16:54:28','ACT'),(576,'Xavier','Ros Majo','34754325Z','19/08/1972','Sabadell','',0,24,0,0,0,'public/equipos/images/46/foto/34754325Z.jpg','public/equipos/images/46/dni/34754325Z.jpg',50,NULL,'2016-09-14 00:15:16','DES'),(577,'Marc ','Mas i Bisbal','34760205y','10/03/1978','Sabadell','',0,15,0,0,0,'public/equipos/images/46/foto/34760205y.jpg','public/equipos/images/46/dni/34760205y.jpg',50,NULL,'2016-09-14 00:15:16','DES'),(578,'VICTOR GUILLEM ','PACHECO CANO   ','47175531R','21/09/1992','SABADELL','',0,13,0,0,0,'public/equipos/images/57/foto/47175531R.jpg','public/equipos/images/57/dni/47175531R.jpg',57,NULL,'2016-09-14 00:15:16','DES'),(579,'Diego','Gutierrez','07867264E','29/04/1976','Vilassar de Mar','',0,23,0,0,0,'public/equipos/images/46/foto/07867264E.jpg','public/equipos/images/46/dni/07867264E.jpg',46,NULL,'2017-09-21 23:25:03','ACT'),(580,'Alex','Mas Martinez','47154071T','25/09/1981','Sabadell','',0,8,0,0,0,'public/equipos/images/48/foto/47154071T.jpg','public/equipos/images/48/dni/47154071T.jpg',100,NULL,'2016-09-14 00:15:16','DES'),(581,'ELISABET','MEDINA MARTINEZ','47162550S','04/11/1982','SABADELL','lidia4jun06@hotmail.com',618318953,13,1,0,0,'public/equipos/images/43/foto/47162550S.jpg','public/equipos/images/43/dni/47162550S.jpg',43,NULL,'2016-09-14 00:15:16','DES'),(582,'LAURA','BUENO ALVAREZ','44981592D','10/03/1980','BARBERA DEL VALLES','laura_bu23@hotmail.com',677446365,8,0,0,0,'public/equipos/images/43/foto/44981592D.jpg','public/equipos/images/43/dni/44981592D.jpg',43,NULL,'2016-09-14 00:15:16','DES'),(583,'MIREIA','MORERA PROS','46872232A','09/01/1985','TERRASSA','',0,4,0,0,0,'public/equipos/images/43/foto/46872232A.jpg','public/equipos/images/43/dni/46872232A.jpg',43,NULL,'2016-09-14 00:15:16','DES'),(584,'RUTH','JUNCA CUENCA','44990816X','16/08/1979','SABADELL','',0,5,0,0,0,'public/equipos/images/43/foto/44990816X.jpg','public/equipos/images/43/dni/44990816X.jpg',43,NULL,'2016-09-14 00:15:16','DES'),(585,'MERITXELL','CAZORLA MESTRES','46874164A','27/06/1989','MONTCADA I REIXAC','',0,6,0,0,0,'public/equipos/images/43/foto/46874164A.jpg','public/equipos/images/43/dni/46874164A.jpg',43,NULL,'2016-09-14 00:15:16','DES'),(586,'ALBA','GARZON MANJON','47168984D','28/05/1987','BARBERA DEL VALLES','',0,10,0,0,0,'public/equipos/images/43/foto/47168984D.jpg','public/equipos/images/43/dni/47168984D.jpg',43,NULL,'2016-09-14 00:15:16','DES'),(587,'SANDRA ISABELLE','DA COSTA','Y0166012N','25/10/1985','SABADELL','',0,11,0,0,0,'public/equipos/images/43/foto/Y0166012N.jpg','public/equipos/images/43/dni/Y0166012N.jpg',43,NULL,'2016-09-14 00:15:16','DES'),(588,'PATRICIA','FERRIZ GALAN','44999463D','01/04/1982','SABADELL','',0,12,0,0,0,'public/equipos/images/43/foto/44999463D.jpg','public/equipos/images/43/dni/44999463D.jpg',43,NULL,'2016-09-14 00:15:16','DES'),(589,'sergi','bel pertegaz','47158880W','01/08/1980','sabadell','',0,14,0,0,0,'public/equipos/images/46/foto/47158880W.jpg','public/equipos/images/46/dni/47158880W.jpg',46,NULL,'2017-09-21 23:25:03','ACT'),(590,'Arnau ','Cairo Alguero','47420200L','15/03/1994','Sabadell','polcairo@gmail.com',636868337,13,0,0,0,'public/equipos/images/62/foto/47420200L.jpg','public/equipos/images/62/dni/47420200L.jpg',24,NULL,'2016-09-14 00:15:16','DES'),(591,'Pere','Brunet Mayoral','48271482W','19/05/1994','Sant Quirze del VallÃ¨s','brunet_pere15@outlook.com',646127303,9,0,0,0,'public/equipos/images/62/foto/48271482W.jpg','public/equipos/images/62/dni/48271482W.jpg',24,NULL,'2017-10-02 23:47:06','ACT'),(592,'Nil','Busquets Aran','47180404K','29/11/1994','Sabadell','',0,55,0,0,0,'public/equipos/images/62/foto/47180404K.jpg','public/equipos/images/62/dni/47180404K.jpg',62,NULL,'2016-09-14 00:15:16','DES'),(593,'Rafael','Serra Vega','47180410G','11/07/1994','Castellar del VallÃ¨s','',0,52,0,0,0,'public/equipos/images/62/foto/47180410G.jpg','public/equipos/images/62/dni/47180410G.jpg',24,NULL,'2017-09-27 14:24:26','ACT'),(594,'Pol','Cairo Alguero','47420201C','23/01/1996','Sabadell','',0,11,0,0,0,'public/equipos/images/62/foto/47420201C.jpg','public/equipos/images/62/dni/47420201C.jpg',24,NULL,'2016-09-14 00:15:16','DES'),(595,'Eric','Lopez i de la Encarnacion','48270949K','30/09/1994','Sabadell','',0,7,0,0,0,'public/equipos/images/62/foto/48270949K.jpg','public/equipos/images/62/dni/48270949K.jpg',62,NULL,'2016-09-14 00:15:16','DES'),(596,'Roger ','Vilanova Casamartina','47424256G','17/06/1994','Sabadell','',0,17,0,0,0,'public/equipos/images/62/foto/47424256G.jpg','public/equipos/images/62/dni/47424256G.jpg',62,NULL,'2016-09-14 00:15:16','DES'),(597,'Joan','Codina Calonge','34762876D','22/03/1974','Sabadell','codinacalonge@gmail.com',654488922,11,1,0,0,'public/equipos/images/45/foto/34762876D.jpg','public/equipos/images/45/dni/34762876D.jpg',45,NULL,'2017-09-18 21:57:33','ACT'),(598,'Jose','Herrera Simon','44987396V','24/07/1976','Sabadell','joseherrera@coac.net',666904080,9,0,1,1,'public/equipos/images/45/foto/44987396V.jpg','public/equipos/images/45/dni/44987396V.jpg',45,NULL,'2016-09-14 00:15:16','DES'),(599,'Jordi','Pacheco Velez','34749903P','28/12/1974','Sabadell','',0,10,0,0,0,'public/equipos/images/45/foto/34749903P.jpg','public/equipos/images/45/dni/34749903P.jpg',45,NULL,'2018-03-23 07:20:44','ACT'),(600,'Juan Manuel','Garcia Martinez','34762700V','21/06/1974','Sabadell','',0,13,0,0,0,'public/equipos/images/45/foto/34762700V.jpg','public/equipos/images/45/dni/34762700V.jpg',45,NULL,'2017-09-18 21:57:33','ACT'),(601,'Jose Luis','Brioa Martos','34765546B','11/12/1974','Sabadell','',0,35,0,0,0,'public/equipos/images/45/foto/34765546B.jpg','public/equipos/images/45/dni/34765546B.jpg',45,NULL,'2017-09-18 21:57:33','ACT'),(602,'Miguel','Padilla Perez','47165602P','17/03/1986','Sabadell','',0,4,0,0,0,'public/equipos/images/45/foto/47165602P.jpg','public/equipos/images/45/dni/47165602P.jpg',45,NULL,'2016-09-14 00:15:16','DES'),(603,'Eduardo','Montilla Sanchez','77676211J','15/09/1973','Sentmenat','',0,0,0,0,0,'public/equipos/images/45/foto/77676211J.jpg','public/equipos/images/45/dni/77676211J.jpg',45,NULL,'2017-09-18 21:57:33','ACT'),(604,'Iago','Urrero Poy','47174297D','02/10/1991','Sabadell','',0,17,0,0,0,'public/equipos/images/45/foto/47174297D.jpg','public/equipos/images/45/dni/47174297D.jpg',45,NULL,'2016-09-14 00:15:16','DES'),(605,'Toni','Sanchez Sanchez','34764716D','29/09/1977','Sabadell','',0,12,0,0,0,'public/equipos/images/45/foto/34764716D.jpg','public/equipos/images/45/dni/34764716D.jpg',45,NULL,'2016-09-14 00:15:16','DES'),(617,'Albert','Falco Gamundi','47157382E','17/11/1988','Castellar del valles','falgamal@gmail.com',663574514,17,0,0,0,'public/equipos/images/68/foto/47157382E.jpg','public/equipos/images/68/dni/47157382E.jpg',68,NULL,'2016-09-14 00:15:16','DES'),(618,'Guillem','Ruiz Vila','47174415N','07/09/1992','Castellar del valles','guilleru11@gmail.com',675322275,11,0,0,0,'public/equipos/images/68/foto/47174415N.jpg','public/equipos/images/68/dni/47174415N.jpg',25,NULL,'2017-09-20 18:08:56','ACT'),(619,'Victor','Cano Justribo','47932321E','20/03/1990','Castellar del valles','',0,13,0,0,0,'public/equipos/images/68/foto/47932321E.jpg','public/equipos/images/68/dni/47932321E.jpg',68,NULL,'2016-09-14 00:15:16','DES'),(620,'Marc','Garcia Oller','47167352X','12/03/1992','Castellar del valles','',0,4,0,0,0,'public/equipos/images/68/foto/47167352X.jpg','public/equipos/images/68/dni/47167352X.jpg',68,NULL,'2016-09-14 00:15:16','DES'),(621,'Adria','Plou Erena','79273067W','11/04/1992','Castellar del valles','',0,10,0,0,0,'public/equipos/images/68/foto/79273067W.jpg','public/equipos/images/68/dni/79273067W.jpg',68,NULL,'2016-09-14 00:15:16','DES'),(622,'Manuel','Plou Erena','79273068A','26/01/1994','Castellar del valles','',0,0,0,0,0,'public/equipos/images/68/foto/79273068A.jpg','public/equipos/images/68/dni/79273068A.jpg',68,NULL,'2016-09-14 00:15:16','DES'),(623,'David','Jimenez Creus','47179373W','23/11/1992','Castellar del valles','',0,32,0,0,0,'public/equipos/images/68/foto/47179373W.jpg','public/equipos/images/68/dni/47179373W.jpg',68,NULL,'2016-09-14 00:15:16','DES'),(624,'Joan','Casamada Ribot','47173146P','21/05/1991','Castellar del valles','',0,30,0,0,0,'public/equipos/images/68/foto/47173146P.jpg','public/equipos/images/68/dni/47173146P.jpg',25,NULL,'2017-09-20 18:08:56','ACT'),(625,'David','Martinez Molina','79272736Q','12/06/1992','Castellar del valles','',0,1,0,0,0,'public/equipos/images/68/foto/79272736Q.jpg','public/equipos/images/68/dni/79272736Q.jpg',68,NULL,'2016-09-14 00:15:16','DES'),(626,'Dani','Sanchez Ayala','47737749F','17/05/1989','Castellar del valles','',0,9,0,0,0,'public/equipos/images/68/foto/47737749F.jpg','public/equipos/images/68/dni/47737749F.jpg',52,NULL,'2017-09-20 16:54:28','ACT'),(627,'Dani','Ezquerra Cobo','47235478X','04/07/1990','Cerdanyola del valles','',0,16,0,0,0,'public/equipos/images/68/foto/47235478X.jpg','public/equipos/images/68/dni/47235478X.jpg',68,NULL,'2016-09-14 00:15:16','DES'),(628,'David','Hermosa Garcia','46808955E','10/01/1990','Cerdanyola del valles','',0,12,0,0,0,'public/equipos/images/68/foto/46808955E.jpg','public/equipos/images/68/dni/46808955E.jpg',68,NULL,'2016-09-14 00:15:16','DES'),(629,'Oscar','Marin Sala','47173201V','08/10/1990','Castellar del valles','',0,7,0,0,0,'public/equipos/images/68/foto/47173201V.jpg','public/equipos/images/68/dni/47173201V.jpg',68,NULL,'2016-09-14 00:15:16','DES'),(630,'Anna','Mestres Acin','47165277M','30/05/1983','castellar del VallÃ¨s','annamestres12@gmail.com',619444769,46,0,0,0,'public/equipos/images/30/foto/47165277M.jpg','public/equipos/images/30/dni/47165277M.jpg',30,NULL,'2017-09-14 13:15:55','DES'),(631,'Montserrat','Basterretxea Pujol','34759524S','04/05/1982','castellar del VallÃ¨s','ratbaste82@gmail.com',676931543,13,1,0,0,'public/equipos/images/30/foto/34759524S.jpg','public/equipos/images/30/dni/34759524S.jpg',30,NULL,'2017-09-14 13:15:55','ACT'),(632,'Anna','Vila Reche','34761533T','04/01/1981','Sabadell','',0,14,0,0,0,'public/equipos/images/30/foto/34761533T.jpg','public/equipos/images/30/dni/34761533T.jpg',30,NULL,'2016-09-14 00:15:16','DES'),(633,'Monica','Causanillas Borrell','34736639S','25/05/1973','Sabadell','',0,15,0,0,0,'public/equipos/images/30/foto/34736639S.jpg','public/equipos/images/30/dni/34736639S.jpg',30,NULL,'2016-09-14 00:15:16','DES'),(634,'Laura','Morell Franco','47711224R','21/07/1978','Sabadell','',0,78,0,0,0,'public/equipos/images/30/foto/47711224R.jpg','public/equipos/images/30/dni/47711224R.jpg',30,NULL,'2016-09-14 00:15:16','DES'),(635,'Cristina','Gallego del Rio','34759439E','22/03/1973','Sabadell','',0,22,0,0,0,'public/equipos/images/30/foto/34759439E.jpg','public/equipos/images/30/dni/34759439E.jpg',30,NULL,'2017-09-14 13:15:55','ACT'),(636,'Monica ','Comellas ','34755553T','29/04/1979','Sabadell','',0,8,0,0,0,'public/equipos/images/30/foto/34755553T.jpg','public/equipos/images/30/dni/34755553T.jpg',30,NULL,'2017-09-14 13:15:55','ACT'),(637,'Montse','Faba Ramos','34760582S','21/02/1975','Sabadell','',0,9,0,1,0,'public/equipos/images/30/foto/34760582S.jpg','public/equipos/images/30/dni/34760582S.jpg',30,NULL,'2017-09-14 13:15:55','ACT'),(638,'Anna','Martinez roldan','45469757E','18/12/1975','Sabadell','',0,7,0,0,0,'public/equipos/images/30/foto/45469757E.jpg','public/equipos/images/30/dni/45469757E.jpg',30,NULL,'2017-09-14 13:15:55','ACT'),(639,'Santiago','Peiri Farre','44991632K','10/09/1978','Sabadell','speiri@gmail.com',609101015,15,1,0,0,'public/equipos/images/33/foto/44991632K.jpg','public/equipos/images/33/dni/44991632K.jpg',33,NULL,'2017-09-19 18:51:07','ACT'),(640,'Lluis ','Maso Nunez','34742949T','20/09/1974','Sabadell','frosky99@yahoo.es',636210055,9,0,1,0,'public/equipos/images/33/foto/34742949T.jpg','public/equipos/images/33/dni/34742949T.jpg',33,NULL,'2017-09-19 18:51:07','ACT'),(641,'Miquel','Pijoan Serrabassa','44989729G','28/09/1976','Sabadell','',0,12,0,0,0,'public/equipos/images/33/foto/44989729G.jpg','public/equipos/images/33/dni/44989729G.jpg',33,NULL,'2017-09-19 18:51:07','ACT'),(642,'Jaime','Alcover Arnau','34736242D','27/06/1971','Sabadell','',0,7,0,0,0,'public/equipos/images/33/foto/34736242D.jpg','public/equipos/images/33/dni/34736242D.jpg',33,NULL,'2016-09-14 00:15:16','DES'),(643,'Oriol','Subirana Perdiguer','47176622B','19/05/1989','Sant Quirze del Valles','',0,11,0,0,0,'public/equipos/images/33/foto/47176622B.jpg','public/equipos/images/33/dni/47176622B.jpg',33,NULL,'2017-09-19 18:51:07','ACT'),(644,'JOAN','TUTUSAUS HOMS','34744100R','05/11/1970','Sabadell','',0,13,0,0,0,'public/equipos/images/33/foto/34744100R.jpg','public/equipos/images/33/dni/34744100R.jpg',33,NULL,'2016-09-14 00:15:16','DES'),(645,'Joan','Sanchez Bosch','46805034B','11/07/1977','Sabadell','',0,21,0,0,0,'public/equipos/images/33/foto/46805034B.jpg','public/equipos/images/33/dni/46805034B.jpg',33,NULL,'2017-09-19 18:51:07','ACT'),(646,'Adria','Mestre Reus','47183075R','01/07/1991','Sabadell','',0,8,0,0,0,'public/equipos/images/33/foto/47183075R.jpg','public/equipos/images/33/dni/47183075R.jpg',33,NULL,'2016-09-14 00:15:16','DES'),(647,'Arnau','Mestre Reus','47183074T','01/07/1991','Sabadell','',0,6,0,0,0,'public/equipos/images/33/foto/47183074T.jpg','public/equipos/images/33/dni/47183074T.jpg',33,NULL,'2016-09-14 00:15:16','DES'),(648,'Joan Marc','Guillamon Sanz','47176738N','10/06/1990','Sabadell','',0,3,0,0,0,'public/equipos/images/33/foto/47176738N.jpg','public/equipos/images/33/dni/47176738N.jpg',33,NULL,'2016-09-14 00:15:16','DES'),(649,'Aina ','Martinez Sibila','45646681F','04/07/1990','Terrassa','',0,0,0,0,0,'public/equipos/images/63/foto/45646681F.jpg','public/equipos/images/63/dni/45646681F.jpg',63,NULL,'2016-09-14 00:15:16','DES'),(650,'Mireia','Navarro Navarro','45857159N','18/03/1987','Matadepera','',0,0,0,0,0,'public/equipos/images/63/foto/45857159N.jpg','public/equipos/images/63/dni/45857159N.jpg',63,NULL,'2016-09-14 00:15:16','DES'),(651,'Jorge','Claramunt de la Cruz','47157226G','27/12/1982','Sabadell','jorgeclaramunt@hotmail.com',607582244,19,1,0,0,'public/equipos/images/36/foto/47157226G.jpg','public/equipos/images/36/dni/47157226G.jpg',36,NULL,'2017-09-17 11:47:18','ACT'),(652,'Jorge','Lorente Reano','46609909H','28/11/1977','Sabadell','jorge-lorente@hotmail.com',695252697,11,0,1,0,'public/equipos/images/36/foto/46609909H.jpg','public/equipos/images/36/dni/46609909H.jpg',36,NULL,'2017-09-17 20:53:43','ACT'),(663,'Miguel Angel ','Hernandez Megias','47179065Q','09/06/1986','Sabadell','',0,17,0,0,0,'public/equipos/images/36/foto/47179065Q.jpg','public/equipos/images/36/dni/47179065Q.jpg',36,NULL,'2016-09-14 00:15:16','DES'),(664,'Manel','Hernandez Megias','47179066V','03/10/1989','Sabadell','',0,71,0,0,0,'public/equipos/images/36/foto/47179066V.jpg','public/equipos/images/36/dni/47179066V.jpg',36,NULL,'2017-09-17 11:47:18','ACT'),(891,'Sergio','Monteagudo Mena','45745664K','03/08/1988','Sabadell','',0,14,0,0,0,'public/equipos/images/36/foto/45745664K.jpg','public/equipos/images/36/dni/45745664K.jpg',36,NULL,'2017-09-17 11:47:18','ACT'),(892,'Sergio','Garcia Lopez','47180741J','07/12/1989','Sabadell','',0,8,0,0,0,'public/equipos/images/36/foto/47180741J.jpg','public/equipos/images/36/dni/47180741J.jpg',36,NULL,'2017-09-17 11:47:18','ACT'),(893,'ERASMO ENRIQUE','LOPEZ GARCIA','X6155829V','07/04/1973','CERDANYOLA','erasmolopezg@gmail.com',637346059,8,1,0,0,'public/equipos/images/38/foto/06155829V.jpg','public/equipos/images/38/dni/06155829V.jpg',38,NULL,'2017-09-29 15:05:49','ACT'),(894,'CARLOS','PAREJA GUILLEN','46942303Q','14/03/1980','SABADELL','KILLERCOMA24@HOTMAIL.COM',675401309,14,0,1,0,'public/equipos/images/38/foto/46942303Q.jpg','public/equipos/images/38/dni/46942303Q.jpg',38,NULL,'2017-09-29 15:05:49','ACT'),(895,'BORJA','JUNCOSA VILARO','46716853N','01/06/1981','SABADELL','',0,6,0,0,0,'public/equipos/images/38/foto/46716853N.jpg','public/equipos/images/38/dni/46716853N.jpg',38,NULL,'2017-09-29 15:05:49','ACT'),(896,'JAVIER','GOLBANO VALLADARES','34741309Q','29/09/1973','BARBERA DEL VALLES','xavgolval@hotmail.com',676575090,13,0,0,0,'public/equipos/images/38/foto/34741309Q.jpg','public/equipos/images/38/dni/34741309Q.jpg',38,NULL,'2016-09-14 00:15:16','DES'),(897,'BARTOLOME','BENITO ALFONSO','46645538C','18/12/1970','BARBERÃ€ DEL VALLÃˆS','',0,0,0,0,0,'public/equipos/images/50/foto/46645538C.jpg','public/equipos/images/50/dni/46645538C.jpg',50,NULL,'2016-09-14 00:15:16','DES'),(898,'JAIME','LOPEZ RODRIGUEZ','34755410H','09/11/1977','BARBERA DEL VALLES','',0,10,0,0,0,'public/equipos/images/38/foto/34755410H.jpg','public/equipos/images/38/dni/34755410H.jpg',38,NULL,'2017-09-29 15:05:49','ACT'),(899,'JESUS SIMON','LOPEZ FERNANDEZ','46808204F','17/10/1982','BARBERA DEL VALLES','',0,11,0,0,0,'public/equipos/images/38/foto/46808204F.jpg','public/equipos/images/38/dni/46808204F.jpg',38,NULL,'2017-09-29 15:05:49','ACT'),(900,'ALEX','GARCIA NAVARRO','46712326Q','08/02/1979','SABADELL','',0,15,0,0,0,'public/equipos/images/38/foto/46712326Q.jpg','public/equipos/images/38/dni/46712326Q.jpg',38,NULL,'2017-09-29 15:05:49','ACT'),(901,'RODRIGO ALEJANDRO','LOPEZ GARCIA','X4488651V','04/07/1976','CERDANYOLA','',0,7,0,0,0,'public/equipos/images/38/foto/04488651V.jpg','public/equipos/images/38/dni/04488651V.jpg',38,NULL,'2017-09-29 15:05:49','ACT'),(902,'Carla','Elias Salcedo','47868872F','13/03/1990','Sant quirze','carlaelias90@gmail.com',687625393,8,0,0,0,'public/equipos/images/67/foto/47868872F.jpg','public/equipos/images/67/dni/47868872F.jpg',43,NULL,'2016-09-14 00:15:16','DES'),(903,'Silvia','Planas Pitarch','47173890Q','29/10/1990','Sant Quirze','silviaplanas90@gmail.com',648602545,0,0,0,0,'public/equipos/images/67/foto/47173890Q.jpg','public/equipos/images/67/dni/47173890Q.jpg',43,NULL,'2016-09-14 00:15:16','DES'),(904,'Elena','Marrondo Cruz','79272985N','02/08/1993','Sant Quirze','',0,4,0,0,0,'public/equipos/images/67/foto/79272985N.jpg','public/equipos/images/67/dni/79272985N.jpg',67,NULL,'2016-09-14 00:15:16','DES'),(905,'Ariadna','Ballesteros Herruzo','47173837D','20/05/1992','Sabadell','',0,0,0,0,0,'public/equipos/images/67/foto/47173837D.jpg','public/equipos/images/67/dni/47173837D.jpg',67,NULL,'2016-09-14 00:15:16','DES'),(906,'Dunia','Inclan Marmol','47424984Q','16/03/1994','PolinyÃ ','',0,0,0,0,0,'public/equipos/images/67/foto/47424984Q.jpg','public/equipos/images/67/dni/47424984Q.jpg',67,NULL,'2016-09-14 00:15:16','DES'),(907,'Alba ','Arenas Soler','47415757S','01/02/1990','Sant Quirze','',0,0,0,0,0,'public/equipos/images/67/foto/47415757S.jpg','public/equipos/images/67/dni/47415757S.jpg',67,NULL,'2016-09-14 00:15:16','DES'),(908,'Ariana','Perez Zsolt','47177517D','27/07/1990','Sant Quirze','',0,0,0,0,0,'public/equipos/images/67/foto/47177517D.jpg','public/equipos/images/67/dni/47177517D.jpg',67,NULL,'2016-09-14 00:15:16','DES'),(909,'Maria','Noguera VilaMasana','47854821D','08/04/1994','LluÃ§Ã ','',0,0,0,0,0,'public/equipos/images/67/foto/47854821D.jpg','public/equipos/images/67/dni/47854821D.jpg',43,NULL,'2016-09-14 00:15:16','DES'),(910,'CARLES','PUJOL SOLER','45498081X','06/01/1984','TERRASSA','',0,0,0,0,1,'public/equipos/images/51/foto/45498081X.jpg','public/equipos/images/51/dni/45498081X.jpg',51,NULL,'2017-09-17 20:39:04','ACT'),(911,'Jorge','Claramunt Cantuche','39023106H','23/11/1954','Sabadell','',0,0,0,0,1,'public/equipos/images/36/foto/39023106H.jpg','public/equipos/images/36/dni/39023106H.jpg',36,NULL,'2017-09-17 11:48:57','ACT'),(912,'ISAAC','SAIZ CARALTO','47929322J','20/11/1991','CASTELLBISBAL','ISAAC.SAIZ4@GMAIL.COM',662063938,4,1,0,0,'public/equipos/images/69/foto/47929322J.jpg','public/equipos/images/69/dni/47929322J.jpg',69,NULL,'2017-09-14 14:17:16','ACT'),(913,'JORDI','OLIVELLA PASTALLE','47865738R','26/05/1987','CASTELLBISBAL','jolivella87@gmail.com',660808466,0,0,1,0,'public/equipos/images/69/foto/47865738R.jpg','public/equipos/images/69/dni/47865738R.jpg',69,NULL,'2017-09-14 14:17:16','ACT'),(914,'DAVID','ILLESCAS SALA','47782341W','02/09/1987','CASTELLBISBAL','',0,13,0,0,0,'public/equipos/images/69/foto/47782341W.jpg','public/equipos/images/69/dni/47782341W.jpg',69,NULL,'2017-09-14 14:17:16','ACT'),(915,'FCOJAVIER','BARRIGA VALENZUELA','47780074N','21/09/1985','CASTELLBISBAL','',0,6,0,0,0,'public/equipos/images/69/foto/47780074N.jpg','public/equipos/images/69/dni/47780074N.jpg',69,NULL,'2017-09-14 14:17:16','ACT'),(916,'ALBERT','CANO BADILLO','47783440C','07/10/1989','CASTELLBISBAL','',0,7,0,0,0,'public/equipos/images/69/foto/47783440C.jpg','public/equipos/images/69/dni/47783440C.jpg',69,NULL,'2017-09-14 14:17:16','ACT'),(917,'JORDI','BARCO MORRAL','46827695V','06/10/1987','CASTELLBISBAL','',0,3,0,0,0,'public/equipos/images/69/foto/46827695V.jpg','public/equipos/images/69/dni/46827695V.jpg',69,NULL,'2017-09-14 14:17:16','ACT'),(918,'DANIEL','ESCORIGUELA BALAGUER','46827403R','22/11/1988','CASTELLBISBAL','',0,9,0,0,0,'public/equipos/images/69/foto/46827403R.jpg','public/equipos/images/69/dni/46827403R.jpg',69,NULL,'2016-09-14 00:15:16','DES'),(919,'DAVID','MORAL RODRIGUEZ','47782852F','29/06/1990','CASTELLBISBAL','',0,5,0,0,0,'public/equipos/images/69/foto/47782852F.jpg','public/equipos/images/69/dni/47782852F.jpg',69,NULL,'2016-09-14 00:15:16','DES'),(920,'DANI','DUQUE CAMPANA','77632140X','07/10/1985','CASTELLBISBAL','',0,8,0,0,0,'public/equipos/images/69/foto/77632140X.jpg','public/equipos/images/69/dni/77632140X.jpg',69,NULL,'2017-09-14 14:17:16','ACT'),(921,'CRISTOBAL','ROMAN HERNANDEZ','47789066B','06/06/1988','CASTELLBISBAL','',0,2,0,0,0,'public/equipos/images/69/foto/47789066B.jpg','public/equipos/images/69/dni/47789066B.jpg',69,NULL,'2016-09-14 00:15:16','DES'),(922,'Lluis Gerard','Carreras Gil','44987230N','19/11/1977','Sabadell','',0,9,0,0,0,'public/equipos/images/46/foto/44987230N.jpg','public/equipos/images/46/dni/44987230N.jpg',46,NULL,'2017-09-21 23:25:03','ACT'),(923,'jesus ','dominguez soldado','34751403J','02/10/1972','sabadell','inoher@hotmail.com',619987072,32,1,0,0,'public/equipos/images/54/foto/34751403J.jpg','public/equipos/images/54/dni/34751403J.jpg',54,NULL,'2016-09-14 00:15:16','DES'),(924,'oriol','espasa beltran','44983216T','22/10/1976','sant quirsez','oriolespasa@hotmail.com',628313048,55,0,0,0,'public/equipos/images/54/foto/44983216T.jpg','public/equipos/images/54/dni/44983216T.jpg',16,NULL,'2017-09-20 20:18:57','ACT'),(925,'ricardo','perez cortes','47416095P','22/07/1992','sabadell','',0,26,0,0,0,'public/equipos/images/54/foto/47416095P.jpg','public/equipos/images/54/dni/47416095P.jpg',54,NULL,'2016-09-14 00:15:16','DES'),(926,'miguel angel','ballesteros fonseca','44996700Y','07/02/1978','barcelona','miguelabf@hotmail.es',649124128,0,0,0,0,'public/equipos/images/54/foto/44996700Y.jpg','public/equipos/images/54/dni/44996700Y.jpg',96,NULL,'2017-09-21 17:13:10','ACT'),(927,'sergio','brioa martos','34766133T','29/10/1976','sabadell','unksobra@yahoo.es',606536269,7,0,0,0,'public/equipos/images/54/foto/34766133T.jpg','public/equipos/images/54/dni/34766133T.jpg',96,NULL,'2017-11-17 17:45:47','ACT'),(928,'alejandro','alba zamora','34761237A','19/01/1978','sabadell','info@nystyle.es',675611336,23,0,1,0,'public/equipos/images/54/foto/34761237A.jpg','public/equipos/images/54/dni/34761237A.jpg',96,NULL,'2018-03-03 17:24:16','ACT'),(929,'alejandro','lopez castillejo','44839749F','24/11/1990','santiago de conpostela','',0,15,0,0,0,'public/equipos/images/54/foto/44839749F.jpg','public/equipos/images/54/dni/44839749F.jpg',54,NULL,'2016-09-14 00:15:16','DES'),(930,'david','perea fernandez','44995374Z','01/06/1977','castellar del valles','',0,14,0,0,0,'public/equipos/images/54/foto/44995374Z.jpg','public/equipos/images/54/dni/44995374Z.jpg',54,NULL,'2016-09-14 00:15:16','DES'),(931,'RICARD','TUTUSAUS HOMS','33905462N','08/01/1968','SABADELL','rtutusaus@gmail.com',667569087,0,1,0,0,'public/equipos/images/50/foto/33905462N.jpg','public/equipos/images/50/dni/33905462N.jpg',50,NULL,'2017-09-21 23:59:34','ACT'),(932,'FRANCISCO','RUIZ GARCIA','34764822T','07/12/1974','BARBERÃ€ DEL VALLÃˆS','CISCO_RUIZ@HOTMAIL.COM',659738108,0,0,1,0,'public/equipos/images/50/foto/34764822T.jpg','public/equipos/images/50/dni/34764822T.jpg',50,NULL,'2017-09-21 23:59:34','ACT'),(933,'JORGE ANDRES','VINER','X4089397C','28/01/1971','SANT CUGAT DEL VALLÃˆS','',0,0,0,0,0,'public/equipos/images/50/foto/04089397C.jpg','public/equipos/images/50/dni/04089397C.jpg',50,NULL,'2017-09-21 23:59:34','ACT'),(934,'JUAN DIEGO','LOPEZ FERNANDEZ','46808203Y','29/10/1982','BARBERA DEL VALLES','juandi1982@hotmail.com',0,12,0,0,0,'public/equipos/images/38/foto/46808203Y.jpg','public/equipos/images/38/dni/46808203Y.jpg',38,NULL,'2016-09-14 00:15:16','ACT'),(935,'DAVID','GONZALEZ LLUIS','26032105S','31/08/1975','CASTELLAR DEL VALLÃˆS','',0,0,0,0,0,'public/equipos/images/50/foto/26032105S.jpg','public/equipos/images/50/dni/26032105S.jpg',50,NULL,'2016-09-14 00:15:16','DES'),(936,'ESTEBAN','TERES GONZALO','33904118W','01/10/1969','BARCELONA','',0,0,0,0,0,'public/equipos/images/50/foto/33904118W.jpg','public/equipos/images/50/dni/33904118W.jpg',50,NULL,'2016-09-14 00:15:16','DES'),(937,'JOSEP','OLLER GROS','33902300R','30/03/1971','SABADELL','',0,0,0,0,0,'public/equipos/images/50/foto/33902300R.jpg','public/equipos/images/50/dni/33902300R.jpg',50,NULL,'2017-09-21 23:59:34','ACT'),(938,'DANIEL','OLIVER RUIZ','45489402W','30/01/1976','TERRASSA','madrox.76@gmail.com',677464777,7,1,0,0,'public/equipos/images/41/foto/45489402W.jpg','public/equipos/images/41/dni/45489402W.jpg',41,NULL,'2016-09-14 00:15:16','DES'),(939,'DIDAC','ZOYO SEGURA','45485687J','20/04/1977','TERRASSA','didac.tk@gmail.com',605017136,17,0,1,0,'public/equipos/images/41/foto/45485687J.jpg','public/equipos/images/41/dni/45485687J.jpg',41,NULL,'2016-09-14 00:15:16','DES'),(940,'Juan Francisco','Osuna Sanchez','47178423H','26/08/1985','Sabadell','',0,7,0,0,0,'public/equipos/images/45/foto/47178423H.jpg','public/equipos/images/45/dni/47178423H.jpg',45,NULL,'2017-09-18 21:57:33','ACT'),(941,'ORIOL','NONELL FONTCUBERTA','44994852K','06/12/1979','SABADELL','',0,8,0,0,0,'public/equipos/images/25/foto/44994852K.jpg','public/equipos/images/25/dni/44994852K.jpg',25,NULL,'2016-09-14 00:15:16','DES'),(942,'SIMON JOSE','MARIN LOPEZ','47160800J','19/02/1981','SABADELL','',0,18,0,0,0,'public/equipos/images/25/foto/47160800J.jpg','public/equipos/images/25/dni/47160800J.jpg',25,NULL,'2017-09-20 18:08:56','ACT'),(944,'alexander jose','damian bujaldon','47657231N','23/09/1979','rep.dominicana','ajbd63@hotmail.com',696770548,4,1,0,0,'public/equipos/images/35/foto/47657231N.jpg','public/equipos/images/35/dni/47657231N.jpg',96,NULL,'2017-09-21 17:13:10','ACT'),(945,'Onia','Alonso Ballester','77676575D','20/08/1985','Sabadell','',0,5,0,0,0,'public/equipos/images/30/foto/77676575D.jpg','public/equipos/images/30/dni/77676575D.jpg',30,NULL,'2017-09-14 13:15:55','ACT'),(946,'Olga ','Ortiz Oliva ','47153070B','25/10/1979','Castellar del VallÃ¨s','',0,4,0,0,0,'public/equipos/images/30/foto/47153070B.jpg','public/equipos/images/30/dni/47153070B.jpg',30,NULL,'2016-09-14 00:15:16','DES'),(947,'Eugeni','Canals Sallent','47178531B','01/03/1988','Sabadell','eugenics15@gmail.com',675244518,31,0,0,0,'public/equipos/images/65/foto/47178531B.jpg','public/equipos/images/65/dni/47178531B.jpg',59,NULL,'2016-09-14 00:15:16','DES'),(948,'Adria','Alberich Terradellas','47175023E','17/09/1988','Sabadell','adria.alte@gmail.com',687016968,8,0,0,0,'public/equipos/images/65/foto/47175023E.jpg','public/equipos/images/65/dni/47175023E.jpg',59,NULL,'2017-09-22 01:03:11','ACT'),(949,'Joan','Camps Romero','47154074A','12/08/1988','Sabadell','',0,44,0,0,0,'public/equipos/images/65/foto/47154074A.jpg','public/equipos/images/65/dni/47154074A.jpg',59,NULL,'2016-09-14 00:15:16','DES'),(950,'Kirian','Canals Sallent','47178532N','13/03/1990','Sabadell','',0,0,0,0,0,'public/equipos/images/65/foto/47178532N.jpg','public/equipos/images/65/dni/47178532N.jpg',65,NULL,'2016-09-14 00:15:16','DES'),(951,'Rossend','Pujolar Mussons','47166381M','25/09/1988','Castellar del VallÃ¨s','',0,13,0,0,0,'public/equipos/images/65/foto/47166381M.jpg','public/equipos/images/65/dni/47166381M.jpg',65,NULL,'2016-09-14 00:15:16','DES'),(952,'Francisco','Molero Hoyos','47155719S','09/05/1987','Sabadell','',0,15,0,0,0,'public/equipos/images/65/foto/47155719S.jpg','public/equipos/images/65/dni/47155719S.jpg',65,NULL,'2016-09-14 00:15:16','DES'),(953,'Carles','Martinez Huete','34762756G','08/10/1974','Sabadell','',0,10,0,0,0,'public/equipos/images/65/foto/34762756G.jpg','public/equipos/images/65/dni/34762756G.jpg',65,NULL,'2016-09-14 00:15:16','DES'),(954,'Ignasi','Massafret Magem','53295303W','10/03/1989','Sabadell','',0,0,0,0,0,'public/equipos/images/65/foto/53295303W.jpg','public/equipos/images/65/dni/53295303W.jpg',65,NULL,'2016-09-14 00:15:16','DES'),(955,'Marc','Codina Gasulla','44988066C','02/12/1977','Sabadell','',0,9,0,0,0,'public/equipos/images/65/foto/44988066C.jpg','public/equipos/images/65/dni/44988066C.jpg',65,NULL,'2016-09-14 00:15:16','DES'),(956,'Carles','Codina Gasulla','44988067K','14/01/1983','Sabadell','',0,6,0,0,0,'public/equipos/images/65/foto/44988067K.jpg','public/equipos/images/65/dni/44988067K.jpg',65,NULL,'2016-09-14 00:15:16','DES'),(957,'Albert','Mas Miro','47160533E','22/05/1984','Sabadell','',0,12,0,0,0,'public/equipos/images/65/foto/47160533E.jpg','public/equipos/images/65/dni/47160533E.jpg',59,NULL,'2017-09-22 01:03:11','ACT'),(958,'Oriol','Ferrer Jimenez','44980423J','14/11/1980','Sabadell','',0,6,0,0,0,'public/equipos/images/65/foto/44980423J.jpg','public/equipos/images/65/dni/44980423J.jpg',59,NULL,'2017-09-22 01:03:11','ACT'),(959,'Joan','Tiana Campanera','47175038Z','02/02/1988','Sabadell','',0,0,0,0,0,'public/equipos/images/65/foto/47175038Z.jpg','public/equipos/images/65/dni/47175038Z.jpg',59,NULL,'2017-09-22 01:03:11','ACT'),(960,'Jaume','Ibars Viaplana','44985414J','08/12/1979','El RacÃ³. Castellar del Valles','',0,10,0,0,0,'public/equipos/images/59/foto/44985414J.jpg','public/equipos/images/59/dni/44985414J.jpg',59,NULL,'2017-09-22 01:03:11','ACT'),(961,'Francisco','Zapata Lopez','46457058W','26/05/1982','Hospitalet de Llobregrat','',0,0,0,0,0,'public/equipos/images/59/foto/46457058W.jpg','public/equipos/images/59/dni/46457058W.jpg',59,NULL,'2016-09-14 00:15:16','DES'),(962,'Ignasi','Luques Gonzalez','34738156Z','15/05/1975','Sabadell','',0,14,0,0,0,'public/equipos/images/59/foto/34738156Z.jpg','public/equipos/images/59/dni/34738156Z.jpg',59,NULL,'2017-09-22 01:03:11','ACT'),(963,'David','Munoz Garcia','47180165N','01/03/1992','Sabadell','',0,18,0,0,0,'public/equipos/images/46/foto/47180165N.jpg','public/equipos/images/46/dni/47180165N.jpg',50,NULL,'2016-09-14 00:15:16','DES'),(964,'Jose Miguel','Hernandez Lopez','46940691Z','29/03/1978','Cerdanyola del VallÃ¨s','',0,0,0,0,0,'public/equipos/images/56/foto/46940691Z.jpg','public/equipos/images/56/dni/46940691Z.jpg',56,NULL,'2016-09-14 00:15:16','DES'),(965,'Jordi','Monge Relat','34736244B','29/03/1971','Sant Quirze del Valles','',0,14,0,0,0,'public/equipos/images/33/foto/34736244B.jpg','public/equipos/images/33/dni/34736244B.jpg',33,NULL,'2017-09-19 18:51:07','ACT'),(966,'Carles','Cabedo Bru','47178796T','05/12/1987','Sabadell','',0,5,0,0,0,'public/equipos/images/33/foto/47178796T.jpg','public/equipos/images/33/dni/47178796T.jpg',33,NULL,'2016-09-14 00:15:16','DES'),(967,'Ricard','Vallejo Rius','47183560A','11/12/1989','Sant Quirze del Valles','',0,1,0,0,0,'public/equipos/images/33/foto/47183560A.jpg','public/equipos/images/33/dni/47183560A.jpg',33,NULL,'2017-09-19 18:51:07','ACT'),(968,'Nuria','Vilaseca Gallego','33909459F','18/09/1968','Barbera del Valles','',0,5,0,0,0,'public/equipos/images/66/foto/33909459F.jpg','public/equipos/images/66/dni/33909459F.jpg',66,NULL,'2016-09-14 00:15:16','DES'),(969,'Belen','Enfedaque Montes','39887508B','16/05/1973','Barcelona','',0,0,0,0,0,'public/equipos/images/66/foto/39887508B.jpg','public/equipos/images/66/dni/39887508B.jpg',66,NULL,'2017-09-22 19:39:35','ACT'),(970,'HECTOR','PEDRERO FERNANDEZ','45683059E','21/03/1976','TERRASSA','',0,9,0,0,0,'public/equipos/images/60/foto/45683059E.jpg','public/equipos/images/60/dni/45683059E.jpg',60,NULL,'2016-09-14 00:15:16','DES'),(971,'DAVID','MOLINA MOLINA','34735668X','07/05/1976','SABADELL','',0,0,0,0,0,'public/equipos/images/50/foto/34735668X.jpg','public/equipos/images/50/dni/34735668X.jpg',50,NULL,'2016-09-14 00:15:16','DES'),(972,'JONATHAN','AGUILAR RODRIGUEZ','47166580C','20/04/1985','SABADELL','',0,0,0,0,0,'public/equipos/images/50/foto/47166580C.jpg','public/equipos/images/50/dni/47166580C.jpg',50,NULL,'2017-09-21 23:59:34','ACT'),(973,'RAFAEL','GAMEZ CORTIJO','40997477T','11/01/1976','SABADELL','',0,0,0,0,0,'public/equipos/images/50/foto/40997477T.jpg','public/equipos/images/50/dni/40997477T.jpg',50,NULL,'2016-09-14 00:15:16','DES'),(974,'Ramon','Perez Adell','47167152V','30/10/1992','Sabadell','',0,8,0,0,0,'public/equipos/images/46/foto/47167152V.jpg','public/equipos/images/46/dni/47167152V.jpg',50,NULL,'2016-09-14 00:15:16','DES'),(975,'Pau','Farriol Rojas','47180841K','24/04/1995','Sabadell','paufa23@hotmail.es',634922492,13,1,0,0,'public/equipos/images/24/foto/47180841K.jpg','public/equipos/images/24/dni/47180841K.jpg',24,NULL,'2017-09-27 14:24:26','ACT'),(976,'MARIO','ESCRIBANO ESPLUGAS','47170337M','07/09/1983','SABADELL','',0,0,0,0,0,'public/equipos/images/36/foto/47170337M.jpg','public/equipos/images/36/dni/47170337M.jpg',36,NULL,'2018-01-30 12:29:22','ACT'),(977,'ALEJANDRO','GARCIA LORENZO','39430962S','02/03/1986','SABADELL','',0,0,0,0,0,'public/equipos/images/36/foto/39430962S.jpg','public/equipos/images/36/dni/39430962S.jpg',36,NULL,'2016-09-14 00:15:16','DES'),(978,'DAVID','IGLESIAS ACIEGO','44987014A','01/06/1981','SABADELL','',0,0,0,0,0,'public/equipos/images/36/foto/44987014A.jpg','public/equipos/images/36/dni/44987014A.jpg',36,NULL,'2017-09-17 11:47:18','ACT'),(979,'JOSE ANTONIO','GRUESO BOLIS','08401701P','01/01/1980','SABADELL','',0,0,0,0,0,'public/equipos/images/36/foto/08401701P.jpg','public/equipos/images/36/dni/08401701P.jpg',36,NULL,'2016-09-14 00:15:16','DES'),(980,'MARC','GOMEZ RIS','47173691R','02/11/1993','SABADELL','',0,0,0,0,0,'public/equipos/images/36/foto/47173691R.jpg','public/equipos/images/36/dni/47173691R.jpg',36,NULL,'2017-09-17 11:47:18','ACT'),(981,'OSCAR','GALLARDO TRABALON','34765526Z','24/02/1977','SABADELL','',0,0,0,0,0,'public/equipos/images/36/foto/34765526Z.jpg','public/equipos/images/36/dni/34765526Z.jpg',36,NULL,'2016-09-14 00:15:16','DES'),(982,'IVAN','ALTABA MARIN','45490679Z','17/12/1977','TERRASSA','',0,9,0,0,0,'public/equipos/images/41/foto/45490679Z.jpg','public/equipos/images/41/dni/45490679Z.jpg',41,NULL,'2016-09-14 00:15:16','DES'),(983,'XAVIER','ALIAGA RABAL','45484571R','19/02/1976','TERRASSA','',0,10,0,0,0,'public/equipos/images/41/foto/45484571R.jpg','public/equipos/images/41/dni/45484571R.jpg',41,NULL,'2016-09-14 00:15:16','DES'),(984,'ENRIC','CORTES TEIXIDO','44015204N','28/12/1975','BARCELONA','',0,22,0,0,0,'public/equipos/images/41/foto/44015204N.jpg','public/equipos/images/41/dni/44015204N.jpg',41,NULL,'2016-09-14 00:15:16','DES'),(985,'CARLES','MONZONIS MARQUEZ','45497265E','29/01/1986','TERRASSA','',0,13,0,0,0,'public/equipos/images/41/foto/45497265E.jpg','public/equipos/images/41/dni/45497265E.jpg',41,NULL,'2016-09-14 00:15:16','DES'),(986,'FERRAN','SEGUER TIMONEDA','72531794Y','21/02/1968','TERRASSA','',0,26,0,0,0,'public/equipos/images/41/foto/72531794.jpg','public/equipos/images/41/dni/72531794.jpg',41,NULL,'2016-09-14 00:15:16','DES'),(987,'ALBERT','CATALAN ARTIGAS','45476495K','12/02/1974','TERRASSA','',0,25,0,0,0,'public/equipos/images/41/foto/45476495K.jpg','public/equipos/images/41/dni/45476495K.jpg',41,NULL,'2016-09-14 00:15:16','DES'),(988,'MIQUEL','MOR ARJONA','45648644S','13/02/1986','TERRASSA','',0,77,0,0,0,'public/equipos/images/41/foto/45648644S.jpg','public/equipos/images/41/dni/45648644S.jpg',41,NULL,'2016-09-14 00:15:16','DES'),(989,'FRANCISCO','ZUNIGA FRENANDEZ','43437535B','15/03/1975','MATARO','',0,66,0,0,0,'public/equipos/images/41/foto/43437535B.jpg','public/equipos/images/41/dni/43437535B.jpg',41,NULL,'2016-09-14 00:15:16','DES'),(990,'AMADEU','ROMEU RODOREDA','45479653M','27/2/1976','TERRASSA','',0,11,0,0,0,'public/equipos/images/41/foto/45479653M.jpg','public/equipos/images/41/dni/45479653M.jpg',41,NULL,'2016-09-14 00:15:16','DES'),(992,'JESUS','ALONSO FERNANDEZ','77676321P','11/04/1981','BARCELONA','',0,0,0,0,0,'public/equipos/images/50/foto/77676321P.jpg','public/equipos/images/50/dni/77676321P.jpg',50,NULL,'2016-09-14 00:15:16','DES'),(993,'David','Garcia Fernandez','47165402S','26/10/1989','Sabadell','',0,0,0,0,0,'public/equipos/images/52/foto/47165402S.jpg','public/equipos/images/52/dni/47165402S.jpg',52,NULL,'2016-09-14 00:15:16','DES'),(994,'ARIADNA','RECIO MARTIN','53654297N','28/03/1992','SANTA PERPETUA MOGODA','',0,7,0,0,0,'public/equipos/images/43/foto/53654297N.jpg','public/equipos/images/43/dni/53654297N.jpg',43,NULL,'2016-09-14 00:15:16','DES'),(995,'ANA','MORALES TEDO','47166714Q','29/07/1982','SABADELL','',0,0,0,0,0,'public/equipos/images/43/foto/47166714Q.jpg','public/equipos/images/43/dni/47166714Q.jpg',43,NULL,'2016-09-14 00:15:16','DES'),(996,'pedro rafael','ozuna mendoza','00975248Q','24/10/1993','sabadell','',0,69,0,0,0,'public/equipos/images/54/foto/00975248Q.jpg','public/equipos/images/54/dni/00975248Q.jpg',54,NULL,'2016-09-14 00:15:16','DES'),(997,'Sarai ','Galvan Pelegrin','47166055R','08/09/1985','sabadell','',0,29,0,0,0,'public/equipos/images/30/foto/47166055R.jpg','public/equipos/images/30/dni/47166055R.jpg',30,NULL,'2016-09-14 00:15:16','DES'),(998,'Daniel','Lopez Malia','47180462X','28/03/1990','Sabadell','',0,0,0,0,0,'public/equipos/images/45/foto/47180462X.jpg','public/equipos/images/45/dni/47180462X.jpg',45,NULL,'2017-09-18 21:57:33','ACT'),(999,'LUIS ISRAEL','LOPEZ FERNANDEZ','44988764M','28/04/1976','TERRASSA','',0,12,0,0,0,'public/equipos/images/38/foto/44988764M.jpg','public/equipos/images/38/dni/44988764M.jpg',38,NULL,'2016-09-14 00:15:16','DES'),(1000,'Cristian','Cobo Revilla','46802371Q','02/05/1986','Cerdanyola del VallÃ¨s','',0,6,0,0,0,'public/equipos/images/56/foto/46802371Q.jpg','public/equipos/images/56/dni/46802371Q.jpg',56,NULL,'2016-09-14 00:15:16','DES'),(1001,'Manuel ','Lopez Rodriguez','33868778J','15/11/1960','Sabadell','',0,99,0,0,1,'public/equipos/images/27/foto/33868778J.jpg','public/equipos/images/27/dni/33868778J.jpg',27,NULL,'2016-09-14 00:15:16','DES'),(1002,'ISABEL','RAMOS COLLINS','45549827Y','23/10/1991','SABADELL','',0,9,0,0,0,'public/equipos/images/43/foto/45549827Y.jpg','public/equipos/images/43/dni/45549827Y.jpg',43,NULL,'2016-09-14 00:15:16','DES'),(1003,'Raul','Viso Lopez','46738765M','08/07/1975','Cerdanyola del Valles','',0,9,0,0,0,'public/equipos/images/49/foto/46738765M.jpg','public/equipos/images/49/dni/46738765M.jpg',49,NULL,'2017-09-18 19:26:49','ACT'),(1004,'Daniel','Guzman Prieto','44985950C','17/08/1984','Barcelona','',0,22,0,0,0,'public/equipos/images/49/foto/44985950C.jpg','public/equipos/images/49/dni/44985950C.jpg',49,NULL,'2017-09-18 19:26:49','ACT'),(1005,'Jordi','Sans Sole','47422453H','16/01/1992','Sabadell','jordisansole@gmail.com',654737492,6,1,0,0,'public/equipos/images/55/foto/47422453H.jpg','public/equipos/images/55/dni/47422453H.jpg',55,NULL,'2017-09-13 21:19:18','ACT'),(1006,'Conrad ','Triquell Santos','44992292Z','15/07/1990','Sabadell','conradtriquell@gmail.com',630378901,5,0,0,0,'public/equipos/images/55/foto/44992292Z.jpg','public/equipos/images/55/dni/44992292Z.jpg',55,NULL,'2017-09-13 21:19:18','ACT'),(1007,'Adrian','Munoz Morante','47419375E','08/12/1992','Sabadell','',0,13,0,1,0,'public/equipos/images/55/foto/47419375E.jpg','public/equipos/images/user.png',55,NULL,'2017-09-13 21:19:18','ACT'),(1028,'Jordi ','Rafel Aliaga','47418300M','26/04/1993','Sabadell','',0,9,0,0,0,'public/equipos/images/55/foto/47418300M.jpg','public/equipos/images/55/dni/47418300M.jpg',55,NULL,'2017-09-13 21:19:18','ACT'),(1029,'Joan ','Llado Vizuete','47421277S','20/06/1992','Sabadell','',0,24,0,0,0,'public/equipos/images/55/foto/47421277S.jpg','public/equipos/images/55/dni/47421277S.jpg',55,NULL,'2016-09-14 00:15:16','DES'),(1030,'Dani ','Romero Garcia','47169844H','02/05/1992','Sabadell','',0,8,0,0,0,'public/equipos/images/55/foto/47169844H.jpg','public/equipos/images/55/dni/47169844H.jpg',55,NULL,'2016-09-14 00:15:16','DES'),(1031,'David','Crehuet Gramatyka','41532232M','11/04/1991','Sabadell','',0,0,0,0,0,'public/equipos/images/55/foto/41532232M.jpg','public/equipos/images/55/dni/41532232M.jpg',55,NULL,'2016-09-14 00:15:16','DES'),(1032,'Marc',' Salanguera Rovira','47179421G','12/03/1991','Sabadell','',0,0,0,0,0,'public/equipos/images/55/foto/47179421G.jpg','public/equipos/images/55/dni/47179421G.jpg',55,NULL,'2016-09-14 00:15:16','DES'),(1033,'Eudald','Font Pladevall','47235812E','10/05/1991','Sabadell','',0,0,0,0,0,'public/equipos/images/55/foto/47235812E.jpg','public/equipos/images/55/dni/47235812E.jpg',55,NULL,'2016-09-14 00:15:16','DES'),(1034,'Manel','Martin Gomez','47416922F','20/02/1992','Sabadell','',0,0,0,0,0,'public/equipos/images/55/foto/47416922F.jpg','public/equipos/images/55/dni/47416922F.jpg',55,NULL,'2016-09-14 00:15:16','DES'),(1035,'Santiago','Perez Gonzalez','47180054Q','06/12/1991','Sabadell','',0,0,0,0,0,'public/equipos/images/55/foto/47180054Q.jpg','public/equipos/images/55/dni/47180054Q.jpg',55,NULL,'2016-09-14 00:15:16','DES'),(1036,'Christian','Delistovich Mangini','X5637419G','09/03/1991','Sabadell','',0,0,0,0,0,'public/equipos/images/55/foto/05637419G.jpg','public/equipos/images/55/dni/05637419G.jpg',55,NULL,'2016-09-14 00:15:16','DES'),(1037,'JUDITH','GORDILLO BARON','45855048V','26/05/1990','TERRASSA','',0,14,0,0,0,'public/equipos/images/18/foto/45855048V.jpg','public/equipos/images/18/dni/45855048V.jpg',18,NULL,'2016-09-14 00:15:16','DES'),(1038,'MARIA CARMEN','ALVAREZ REBOLLO','46642128Z','30/09/1971','SABADELL','',0,18,0,0,0,'public/equipos/images/51/foto/46642128Z.jpg','public/equipos/images/51/dni/46642128Z.jpg',51,NULL,'2017-09-17 20:39:04','ACT'),(1039,'Aina','Cabane Pascual','44997581J','31/07/1981','Sabadell','',0,0,0,0,0,'public/equipos/images/66/foto/44997581J.jpg','public/equipos/images/66/dni/44997581J.jpg',66,NULL,'2016-09-14 00:15:16','DES'),(1040,'Borja','Diestre Polo','47180046P','10/11/1991','Castellar del VallÃ¨s','',0,0,0,0,1,'public/equipos/images/68/foto/47180046P.jpg','public/equipos/images/68/dni/47180046P.jpg',68,NULL,'2016-09-14 00:15:16','DES'),(1041,'Salut','Tarruell Llonch','33904067C','22/06/1967','Sabadell','',0,4,0,0,0,'public/equipos/images/53/foto/33904067C.jpg','public/equipos/images/53/dni/33904067C.jpg',53,NULL,'2017-09-24 12:02:03','ACT'),(1042,'Marta','Carbo Pladellorens','34742064N','02/11/1971','Sabadell','',0,7,0,0,0,'public/equipos/images/53/foto/34742064N.jpg','public/equipos/images/53/dni/34742064N.jpg',53,NULL,'2017-09-24 12:02:03','ACT'),(1043,'Victoria','Demiguel Daria','43406093X','26/05/1965','Sabadell','',0,8,0,0,0,'public/equipos/images/53/foto/43406093X.jpg','public/equipos/images/53/dni/43406093X.jpg',53,NULL,'2016-09-14 00:15:16','DES'),(1044,'Lluisa','Turell Perez','34737137F','12/09/1969','Sabadell','',0,0,0,0,0,'public/equipos/images/53/foto/34737137F.jpg','public/equipos/images/53/dni/34737137F.jpg',53,NULL,'2017-09-24 12:02:03','ACT'),(1045,'Monica','Torrecilla Gumbau','33908250V','04/04/1968','Sabadell','',0,0,0,0,0,'public/equipos/images/53/foto/33908250V.jpg','public/equipos/images/53/dni/33908250V.jpg',53,NULL,'2017-09-24 12:02:03','ACT'),(1046,'Silvia','Rabasso Magem','34732795N','10/09/1969','Sabadell','',0,10,0,0,0,'public/equipos/images/53/foto/34732795N.jpg','public/equipos/images/53/dni/34732795N.jpg',53,NULL,'2016-09-14 00:15:16','DES'),(1047,'Josep','Guitar Pardellans','47183458Q','19/09/1991','Sabadell','',0,19,0,0,0,'public/equipos/images/62/foto/47183458Q.jpg','public/equipos/images/62/dni/47183458Q.jpg',62,NULL,'2016-09-14 00:15:16','DES'),(1048,'Marcel','Llorens Angles','53295470P','23/01/1991','Sant Cugat del VallÃ¨s','',0,23,0,0,0,'public/equipos/images/62/foto/53295470P.jpg','public/equipos/images/62/dni/53295470P.jpg',62,NULL,'2016-09-14 00:15:16','DES'),(1049,'Gabriel','Ruiz Bailon','33871036V','03/03/1961','Castellar del VallÃ¨s','',0,0,0,0,1,'public/equipos/images/68/foto/33871036V.jpg','public/equipos/images/68/dni/33871036V.jpg',68,NULL,'2016-09-14 00:15:16','DES'),(1050,'JAVIER','GOLBANO VALLADARES','34741309Q','29/09/1973','BARBERA DEL VALLES','',0,0,0,0,1,'public/equipos/images/43/foto/34741309Q.jpg','public/equipos/images/43/dni/34741309Q.jpg',43,NULL,'2016-09-14 00:15:16','DES'),(1051,'SONIA','GARCIA ROMERO','45487371E','18/09/1976','TERRASSA','',0,8,0,0,0,'public/equipos/images/40/foto/45487371E.jpg','public/equipos/images/40/dni/45487371E.jpg',43,NULL,'2016-09-14 00:15:16','DES'),(1052,'Andalucia',' Vila San Juan Mir','43151114D','09/03/1983','Barcelona','',0,0,0,0,0,'public/equipos/images/42/foto/43151114D.jpg','public/equipos/images/42/dni/43151114D.jpg',42,NULL,'2016-09-14 00:15:16','DES'),(1053,'JUDIT','MALGOSA MONTSERRAT','45491449W','20/01/1977','TERRASSA','',0,0,0,0,0,'public/equipos/images/37/foto/45491449W.jpg','public/equipos/images/37/dni/45491449W.jpg',37,NULL,'2016-09-14 00:15:16','DES'),(1054,'LAURA','OLOMI PENA','46825647Q','07/07/1988','RUBI','olomipena@gmail.com',616869547,0,0,0,0,'public/equipos/images/64/foto/46825647Q.jpg','public/equipos/images/64/dni/46825647Q.jpg',75,NULL,'2016-09-14 00:15:16','DES'),(1055,'AIDA','CEREZO LOZANO','46825970V','16/01/1986','RUBI','cerezo_lozano@hotmail.com',620324821,0,1,0,0,'public/equipos/images/64/foto/46825970V.jpg','public/equipos/images/64/dni/46825970V.jpg',75,NULL,'2017-09-21 16:29:21','ACT'),(1056,'MARIA ESTANY','GUTIERREZ ROVIRA','46822004F','19/10/1984','RUBI','',0,0,0,0,0,'public/equipos/images/64/foto/46822004F.jpg','public/equipos/images/64/dni/46822004F.jpg',75,NULL,'2017-09-21 16:29:21','ACT'),(1057,'ANA','DOMENE MEGIAS ','46820764D','08/07/1984','RUBI','',0,0,0,0,0,'public/equipos/images/64/foto/46820764D.jpg','public/equipos/images/64/dni/46820764D.jpg',75,NULL,'2017-09-21 16:29:21','ACT'),(1058,'ESTHER','ZOROA BERMEJO','47780221K','13/03/1985','RUBI','',0,0,0,0,0,'public/equipos/images/64/foto/47780221K.jpg','public/equipos/images/64/dni/47780221K.jpg',75,NULL,'2017-09-21 16:29:21','ACT'),(1059,'ANA ISABEL','RAYO LOPEZ','46828539X','26/04/1984','RUBI','',0,0,0,0,0,'public/equipos/images/64/foto/46828539X.jpg','public/equipos/images/64/dni/46828539X.jpg',75,NULL,'2017-09-21 16:29:21','ACT'),(1060,'GLORIA','PORRAS INFANTE','46823156D','25/08/1985','RUBI','',0,0,0,0,0,'public/equipos/images/64/foto/46823156D.jpg','public/equipos/images/64/dni/46823156D.jpg',75,NULL,'2016-09-14 00:15:16','DES'),(1061,'MARIA CARME','SUNE JANER','47780239Q','19/03/1985','RUBI','',0,0,0,0,0,'public/equipos/images/64/foto/47780239Q.jpg','public/equipos/images/64/dni/47780239Q.jpg',75,NULL,'2016-09-14 00:15:16','DES'),(1062,'EVA','MAIRAL MARTINEZ','47647812T','19/04/1983','RUBI','',0,0,0,1,0,'public/equipos/images/64/foto/47647812T.jpg','public/equipos/images/64/dni/47647812T.jpg',75,NULL,'2017-09-21 16:29:21','ACT'),(1063,'Albert','Moix Vallribera','47170223Y','24/05/1989','Sabadell','',0,10,0,0,0,'public/equipos/images/33/foto/47170223Y.jpg','public/equipos/images/33/dni/47170223Y.jpg',33,NULL,'2016-09-14 00:15:16','DES'),(1064,'MIREIA ','ABANT CONDAL','47181696W','25/03/1989','SABADELL','',0,0,0,0,0,'public/equipos/images/40/foto/47181696W.jpg','public/equipos/images/40/dni/47181696W.jpg',43,NULL,'2016-09-14 00:15:16','DES'),(1065,'BEATRIZ','GONZALEZ ZURDO','46825419H','23/12/1991','RUBI','',0,0,0,0,0,'public/equipos/images/64/foto/46825419H.jpg','public/equipos/images/64/dni/46825419H.jpg',75,NULL,'2016-09-14 00:15:16','DES'),(1066,'Sergi','Garcia carbo','47718315P','02/10/1982','Sabadell','sergigarciacarbo@gmail.com',618398080,0,0,0,0,'public/equipos/images/29/foto/47718315P.jpg','public/equipos/images/29/dni/47718315P.jpg',29,NULL,'2016-09-14 00:15:16','DES'),(1067,'Arnau ','Brunet Espuela','47152757C','29/09/1987','Sabadell','',0,0,0,0,0,'public/equipos/images/29/foto/47152757C.jpg','public/equipos/images/29/dni/47152757C.jpg',29,NULL,'2016-09-14 00:15:16','DES'),(1068,'LUIS FERMIN','GOMEZ SEGURA','52591584Z','16/04/1973','BARCELONA','',0,32,0,0,0,'public/equipos/images/19/foto/52591584Z.jpg','public/equipos/images/19/dni/52591584Z.jpg',19,NULL,'2017-09-13 21:14:51','ACT'),(1069,'Albert ','Vidal Aguado','48039004P','21/03/1994','Sant Quirze del VallÃ¨s','',0,4,0,0,0,'public/equipos/images/62/foto/48039004P.jpg','public/equipos/images/62/dni/48039004P.jpg',62,NULL,'2016-09-14 00:15:16','DES'),(1070,'ENCARNACION','GOMEZ GIL','34764611L','17/09/1974','BARBERA DEL VALLES','',0,0,0,1,0,'public/equipos/images/66/foto/34764611L.jpg','public/equipos/images/66/dni/34764611L.jpg',66,NULL,'2017-09-22 19:39:35','ACT'),(1071,'albert','sola capellas','53296758P','14/08/1991','rubi','',0,30,0,0,0,'public/equipos/images/54/foto/53296758P.jpg','public/equipos/images/54/dni/53296758P.jpg',22,NULL,'2016-09-14 00:15:16','DES'),(1072,'Ana ','Ruiz Illana','47416510D','17/06/1990','sabadell','',0,0,0,0,0,'public/equipos/images/39/foto/47416510D.jpg','public/equipos/images/39/dni/47416510D.jpg',39,NULL,'2016-09-14 00:15:16','DES'),(1073,'Josep ','Prats Feliu','39028432P','27/04/1955','Sabadell','jprats@gmail.com',937877878,0,1,0,0,'public/equipos/images/70/foto/39028432P.jpg','public/equipos/images/70/dni/39028432P.jpg',70,NULL,'2016-09-14 00:15:16','DES'),(1074,'Luis','Perdomo Pena','06359462P','09/03/1989','Sabadell','lperdomo@gmail.com',937676767,0,0,1,0,'public/equipos/images/70/foto/06359462P.jpg','public/equipos/images/70/dni/06359462P.jpg',70,NULL,'2016-09-14 00:15:16','DES'),(1075,'Leonor','Martinez Galvez','44988230T','06/02/1976','Sabadell','',0,0,0,0,0,'public/equipos/images/70/foto/44988230T.jpg','public/equipos/images/70/dni/44988230T.jpg',70,NULL,'2016-09-14 00:15:16','DES'),(1076,'Miquel','Garcia Moreno','44987572D','04/07/1976','Sabadell','',0,0,0,0,0,'public/equipos/images/70/foto/44987572D.jpg','public/equipos/images/70/dni/44987572D.jpg',70,NULL,'2016-09-14 00:15:16','DES'),(1077,'Mari Carmen','Martinez Martinez','39031804E','12/01/1956','Sabadell','',0,0,0,0,0,'public/equipos/images/70/foto/39031804E.jpg','public/equipos/images/70/dni/39031804E.jpg',70,NULL,'2016-09-14 00:15:16','DES'),(1078,'Manel ','Morago Rojas','46757600A','04/11/1977','Sabadell','',0,0,0,0,0,'public/equipos/images/70/foto/46757600A.jpg','public/equipos/images/70/dni/46757600A.jpg',70,NULL,'2016-09-14 00:15:16','DES'),(1079,'Daniel','De Castro Guerrero','44998227S','17/04/1985','Sabadell','',0,0,0,0,0,'public/equipos/images/70/foto/44998227S.jpg','public/equipos/images/70/dni/44998227S.jpg',70,NULL,'2016-09-14 00:15:16','DES'),(1080,'Laia','Sara de la Cruz','47103848D','21/05/1981','Pla de Can Migrat Collbato','',0,0,0,0,0,'public/equipos/images/26/foto/47103848D.jpg','public/equipos/images/26/dni/47103848D.jpg',26,NULL,'2016-09-14 00:15:16','DES'),(1081,'SANDRA','HUGUET MIGUELEZ','46976975G','08/05/1988','BARCELONA','',0,20,0,0,0,'public/equipos/images/18/foto/46976975G.jpg','public/equipos/images/18/dni/46976975G.jpg',18,NULL,'2017-10-08 22:07:42','ACT'),(1082,'Ruben','Montero Martinez','53030695D','23/07/1987','Cerdanyola del VallÃ¨s','',0,0,0,0,0,'public/equipos/images/56/foto/53030695D.jpg','public/equipos/images/56/dni/53030695D.jpg',56,NULL,'2016-09-14 00:15:16','DES'),(1083,'JENNIFER','SALGUERO RODRIGUEZ','47929188V','29/12/1990','BARBERA','',0,0,0,0,0,'public/equipos/images/66/foto/47929188V.jpg','public/equipos/images/66/dni/47929188V.jpg',66,NULL,'2016-09-14 00:15:16','DES'),(1084,'Sergi','Grau Borrull','47168294D','13/03/1987','Castellar del Valles','',0,0,0,0,0,'public/equipos/images/52/foto/47168294D.jpg','public/equipos/images/52/dni/47168294D.jpg',52,NULL,'2016-09-14 00:15:16','DES'),(1085,'Jordi','Santandreu Lorite','44020494N','23/09/1979','Barcelona','',0,0,0,0,0,'public/equipos/images/45/foto/44020494N.jpg','public/equipos/images/45/dni/44020494N.jpg',45,NULL,'2017-09-18 21:57:33','ACT'),(1086,'Natalia','Millan Rios','52169598D','20/06/1976','Granollers','',0,0,0,0,0,'public/equipos/images/21/foto/52169598D.jpg','public/equipos/images/21/dni/52169598D.jpg',21,NULL,'2016-09-14 00:15:16','DES'),(1087,'MARIA ISABEL','HERNANDO FERNANDEZ','45499725K','30/08/1983','TERRASSA','',0,0,0,0,0,'public/equipos/images/67/foto/45499725K.jpg','public/equipos/images/67/dni/45499725K.jpg',67,NULL,'2016-09-14 00:15:16','DES'),(1088,'MARTA','LOPEZ PLA','46376020Q','04/10/1995','TERRASSA','',0,0,0,0,0,'public/equipos/images/67/foto/46376020Q.jpg','public/equipos/images/67/dni/46376020Q.jpg',67,NULL,'2016-09-14 00:15:16','DES'),(1089,'Nuria','Beltran Pinto','47640376Q','09/03/1982','Barcelona','',0,0,0,0,0,'public/equipos/images/28/foto/47640376Q.jpg','public/equipos/images/28/dni/47640376Q.jpg',28,NULL,'2017-09-19 15:34:55','ACT'),(1090,'BELEN','DIOSDADO MACIAS','45875051X','30/11/1992','CERDANYOLA DEL VALLÃˆS','',0,0,0,0,0,'public/equipos/images/67/foto/45875051X.jpg','public/equipos/images/67/dni/45875051X.jpg',67,NULL,'2016-09-14 00:15:16','DES'),(1091,'GUILLEM','SAIZ CARALTO','47783787E','16/03/1989','CASTELLBISBAL','SOLOVEOVIAS@GMAIL.COM',661912926,1,0,0,0,'public/equipos/images/69/foto/47783787E.jpg','public/equipos/images/69/dni/47783787E.jpg',69,NULL,'2016-09-14 00:15:16','DES'),(1092,'Tomas','Lopez Saix','36448355W','05/05/1941','Cerdanyola Valles','',0,0,0,0,0,'public/equipos/images/17/foto/36448355W.jpg','public/equipos/images/17/dni/36448355W.jpg',17,NULL,'2017-09-19 17:43:20','ACT'),(1093,'Marc','Salas Arjona','46829393J','17/01/1985','Castellbisbal','',0,0,0,0,0,'public/equipos/images/69/foto/46829393J.jpg','public/equipos/images/69/dni/46829393J.jpg',69,NULL,'2016-09-14 00:15:16','DES'),(1094,'Xavier','Herrera Alonso','47418548T','27/02/1995','Sabadell','',0,12,0,0,0,'public/equipos/images/24/foto/47418548T.jpg','public/equipos/images/24/dni/47418548T.jpg',24,NULL,'2016-09-14 00:15:16','DES'),(1095,'ALEX   ',' CASTILLO GARCIA ','47182563H','14/04/1996','SABADELL','',0,11,0,0,0,'public/equipos/images/57/foto/47182563H.jpg','public/equipos/images/57/dni/47182563H.jpg',57,NULL,'2017-09-13 09:41:59','ACT'),(1096,'GEMMA','ABANT CONDAL','47181695R','25/03/1989','SABADELL','',0,0,0,0,0,'public/equipos/images/40/foto/47181695R.jpg','public/equipos/images/40/dni/47181695R.jpg',43,NULL,'2016-09-14 00:15:16','DES'),(1097,'Jordi','Granda Marquina','34755041V','27/04/1973','SABADELL','',0,0,0,0,0,'public/equipos/images/59/foto/34755041V.jpg','public/equipos/images/59/dni/34755041V.jpg',59,NULL,'2016-09-14 00:15:16','DES'),(1098,'Marc','Barcelo Llado','43156550V','26/04/1987','Palma','',0,12,0,0,0,'public/equipos/images/22/foto/43156550V.jpg','public/equipos/images/22/dni/43156550V.jpg',22,NULL,'2016-09-14 00:15:16','DES'),(1099,'MARIA DEL MAR','MACIA RUIZ','78083090E','03/02/1974','SANT CUGAT','',0,0,0,0,0,'public/equipos/images/40/foto/78083090E.jpg','public/equipos/images/40/dni/78083090E.jpg',43,NULL,'2016-09-14 00:15:16','DES'),(1100,'Javier','Del Val Honrubia','46806286K','03/04/1980','Cerdanyola del VallÃ¨s','',0,21,0,0,0,'public/equipos/images/22/foto/46806286K.jpg','public/equipos/images/22/dni/46806286K.jpg',22,NULL,'2016-09-14 00:15:16','DES'),(1101,'Lluis','Roque Rodriguez','46620569Y','06/08/1967','Terrassa','',0,40,0,0,0,'public/equipos/images/41/foto/46620569Y.jpg','public/equipos/images/41/dni/46620569Y.jpg',41,NULL,'2016-09-14 00:15:16','DES'),(1102,'JORDI','NAVARRO LOPEZ','34747363K','31/01/1970','SENTMENAT','',0,11,0,0,0,'public/equipos/images/25/foto/34747363K.jpg','public/equipos/images/25/dni/34747363K.jpg',25,NULL,'2016-09-14 00:15:16','DES'),(1103,'Esther','Ballesteros','34763747Y','19/05/1974','Sabadell','',0,19,0,0,0,'public/equipos/images/53/foto/34763747Y.jpg','public/equipos/images/53/dni/34763747Y.jpg',53,NULL,'2017-09-24 12:02:03','ACT'),(1104,'CRISTINA','SEPULVEDA FABREGAS','43541574K','11/08/1978','BARCELONA','',0,35,0,0,0,'public/equipos/images/51/foto/43541574K.jpg','public/equipos/images/51/dni/43541574K.jpg',51,NULL,'2017-09-17 20:39:04','ACT'),(1105,'Ricard','Codina Segui','47155883H','14/04/1993','Sabadell','',0,14,0,0,0,'public/equipos/images/20/foto/47155883H.jpg','public/equipos/images/20/dni/47155883H.jpg',20,NULL,'2017-12-21 21:54:26','ACT'),(1106,'SARA','CUBILLAS DURAN','44997995J','01/10/1978','SABADELL','',0,0,0,0,0,'public/equipos/images/40/foto/44997995J.jpg','public/equipos/images/40/dni/44997995J.jpg',43,NULL,'2016-09-14 00:15:16','DES'),(1107,'BELEN','MORAL ALMENARA','47178274F','11/03/1994','SABADELL','',0,0,0,0,0,'public/equipos/images/43/foto/47178274F.jpg','public/equipos/images/43/dni/47178274F.jpg',43,NULL,'2016-09-14 00:15:16','DES'),(1108,'CRISTINA','OLIVERAS PEREZ','45492885N','21/03/1987','SABADELL','',0,0,0,0,0,'public/equipos/images/43/foto/45492885N.jpg','public/equipos/images/43/dni/45492885N.jpg',43,NULL,'2016-09-14 00:15:16','DES'),(1109,'Alberto','Cayuelas Carrillo','47180183F','21/11/1991','Sabadell','',0,0,0,0,1,'public/equipos/images/27/foto/47180183F.jpg','public/equipos/images/27/dni/47180183F.jpg',27,NULL,'2016-09-14 00:15:16','DES'),(1110,'David ','Sanchez Romero','48142260V','06/12/1993','Torreles de Llobregat','',0,0,0,0,0,'public/equipos/images/56/foto/48142260V.jpg','public/equipos/images/56/dni/48142260V.jpg',56,NULL,'2016-09-14 00:15:16','DES'),(1111,'ANNA ','GARCIA GIL','47151697H','17/02/1982','SABADELL','',0,0,0,0,0,'public/equipos/images/43/foto/47151697H.jpg','public/equipos/images/43/dni/47151697H.jpg',43,NULL,'2016-09-14 00:15:16','DES'),(1112,'Ursula','Sanchez Socias','36529504F','20/08/1979','Santa Coloma de Gramenet','',0,0,0,0,0,'public/equipos/images/21/foto/36529504F.jpg','public/equipos/images/21/dni/36529504F.jpg',21,NULL,'2016-09-14 00:15:16','DES'),(1113,'MERCE','COMAS MANRESA','47725354D','30/03/1982','Barcelona','',0,14,0,0,0,'public/equipos/images/18/foto/47725354D.jpg','public/equipos/images/18/dni/47725354D.jpg',18,NULL,'2017-09-18 20:24:58','ACT'),(1114,'Sonia','Salinas Cifuentes','52912643Q','22/10/1977','Cerdanyola del Valles','',0,0,0,0,0,'public/equipos/images/42/foto/52912643Q.jpg','public/equipos/images/42/dni/52912643Q.jpg',42,NULL,'2016-09-14 00:15:16','DES'),(1115,'JORDI','HERRERO','44018234Y','02/01/1976','TERRASSA','',0,50,0,0,0,'public/equipos/images/41/foto/44018234Y.jpg','public/equipos/images/41/dni/44018234Y.jpg',41,NULL,'2016-09-14 00:15:16','DES'),(1116,'GUILLEM','ZANUY LOPEZ','47418032J','26/04/1990','SABADELL','',0,6,0,0,0,'public/equipos/images/25/foto/47418032J.jpg','public/equipos/images/25/dni/47418032J.jpg',25,NULL,'2016-09-14 00:15:16','DES'),(1118,'Raul','Primo Ruiz','44988692W','07/11/1982','Polinya  del Valles','',0,0,0,0,0,'public/equipos/images/59/foto/44988692W.jpg','public/equipos/images/59/dni/44988692W.jpg',59,NULL,'2016-09-14 00:15:16','DES'),(1119,'Jose','Perez Ordonez','45856021R','05/09/1986','Terrassa','',0,51,0,0,0,'public/equipos/images/41/foto/45856021R.jpg','public/equipos/images/41/dni/45856021R.jpg',41,NULL,'2016-09-14 00:15:16','DES'),(1120,'Nuria','Escofet Xercavins','47783278L','20/09/1991','Rubí','',0,0,0,0,0,'public/equipos/images/64/foto/47783278L.jpg','public/equipos/images/64/dni/47783278L.jpg',75,NULL,'2016-09-14 00:15:16','DES'),(1121,'Blanca','Gomez Taixonera','52598569F','22/06/1988','Sant Cugat Del Vallès','',0,0,0,0,0,'public/equipos/images/30/foto/52598569F.jpg','public/equipos/images/30/dni/52598569F.jpg',30,NULL,'2016-09-14 00:15:16','DES'),(1122,'Roger','Lligonya Peidro','47168698E','09/01/1985','Sabadell','',0,0,0,0,0,'public/equipos/images/60/foto/47168698E.jpg','public/equipos/images/60/dni/47168698E.jpg',60,NULL,'2016-09-14 00:15:16','DES'),(1123,'Carlos','Morales Perez','47171931N','12/02/1985','Sabadell','',0,0,0,0,0,'public/equipos/images/60/foto/47171931N.jpg','public/equipos/images/60/dni/47171931N.jpg',60,NULL,'2016-09-14 00:15:16','DES'),(1124,'Raul','Llorente Josende','44986402N','16/07/1980','Sabadell','',0,9,0,0,0,'public/equipos/images/57/foto/44986402N.jpg','public/equipos/images/57/dni/44986402N.jpg',57,NULL,'2016-09-14 00:15:16','DES'),(1125,'MARIA ISABEL','HERNANDO FERNANDEZ','45499725K','30/08/1983','TERRASSA','',0,15,0,1,0,'public/equipos/images/18/foto/45499725K.jpg','public/equipos/images/18/dni/45499725K.jpg',18,NULL,'2017-09-18 20:24:58','ACT'),(1126,'JUAN ANDRES','GARCIA BONILLO','34761244X','30/06/1978','SABADELL','',0,0,0,0,0,'public/equipos/images/65/foto/34761244X.jpg','public/equipos/images/65/dni/34761244X.jpg',65,NULL,'2016-09-14 00:15:16','DES'),(1127,'Josep','Gili Sagues','47173503C','06/10/1991','Castellar del VallÃ¨s','',0,15,0,0,0,'public/equipos/images/68/foto/47173503C.jpg','public/equipos/images/68/dni/47173503C.jpg',68,NULL,'2016-09-14 00:15:16','DES'),(1130,'LLU207SA','COSTA PAR205S','52276403W','21/04/1973','BADALONA','',0,0,0,0,0,'public/equipos/images/40/foto/52276403W.jpg','public/equipos/images/40/dni/52276403W.jpg',43,NULL,'2016-09-14 00:15:16','DES'),(1131,'MARIA JOSE','PENA CLEMENTE','39171222Z','22/08/1963','TERRASSA','',0,0,0,0,0,'public/equipos/images/40/foto/39171222Z.jpg','public/equipos/images/40/dni/39171222Z.jpg',43,NULL,'2016-09-14 00:15:16','DES'),(1132,'GUSTAVO','DOLDAN','04728064T','09/12/1966','SABADELL','',0,4,0,0,0,'public/equipos/images/58/foto/04728064T.jpg','public/equipos/images/58/dni/04728064T.jpg',58,NULL,'2016-09-14 00:15:16','DES'),(1133,'JAUME','VILADROSA CUTRINA','33901821M','18/12/1966','SABADELL','',0,6,0,0,0,'public/equipos/images/58/foto/33901821M.jpg','public/equipos/images/58/dni/33901821M.jpg',58,NULL,'2016-09-14 00:15:16','DES'),(1134,'GENIS','MARTINEZ PEREZ','47422653B','31/01/1997','SABADELL','',0,7,0,0,0,'public/equipos/images/58/foto/47422653B.jpg','public/equipos/images/58/dni/47422653B.jpg',58,NULL,'2017-09-12 22:49:18','ACT'),(1135,'OSCAR','GUIRADO ANTON','48197543P','14/09/1997','SABADELL','',0,9,0,0,0,'public/equipos/images/58/foto/48197543P.jpg','public/equipos/images/58/dni/48197543P.jpg',58,NULL,'2017-09-12 22:49:18','ACT'),(1136,'SERGIO','PENA CANO','49221912A','07/06/1997','SABADELL','',0,11,0,0,0,'public/equipos/images/58/foto/49221912A.jpg','public/equipos/images/58/dni/49221912A.jpg',58,NULL,'2017-09-12 22:49:18','ACT'),(1137,'JOAQUIN','TERUEL ORTEGA','34731672Q','28/12/1968','SABADELL','',0,14,0,0,0,'public/equipos/images/58/foto/34731672Q.jpg','public/equipos/images/58/dni/34731672Q.jpg',58,NULL,'2017-09-12 22:49:18','ACT'),(1138,'Marc','Barbal Torrontegui','47162377A','11/12/1983','Barber&#224; del Vall&#233;s ','mark.b.t.83@gmail.com',650550634,14,0,0,0,'public/equipos/images/49/foto/47162377A.jpg','public/equipos/images/49/dni/47162377A.jpg',49,NULL,'2016-09-14 00:15:16','DES'),(1139,'Alejandro','Pino Mateo','47163897M','14/02/1984','Sabadell','alejandro.pino.mateo@gmail.com',666666666,13,0,0,0,'public/equipos/images/49/foto/47163897M.jpg','public/equipos/images/49/dni/47163897M.jpg',49,NULL,'2016-09-14 00:15:16','DES'),(1140,'Maximo ','Castellanos GomezPastrana','34751287N','31/01/1983','Barberà del Vallès','',0,1,0,0,0,'public/equipos/images/49/foto/34751287N.jpg','public/equipos/images/49/dni/34751287N.jpg',49,NULL,'2017-09-18 19:26:49','ACT'),(1141,'RAQUEL','SANCHEZ MALDONADO','77676763J','17/01/1977','TERRASSA','',0,0,0,0,0,'public/equipos/images/40/foto/77676763J.jpg','public/equipos/images/40/dni/77676763J.jpg',43,NULL,'2016-09-14 00:15:16','DES'),(1143,'javier','arroyo roger','46805168F','26/05/1977','sabadell','',0,6,0,0,0,'public/equipos/images/23/foto/46805168F.jpg','public/equipos/images/23/dni/46805168F.jpg',23,NULL,'2016-09-14 00:15:16','DES'),(1144,'Delfina ','Sanchez Romero','46945279W','10/04/1983','Sabadell','',0,0,0,0,0,'public/equipos/images/42/foto/46945279W.jpg','public/equipos/images/42/dni/46945279W.jpg',42,NULL,'2016-09-14 00:15:16','DES'),(1145,'Marina ','Rodriguez Esteban ','45791035J','08/10/1993','Sabadell','',0,0,0,0,0,'public/equipos/images/42/foto/45791035J.jpg','public/equipos/images/42/dni/45791035J.jpg',42,NULL,'2016-09-14 00:15:16','DES'),(1146,'Nuria ','Puentes Jimenez','47647771M','20/04/1979','Sabadell','',0,0,0,0,0,'public/equipos/images/42/foto/47647771M.jpg','public/equipos/images/42/dni/47647771M.jpg',42,NULL,'2016-09-14 00:15:16','DES'),(1147,'CRISTINA','STANCIU','X9491592K','17/09/1980','Rumania','',0,0,0,0,0,'public/equipos/images/40/foto/X9491592K.jpg','public/equipos/images/40/dni/X9491592K.jpg',43,NULL,'2016-09-14 00:15:16','DES'),(1148,'ALBERT','NAVARRO VILCHES','A5259858','04/10/1980','TERRASSA','',0,6,0,0,0,'public/equipos/images/19/foto/A5259858.jpg','public/equipos/images/19/dni/A5259858.jpg',19,NULL,'2017-09-13 21:14:51','ACT'),(1149,'JOAN PAUL','MARCEL BARDELETTI','Y3657399E','03/07/1976','FRANCIA','',0,99,0,0,0,'public/equipos/images/19/foto/Y3657399E.jpg','public/equipos/images/19/dni/Y3657399E.jpg',19,NULL,'2017-09-13 21:14:51','ACT'),(1150,'Moises','Navio Alos','46945029M','19/05/1988','Barbera del Valles','',0,0,0,0,0,'public/equipos/images/31/foto/46945029M.jpg','public/equipos/images/31/dni/46945029M.jpg',31,NULL,'2017-09-12 17:33:54','ACT'),(1151,'Manuel','Cajaraville Jimenez','77121602A','11/12/1986','Barbera del Valles','',0,0,0,1,0,'public/equipos/images/31/foto/77121602A.jpg','public/equipos/images/31/dni/77121602A.jpg',31,'                 22/10/16  05/11/16     ','2017-09-12 17:33:54','ACT'),(1152,'Cecilio','Gea Rubio','46942600Z','27/05/1985','Ripollet','',0,0,0,0,0,'public/equipos/images/56/foto/46942600Z.jpg','public/equipos/images/56/dni/46942600Z.jpg',56,NULL,'2016-09-14 00:15:16','DES'),(1153,'Hector','Rodriguez Fernandez','47165299G','12/10/1991','Sabadell','wilson_23n@hotmail.com',677766435,0,0,0,0,'public/equipos/images/20/foto/47165299G.jpg','public/equipos/images/20/dni/47165299G.jpg',20,NULL,'2016-09-14 00:15:16','DES'),(1154,'Francisco','Coello Oller','53213321S','19/08/1984','Sabadell','',0,19,0,0,0,'public/equipos/images/33/foto/53213321S.jpg','public/equipos/images/33/dni/53213321S.jpg',33,NULL,'2016-09-14 00:15:16','DES'),(1155,'ALBERTO','HIJANO MORCILLO','45647708E','22/12/1987','TERRASSA','ALBERTOHIJANO4@GMAIL.COM',620173238,3,0,0,0,'public/equipos/images/74/foto/45647708E.jpg','public/equipos/images/74/dni/45647708E.jpg',74,NULL,'2016-09-14 00:15:16','DES'),(1156,'CARLOS','CARRASCO JURADO','47162019J','16/07/1986','CASTELLAR DEL VALL&#200;S','carloscarrasco@unireco.com',687965511,2,1,0,0,'public/equipos/images/74/foto/47162019J.jpg','public/equipos/images/74/dni/47162019J.jpg',74,NULL,'2016-09-14 00:15:16','DES'),(1157,'MARC','SANTIVERI JUVE','47162869N','13/01/1987','VALLDOREIX','',0,45,0,0,0,'public/equipos/images/74/foto/47162869N.jpg','public/equipos/images/74/dni/47162869N.jpg',74,NULL,'2016-09-14 00:15:16','DES'),(1158,'FRANCISCO JAVIER','GARCIA MELERO','44985932W','29/03/1987','SABADELL','',0,4,0,0,0,'public/equipos/images/74/foto/44985932W.jpg','public/equipos/images/74/dni/44985932W.jpg',74,NULL,'2016-09-14 00:15:16','DES'),(1159,'OSCAR','SAEZ RIOS','47155781P','23/04/1986','CASTELLAR DEL VALL&#200;S','',0,6,0,0,0,'public/equipos/images/74/foto/47155781P.jpg','public/equipos/images/74/dni/47155781P.jpg',74,NULL,'2016-09-14 00:15:16','DES'),(1160,'ALEX','TORRANO WAEBER','47173791D','23/08/1987','CASTELLAR DEL VALL&#200;S','',0,10,0,0,0,'public/equipos/images/74/foto/47173791D.jpg','public/equipos/images/74/dni/47173791D.jpg',74,NULL,'2016-09-14 00:15:16','DES'),(1161,'SERGIO','SAEZ RIOS','47155782D','27/03/1984','CASTELLAR DEL VALL&#200;S','',0,7,0,0,0,'public/equipos/images/74/foto/47155782D.jpg','public/equipos/images/74/dni/47155782D.jpg',74,NULL,'2016-09-14 00:15:16','DES'),(1162,'JAVIER','MARTIN MOYA','44985492E','28/11/1983','CASTELLAR DEL VALL&#200;S','',0,11,0,0,0,'public/equipos/images/74/foto/44985492E.jpg','public/equipos/images/74/dni/44985492E.jpg',74,NULL,'2016-09-14 00:15:16','DES'),(1163,'XIFRE','VIVES MUNTANER','53291580M','13/12/1988','SANT CUGAT DEL VALLES','',0,0,0,0,0,'public/equipos/images/38/foto/53291580M.jpg','public/equipos/images/38/dni/53291580M.jpg',38,NULL,'2017-09-29 15:05:49','ACT'),(1164,'Marti','Guell Arano','47183627R','28/09/1990','Sabadell','',0,0,0,0,0,'public/equipos/images/31/foto/47183627R.jpg','public/equipos/images/31/dni/47183627R.jpg',31,NULL,'2016-09-14 00:15:16','DES'),(1165,'ANA','BARATO TRIBALDOS','45495055C','27/10/1979','TERRASSA','',0,0,0,0,0,'public/equipos/images/51/foto/45495055C.jpg','public/equipos/images/51/dni/45495055C.jpg',51,NULL,'2017-09-17 20:39:04','ACT'),(1166,'NURIA','CANET JORDAN','39171383Z','10/07/1964','VILADECAVALLS','',0,0,0,0,0,'public/equipos/images/51/foto/39171383Z.jpg','public/equipos/images/51/dni/39171383Z.jpg',51,NULL,'2017-09-17 20:39:04','ACT'),(1167,'Ariadna ','Garcia Mainar','46808077H','10/09/1981','Barcelona','',0,0,0,0,0,'public/equipos/images/42/foto/46808077H.jpg','public/equipos/images/42/dni/46808077H.jpg',42,NULL,'2017-09-18 10:00:43','ACT'),(1168,'Roger','Valla Miranda','47183848S','21/06/1991','Sabadell','',0,0,0,0,0,'public/equipos/images/52/foto/47183848S.jpg','public/equipos/images/52/dni/47183848S.jpg',52,NULL,'2017-09-20 16:54:28','DES'),(1169,'Roger','P233rez Pareja','47162570N','17/12/1984','Sabadell','',0,4,0,0,0,'public/equipos/images/55/foto/47162570N.jpg','public/equipos/images/55/dni/47162570N.jpg',55,NULL,'2017-09-13 21:19:18','ACT'),(1170,'Ra250l ','Costa Manche241o','47752025T','22/12/1994','Castellar del Vall&#232;s','',0,17,0,0,0,'public/equipos/images/55/foto/47752025T.jpg','public/equipos/images/55/dni/47752025T.jpg',55,NULL,'2017-09-13 21:19:18','ACT'),(1171,'David','Pons Guma','49222352Y','23/01/1995','Sabadell','',0,7,0,0,0,'public/equipos/images/55/foto/49222352Y.jpg','public/equipos/images/55/dni/49222352Y.jpg',55,NULL,'2017-09-13 21:19:18','ACT'),(1172,'JOAN','ROCA SALVADO','47173360S','29/07/1994','CASTELLAR DEL VALL&#200;S','',0,0,0,0,0,'public/equipos/images/74/foto/47173360S.jpg','public/equipos/images/74/dni/47173360S.jpg',74,NULL,'2016-09-14 00:15:16','DES'),(1173,'Marc','Romera Calsina','47416983E','28/05/1995','Sant Quirze del Valles','marcromera.8@gmail.com',638064568,25,0,0,0,'public/equipos/images/97/foto/47416983E.jpg','public/equipos/images/97/dni/47416983E.jpg',97,NULL,'2016-09-14 00:15:16','DES'),(1174,'Albert','Pau Roig','47176600N','21/02/1994','Sabadell','albertpauroig@gmail.com',634795579,11,1,0,0,'public/equipos/images/97/foto/47176600N.jpg','public/equipos/images/97/dni/47176600N.jpg',97,NULL,'2016-09-14 00:15:16','DES'),(1175,'Guillem','Saiz Pascual','48195705X','05/07/1994','Sabadell','',0,17,0,0,0,'public/equipos/images/97/foto/48195705X.jpg','public/equipos/images/97/dni/48195705X.jpg',97,NULL,'2016-09-14 00:15:16','DES'),(1176,'Xavier','Marlasca Roig','47418619W','16/03/1995','Sant Quirze del Valles','',0,0,0,0,0,'public/equipos/images/97/foto/47418619W.jpg','public/equipos/images/97/dni/47418619W.jpg',97,NULL,'2016-09-14 00:15:16','DES'),(1177,'Carlos','Calvo San Emeterio','77122775A','19/01/1994','Sant Quirze del Valles','',0,42,0,0,0,'public/equipos/images/97/foto/77122775A.jpg','public/equipos/images/97/dni/77122775A.jpg',97,NULL,'2016-09-14 00:15:16','DES'),(1178,'Sergi','Rosa Molina','47751770K','19/07/1995','Sant Quirze del Valles','',0,20,0,1,0,'public/equipos/images/97/foto/47751770K.jpg','public/equipos/images/97/dni/47751770K.jpg',97,NULL,'2016-09-14 00:15:16','DES'),(1179,'Pol','Reina Marti','77126215Q','14/05/1994','Barbera del Valles','',0,21,0,0,0,'public/equipos/images/97/foto/77126215Q.jpg','public/equipos/images/97/dni/77126215Q.jpg',97,NULL,'2016-09-14 00:15:16','DES'),(1180,'Pol','Pujol Fonoll','48267599Y','04/05/1994','Sabadell','',0,5,0,0,0,'public/equipos/images/97/foto/48267599Y.jpg','public/equipos/images/97/dni/48267599Y.jpg',97,NULL,'2016-09-14 00:15:16','DES'),(1181,'Marc','Lopez Carne','47424053P','02/07/1994','Sabadell','',0,8,0,0,0,'public/equipos/images/97/foto/47424053P.jpg','public/equipos/images/97/dni/47424053P.jpg',97,NULL,'2016-09-14 00:15:16','DES'),(1182,'Daniel','Sanchez Pelaez','47164095L','28/03/1994','Sabadell','',0,91,0,0,0,'public/equipos/images/97/foto/47164095L.jpg','public/equipos/images/97/dni/47164095L.jpg',97,NULL,'2016-09-14 00:15:16','DES'),(1183,'Bernat','Lopez de Mantaras Aures','47184518H','28/01/1995','Sabadell','',0,10,0,0,0,'public/equipos/images/97/foto/47184518H.jpg','public/equipos/images/97/dni/47184518H.jpg',97,NULL,'2016-09-14 00:15:16','DES'),(1184,'Arnau','Samarra Mateu','53298558Z','20/05/1995','Sant Quirze del Valles','',0,7,0,0,0,'public/equipos/images/97/foto/53298558Z.jpg','public/equipos/images/97/dni/53298558Z.jpg',97,NULL,'2016-09-14 00:15:16','DES'),(1185,'MIREIA','BERNABEU RODRIGUEZ','47782810B','30/01/1992','TERRASSA','',0,0,0,0,0,'public/equipos/images/75/foto/47782810B.jpg','public/equipos/images/75/dni/47782810B.jpg',75,NULL,'2017-09-21 16:29:21','ACT'),(1186,'Manuel','Pedrosa Manchon','44989395S','17/05/1976','Sabadell','',0,0,0,0,0,'public/equipos/images/16/foto/44989395S.jpg','public/equipos/images/16/dni/44989395S.jpg',16,NULL,'2016-09-14 00:15:16','DES'),(1187,'Joan Enric','Garcia Romero','47177344C','03/10/1989','Sant Cugat del Valles','',0,4,0,0,0,'public/equipos/images/29/foto/47177344C.jpg','public/equipos/images/29/dni/47177344C.jpg',29,NULL,'2016-09-14 00:15:16','DES'),(1188,'Aitor','Perez Barrag225n','46949588X','12/07/1993','Barber&#224; del Vall&#232;s','',0,10,0,0,0,'public/equipos/images/36/foto/46949588X.jpg','public/equipos/images/36/dni/46949588X.jpg',36,NULL,'2016-09-14 00:15:16','DES'),(1189,'Carlos ','Jimenez Sanchez','47159060K','29/08/1982','Sabadell','',0,12,0,0,0,'public/equipos/images/36/foto/47159060K.jpg','public/equipos/images/36/dni/47159060K.jpg',36,NULL,'2016-09-14 00:15:16','DES'),(1190,'CARLOS','MARTINEZ CASTILLO','46753835X','26/12/1975','RUBI','',0,0,0,0,0,'public/equipos/images/45/foto/46753835X.jpg','public/equipos/images/45/dni/46753835X.jpg',45,NULL,'2017-09-18 21:57:33','ACT'),(1191,'Neus','Siso Vila','53029604e','27/02/1983','Barcelona','',0,0,0,0,0,'public/equipos/images/26/foto/53029604e.jpg','public/equipos/images/26/dni/53029604e.jpg',26,NULL,'2016-09-14 00:15:16','DES'),(1192,'Immaculada','Gràcia Alonso','45649728H','20/06/1987','Sabadell','',0,0,0,0,0,'public/equipos/images/39/foto/45649728H.jpg','public/equipos/images/39/dni/45649728H.jpg',39,NULL,'2016-09-14 00:15:16','DES'),(1193,'Maria ','Boixadera Valls','47182666Y','13/12/1990','Sabadell','',0,0,0,0,0,'public/equipos/images/39/foto/47182666Y.jpg','public/equipos/images/39/dni/47182666Y.jpg',39,NULL,'2017-09-16 09:44:39','ACT'),(1194,'Maria ','Mallofre Garcia','47419069S','24/05/1991','Sabadell ','',0,0,0,0,0,'public/equipos/images/39/foto/47419069S.jpg','public/equipos/images/39/dni/47419069S.jpg',39,NULL,'2016-09-14 00:15:16','DES'),(1195,'Marta ','Calvet Pey','44998673R','30/10/1989','Sabadell','',0,0,0,0,0,'public/equipos/images/39/foto/44998673R.jpg','public/equipos/images/39/dni/44998673R.jpg',39,NULL,'2017-09-16 09:44:39','ACT'),(1196,'Sandra ','Font Valverde','47165191B','29/10/1983','Sentmenat','',0,0,0,0,0,'public/equipos/images/39/foto/47165191B.jpg','public/equipos/images/39/dni/47165191B.jpg',39,NULL,'2017-09-16 09:44:39','ACT'),(1197,'Silvia ','Lopez Diaz','46944855S','02/10/1990','Sabadell','',0,0,0,0,0,'public/equipos/images/39/foto/46944855S.jpg','public/equipos/images/39/dni/46944855S.jpg',39,NULL,'2016-09-14 00:15:16','DES'),(1198,'Jonathan Paul','Serrano Mora','47418801T','26/06/1990','Sabadell','',0,23,0,0,0,'public/equipos/images/57/foto/47418801T.jpg','public/equipos/images/57/dni/47418801T.jpg',57,NULL,'2016-09-14 00:15:16','DES'),(1199,'Marc','Larroda Pardell','48196486D','03/04/1996','Sant Quirze del Valles','',0,13,0,0,0,'public/equipos/images/97/foto/48196486D.jpg','public/equipos/images/97/dni/48196486D.jpg',97,NULL,'2016-09-14 00:15:16','DES'),(1200,'Llu237s ','Lindo Zapater','34751892L','25/04/1972','Sabadell','',0,14,0,0,0,'public/equipos/images/55/foto/34751892L.jpg','public/equipos/images/55/dni/34751892L.jpg',55,NULL,'2016-09-14 00:15:16','DES'),(1201,'Cristobal','Lindo Zapater','44996192G','05/08/1983','Sabadell','',0,0,0,0,0,'public/equipos/images/55/foto/44996192G.jpg','public/equipos/images/55/dni/44996192G.jpg',55,NULL,'2017-09-13 21:19:18','ACT'),(1202,'Alex','Moreno Garrido','47415851V','24/04/1996','Sabadell','',0,23,0,0,0,'public/equipos/images/55/foto/47415851V.jpg','public/equipos/images/55/dni/47415851V.jpg',55,NULL,'2016-09-14 00:15:16','DES'),(1203,'Sergio ','Costa Manche241o','47417016D','30/05/1991','Castellar del Vall&#232;s','',0,15,0,0,0,'public/equipos/images/55/foto/47417016D.jpg','public/equipos/images/55/dni/47417016D.jpg',55,NULL,'2016-09-14 00:15:16','DES'),(1204,'Carlos','Rovira Muñoz','20465288A','10/04/1982','Sabadell','',0,0,0,0,0,'public/equipos/images/56/foto/20465288A.jpg','public/equipos/images/56/dni/20465288A.jpg',56,NULL,'2016-09-14 00:15:16','DES'),(1205,'Alberto','Porqueras Talavera','47722181X','13/08/1987','Caldes de Montbui','',0,30,0,0,0,'public/equipos/images/34/foto/47722181X.jpg','public/equipos/images/34/dni/47722181X.jpg',34,NULL,'2016-09-14 00:15:16','DES'),(1206,'David','Muñoz Ramirez','49487210L','16/08/1996','Sabadell','',0,18,0,0,0,'public/equipos/images/34/foto/49487210L.jpg','public/equipos/images/34/dni/49487210L.jpg',34,NULL,'2016-09-14 00:15:16','DES'),(1207,'David','Martin Fernandez','47155240L','23/01/1987','Sabadell','',0,15,0,0,0,'public/equipos/images/34/foto/47155240L.jpg','public/equipos/images/34/dni/47155240L.jpg',34,NULL,'2016-09-14 00:15:16','DES'),(1208,'SERGIO','GARCIA HERNANDEZ','53290105W','24/11/1987','BARBERA DEL BALL&#201;S','',0,0,0,0,0,'public/equipos/images/25/foto/53290105W.jpg','public/equipos/images/25/dni/53290105W.jpg',25,NULL,'2016-09-14 00:15:16','DES'),(1209,'Cristian ','Boller Cruz','47418245L','21/11/1994','Sabadell','',0,0,0,0,0,'public/equipos/images/32/foto/47418245L.jpg','public/equipos/images/32/dni/47418245L.jpg',32,NULL,'2016-09-14 00:15:16','DES'),(1210,'Edgar','Alonso Fontanet ','44993100V','12/01/1984','Sabadell','',0,0,0,0,0,'public/equipos/images/32/foto/44993100V.jpg','public/equipos/images/32/dni/44993100V.jpg',32,NULL,'2016-09-14 00:15:16','DES'),(1211,'Jordi','Llort Bosch ','47167864Q','01/07/1988','Castellar del Vall&#232;s','',0,11,0,0,0,'public/equipos/images/32/foto/47167864Q.jpg','public/equipos/images/32/dni/47167864Q.jpg',32,NULL,'2016-09-14 00:15:16','DES'),(1212,'Ricard','Canet Salvador','47174504D','02/05/1989','Sabadell','',0,16,0,0,0,'public/equipos/images/32/foto/47174504D.jpg','public/equipos/images/32/dni/47174504D.jpg',32,NULL,'2017-09-18 12:20:24','ACT'),(1213,'Nuria','Romogosa Cintas','776313668','01/11/1977','Esparreguera','',0,0,0,0,0,'public/equipos/images/26/foto/776313668.jpg','public/equipos/images/26/dni/776313668.jpg',26,NULL,'2016-09-14 00:15:16','DES'),(1214,'Gemma','Roig Bosch','47604355j','11/07/1980','Barcelona','',0,0,0,0,0,'public/equipos/images/26/foto/47604355j.jpg','public/equipos/images/26/dni/47604355j.jpg',26,NULL,'2016-09-14 00:15:16','DES'),(1215,'Mireia','Andreu Robert','53296786J','10/03/1992','Sant Cugat del Valles','',0,0,0,0,0,'public/equipos/images/53/foto/53296786J.jpg','public/equipos/images/53/dni/53296786J.jpg',53,NULL,'2016-09-14 00:15:16','DES'),(1216,'Neus','Grau Medina','47152231T','15/12/1992','Sabadell','',0,0,0,0,0,'public/equipos/images/53/foto/47152231T.jpg','public/equipos/images/53/dni/47152231T.jpg',53,NULL,'2016-09-14 00:15:16','DES'),(1217,'JORDI','PUJADES OTERO','46829658W','29/10/1992','RUBI','',0,0,0,0,1,'public/equipos/images/75/foto/46829658W.jpg','public/equipos/images/75/dni/46829658W.jpg',75,NULL,'2016-09-14 00:15:16','DES'),(1218,'IVAN','JIMENEZ PARRA','47179154J','23/06/1991','CASTELLAR DEL VALL&#200;S','',0,0,0,0,0,'public/equipos/images/74/foto/47179154J.jpg','public/equipos/images/74/dni/47179154J.jpg',74,NULL,'2016-09-14 00:15:16','DES'),(1219,'JOSE ANTONIO','MURUA LOZANO','47168892D','25/09/1986','CASTELLAR DEL VALL&#200;S','',0,0,0,1,0,'public/equipos/images/74/foto/47168892D.jpg','public/equipos/images/74/dni/47168892D.jpg',74,NULL,'2016-09-14 00:15:16','DES'),(1220,'Montse ','Ribera Oriach','34749281F','13/01/1972','Castellar del Vall&#232;s','',0,6,0,0,0,'public/equipos/images/30/foto/34749281F.jpg','public/equipos/images/30/dni/34749281F.jpg',30,NULL,'2016-09-14 00:15:16','DES'),(1221,'Olga ','Luque Sanchez','44183828T','11/07/1974','Barcelona','',0,10,0,0,0,'public/equipos/images/30/foto/44183828T.jpg','public/equipos/images/30/dni/44183828T.jpg',30,NULL,'2017-09-14 13:15:55','ACT'),(1222,'Jordi','Martinez Gutes ','47418190X','07/11/1995','Sabadell','',0,4,0,0,0,'public/equipos/images/32/foto/47418190X.jpg','public/equipos/images/32/dni/47418190X.jpg',32,NULL,'2016-09-14 00:15:16','DES'),(1223,'Aran','Llaquet Bayo','47171248L','11/11/1986','Sant Ferran de Ses Roquetes','',0,0,0,0,0,'public/equipos/images/29/foto/47171248L.jpg','public/equipos/images/29/dni/47171248L.jpg',29,NULL,'2017-09-12 17:27:56','ACT'),(1224,'Carles',' Estrada Girbau','48195028T','15/03/1995','Sabadell','',0,14,0,0,0,'public/equipos/images/24/foto/48195028T.jpg','public/equipos/images/24/dni/48195028T.jpg',24,NULL,'2016-09-14 00:15:16','DES'),(1225,'Santiago','Salas Pinol','48268728P','07/03/1995','Sabadell','',0,11,0,0,0,'public/equipos/images/24/foto/48268728P.jpg','public/equipos/images/24/dni/48268728P.jpg',24,NULL,'2017-09-27 14:24:26','ACT'),(1226,'ANA','VILORIA ORFILA','44994640Q','30/08/1979','SANT QUIRZE DEL VALLES','',0,0,0,0,0,'public/equipos/images/40/foto/44994640Q.jpg','public/equipos/images/40/dni/44994640Q.jpg',43,NULL,'2016-09-14 00:15:16','DES'),(1227,'Francesc','Murria Farnos','46679256M','14/02/1977','Molins de Rei','',0,0,0,0,0,'public/equipos/images/59/foto/46679256M.jpg','public/equipos/images/59/dni/46679256M.jpg',59,NULL,'2016-09-14 00:15:16','DES'),(1228,'Alba','Montfort Jornet','45646676W','05/03/1985','Terrassa','',0,0,0,0,0,'public/equipos/images/63/foto/45646676W.jpg','public/equipos/images/63/dni/45646676W.jpg',63,NULL,'2017-09-22 18:44:49','ACT'),(1229,'Noelia','Zarzuela Puerta','45881626F','09/08/1994','Terrassa','',0,0,0,0,0,'public/equipos/images/63/foto/45881626F.jpg','public/equipos/images/63/dni/45881626F.jpg',63,NULL,'2016-09-14 00:15:16','DES'),(1230,'Marina','Llonch Maserachs','45494805T','08/05/1985','Terrassa','',0,0,0,0,0,'public/equipos/images/63/foto/45494805T.jpg','public/equipos/images/63/dni/45494805T.jpg',63,NULL,'2016-09-14 00:15:16','DES'),(1231,'Alba','Perez Ojeda','45647853Y','01/06/1985','Terrassa','',0,0,0,0,0,'public/equipos/images/63/foto/45647853Y.jpg','public/equipos/images/63/dni/45647853Y.jpg',63,NULL,'2017-09-22 18:44:49','ACT'),(1232,'Carmen','Garcia Sanchez','45857167C','12/06/1987','Terrassa','',0,0,0,0,0,'public/equipos/images/63/foto/45857167C.jpg','public/equipos/images/63/dni/45857167C.jpg',63,NULL,'2017-09-22 18:44:49','ACT'),(1233,'Marc','Valldeperas Nieva','47782614E','28/08/1988','Castellbisbal','',0,0,0,0,0,'public/equipos/images/69/foto/47782614E.jpg','public/equipos/images/69/dni/47782614E.jpg',69,NULL,'2016-09-14 00:15:16','DES'),(1234,'Marc','Bosch Lopez','47907719F','06/04/1992','Castellbisbal','',0,0,0,0,0,'public/equipos/images/69/foto/47907719F.jpg','public/equipos/images/69/dni/47907719F.jpg',69,NULL,'2016-09-14 00:15:16','DES'),(1235,'Sergi','Aixala Capaces','47781914N','11/12/1987','Castellbisbal','',0,0,0,0,0,'public/equipos/images/69/foto/47781914N.jpg','public/equipos/images/69/dni/47781914N.jpg',69,NULL,'2017-09-14 14:17:16','ACT'),(1236,'Xavier','Serentill Viera','77632217H','23/06/1986','Castellbisbal','',0,0,0,0,0,'public/equipos/images/69/foto/77632217H.jpg','public/equipos/images/69/dni/77632217H.jpg',69,NULL,'2016-09-14 00:15:16','DES'),(1237,'ROSA MARIA','CALATAYUD VALDES','39173054Y','25/09/1965','TERRASSA','',0,0,0,0,0,'public/equipos/images/37/foto/39173054Y.jpg','public/equipos/images/37/dni/39173054Y.jpg',37,NULL,'2016-09-14 00:15:16','DES'),(1238,'QUERALT','GUITIERREZ CALATAYUD','45932298X','26/04/1996','TERRASSA','',0,0,0,0,0,'public/equipos/images/37/foto/45932298X.jpg','public/equipos/images/37/dni/45932298X.jpg',37,NULL,'2016-09-14 00:15:16','DES'),(1239,'GEMMA','ABAD LOPEZ','45483111J','04/06/1975','TERRASSA','',0,0,0,0,0,'public/equipos/images/37/foto/45483111J.jpg','public/equipos/images/37/dni/45483111J.jpg',37,NULL,'2016-09-14 00:15:16','DES'),(1240,'MARIA ARANTZA','LOPEZ GUI209ON','45489222Y','03/08/1977','TERRASSA','',0,0,0,0,0,'public/equipos/images/37/foto/45489222Y.jpg','public/equipos/images/37/dni/45489222Y.jpg',37,NULL,'2016-09-14 00:15:16','DES'),(1241,'AINA','MARTINEZ SIBILA','45646681F','04/07/1990','TERRASSA','',0,0,0,0,0,'public/equipos/images/37/foto/45646681F.jpg','public/equipos/images/37/dni/45646681F.jpg',37,NULL,'2016-09-14 00:15:16','DES'),(1242,'ALEXANDRE','RODRIGUEZ DURAN','47170913Y','13/09/1984','SABADELL','',0,7,0,0,0,'public/equipos/images/60/foto/47170913Y.jpg','public/equipos/images/60/dni/47170913Y.jpg',60,NULL,'2016-09-14 00:15:16','DES'),(1243,'MANEL','ROMAN LOPEZ','47157188N','15/01/1981','SABADELL','',0,12,0,0,0,'public/equipos/images/60/foto/47157188N.jpg','public/equipos/images/60/dni/47157188N.jpg',60,NULL,'2016-09-14 00:15:16','DES'),(1244,'Albert','Llop Diaz','47928275R','11/07/1994','Castellbisbal','',0,0,0,0,0,'public/equipos/images/69/foto/47928275R.jpg','public/equipos/images/69/dni/47928275R.jpg',69,NULL,'2016-09-14 00:15:16','DES'),(1246,'David','Canyadell Sala','47154254E','24/08/1980','Sabadell','',0,6,0,0,0,'public/equipos/images/46/foto/47154254E.jpg','public/equipos/images/46/dni/47154254E.jpg',29,NULL,'2016-09-14 00:15:16','DES'),(1247,'David','Fernandez Montero','47737100W','14/05/1985','Barbera del Valles','',0,0,0,0,0,'public/equipos/images/31/foto/47737100W.jpg','public/equipos/images/31/dni/47737100W.jpg',31,NULL,'2016-09-14 00:15:16','DES'),(1248,'Carles','Droguet Rifa','77632484D','09/06/1986','Sant Lloren&#231; Savall','',0,33,0,0,0,'public/equipos/images/52/foto/77632484D.jpg','public/equipos/images/52/dni/77632484D.jpg',52,NULL,'2016-09-14 00:15:16','DES'),(1249,'Guillem','Torralba Coma','77632448L','21/06/1986','Sant Lloren&#231; Savall','',0,21,0,0,0,'public/equipos/images/52/foto/77632448L.jpg','public/equipos/images/52/dni/77632448L.jpg',52,NULL,'2016-09-14 00:15:16','DES'),(1250,'Joaquin','Lerra Baena','44983137J','27/04/1975','Sabadell','',0,4,0,0,0,'public/equipos/images/45/foto/44983137J.jpg','public/equipos/images/45/dni/44983137J.jpg',45,NULL,'2016-09-14 00:15:16','DES'),(1251,'Marc','Sanchez Llorens','47180768v','23/06/1990','Sabadell','',0,33,0,0,0,'public/equipos/images/46/foto/47180768v.jpg','public/equipos/images/46/dni/47180768v.jpg',50,NULL,'2016-09-14 00:15:16','DES'),(1252,'OSCAR','VILLANUAVA FERRER','53296093X','02/01/1991','SANT CUGAT DEL VALLES','',0,0,0,0,0,'public/equipos/images/38/foto/53296093X.jpg','public/equipos/images/38/dni/53296093X.jpg',38,NULL,'2016-09-14 00:15:16','DES'),(1253,'JAVIER','CASTRILLON MERA','52193658B','19/01/1969','SABADELL','',0,0,0,0,0,'public/equipos/images/16/foto/52193658B.jpg','public/equipos/images/16/dni/52193658B.jpg',16,NULL,'2017-09-13 15:45:56','ACT'),(1254,'JESUS','LARA PI DE LA SERRA','77629637Z','17/02/1987','CASTELLBISBAL','',0,0,0,0,0,'public/equipos/images/69/foto/77629637Z.jpg','public/equipos/images/69/dni/77629637Z.jpg',69,NULL,'2017-09-14 14:17:16','DES'),(1255,'LAURA','RAYA TENA','34766640R','25/01/1980','SABADELL','',0,0,0,0,0,'public/equipos/images/51/foto/34766640R.jpg','public/equipos/images/51/dni/34766640R.jpg',51,NULL,'2017-09-17 20:39:04','ACT'),(1256,'MARIA DEL CARMEN','CALVELL MONTURIOL','35091777X','15/11/1965','BARCELONA','',0,0,0,0,0,'public/equipos/images/28/foto/35091777X.jpg','public/equipos/images/28/dni/35091777X.jpg',28,NULL,'2016-09-14 00:15:16','DES'),(1257,'Andreu','Masdefiol Garriga','47421821F','01/09/1993','Sabadell','',0,0,0,0,0,'public/equipos/images/55/foto/47421821F.jpg','public/equipos/images/55/dni/47421821F.jpg',55,NULL,'2017-09-13 21:19:18','ACT'),(1258,'KARIM JOAQUIN','BOUAHMED GARCIA','48269639E','04/09/1997','SABADELL','',0,0,0,0,0,'public/equipos/images/58/foto/48269639E.jpg','public/equipos/images/58/dni/48269639E.jpg',58,NULL,'2016-09-14 00:15:16','DES'),(1259,'ROGER','URBANO ENCINAS','47421163Q','27/12/1997','SABADELL','',0,31,0,0,0,'public/equipos/images/58/foto/47421163Q.jpg','public/equipos/images/58/dni/47421163Q.jpg',58,NULL,'2016-09-14 00:15:16','DES'),(1260,'MARIA ESTHER','SAN MIGUEL ROMERO','46652665V','31/03/1967','BARCELONA','',0,0,0,0,0,'public/equipos/images/28/foto/46652665V.jpg','public/equipos/images/28/dni/46652665V.jpg',28,NULL,'2017-09-19 15:34:55','ACT'),(1261,'JOSE DANIEL','MENDEZ COMERMA','47177617V','06/11/1987','Sabadell','',0,5,0,0,0,'public/equipos/images/60/foto/47177617V.jpg','public/equipos/images/60/dni/47177617V.jpg',60,NULL,'2016-09-14 00:15:16','DES'),(1262,'ALBA','GARZON MANJON','47168984D','28/05/1987','SABADELL','',0,0,0,0,0,'public/equipos/images/66/foto/47168984D.jpg','public/equipos/images/66/dni/47168984D.jpg',66,NULL,'2016-09-14 00:15:16','DES'),(1263,'JESSICA','GONZALEZ BERVIS','34730342C','07/02/1982','BARBERA','',0,0,0,0,0,'public/equipos/images/66/foto/34730342C.jpg','public/equipos/images/66/dni/34730342C.jpg',66,NULL,'2016-09-14 00:15:16','DES'),(1264,'GEMMA','ENFEDAQUE MONTES','40449035Q','06/12/1978','BARCELONA','',0,0,0,0,0,'public/equipos/images/66/foto/40449035Q.jpg','public/equipos/images/66/dni/40449035Q.jpg',66,NULL,'2017-09-22 19:39:35','ACT'),(1265,'ANNA','BERBEL ORTEGA','47182261S','09/04/1992','BARBERA; DEL VALLES','',0,0,0,0,0,'public/equipos/images/66/foto/47182261S.jpg','public/equipos/images/66/dni/47182261S.jpg',66,NULL,'2016-09-14 00:15:16','DES'),(1266,'Sonia','Garcia Romero','45487191E','18/09/1976','Terrassa','',0,23,0,0,0,'public/equipos/images/30/foto/45487191E.jpg','public/equipos/images/30/dni/45487191E.jpg',30,NULL,'2016-09-14 00:15:16','DES'),(1267,'CRISTINA','PEREZ TOMAS','45881026M','20/04/1989','TERRASSA','',0,0,0,0,0,'public/equipos/images/37/foto/45881026M.jpg','public/equipos/images/37/dni/45881026M.jpg',37,NULL,'2016-09-14 00:15:16','DES'),(1268,'Ivan','Mangas Suarez','47167758W','17/01/1990','Sabadell','',0,0,0,0,0,'public/equipos/images/31/foto/47167758W.jpg','public/equipos/images/31/dni/47167758W.jpg',31,NULL,'2016-09-14 00:15:16','DES'),(1269,'Carlos','Maestre Munoz','47182671B','01/10/1995','Sabadell','',0,77,0,0,0,'public/equipos/images/24/foto/47182671B.jpg','public/equipos/images/24/dni/47182671B.jpg',24,NULL,'2016-09-14 00:15:16','DES'),(1270,'EILA','NAVARRO IBA209EZ','43451804C','31/12/1978','TERRASSA','',0,13,0,0,0,'public/equipos/images/18/foto/43451804C.jpg','public/equipos/images/18/dni/43451804C.jpg',18,NULL,'2016-09-14 00:15:16','DES'),(1271,'Silvia ','Ruiz Baez','39184977S','13/05/1970','Terrassa','',0,0,0,0,0,'public/equipos/images/63/foto/39184977S.jpg','public/equipos/images/63/dni/39184977S.jpg',63,NULL,'2017-09-22 18:44:49','ACT'),(1272,'Nuria ','Ventura Callus','45857308T','05/01/1990','Terrassa','',0,0,0,0,0,'public/equipos/images/63/foto/45857308T.jpg','public/equipos/images/63/dni/45857308T.jpg',63,NULL,'2017-09-22 18:44:49','ACT'),(1273,'MERITXELL','MONTSERRAT CASANOVAS','46822414A','06/04/1981','TERRASSA','',0,11,0,0,0,'public/equipos/images/18/foto/46822414A.jpg','public/equipos/images/18/dni/46822414A.jpg',18,NULL,'2018-02-12 14:13:34','ACT'),(1274,'SANTIAGO','PARRAGA CEBRIAN','48195602E','17/10/1997','SABADELL','',0,17,0,0,0,'public/equipos/images/58/foto/48195602E.jpg','public/equipos/images/58/dni/48195602E.jpg',58,NULL,'2016-09-14 00:15:16','DES'),(1275,'Bernat','LLASTARRI VAZQUEZ','43561068B','28/06/1989','BARCELONA','',0,0,0,0,0,'public/equipos/images/50/foto/43561068B.jpg','public/equipos/images/50/dni/43561068B.jpg',50,NULL,'2016-09-14 00:15:16','DES'),(1276,'Vanessa','Roja Martinez','46996639J','26/01/1978','Sabadell','',0,0,0,0,0,'public/equipos/images/42/foto/46996639J.jpg','public/equipos/images/42/dni/46996639J.jpg',42,NULL,'2016-09-14 00:15:16','DES'),(1277,'SILVIA','GONZALEZ ZURDO','47929700T','17/01/1998','RUBI','',0,0,0,0,0,'public/equipos/images/75/foto/47929700T.jpg','public/equipos/images/75/dni/47929700T.jpg',75,NULL,'2016-09-14 00:15:16','DES'),(1278,'Antonio Manuel','Angulo Espinoza','47740532F','04/07/1990','Guayaquil (Ecuador)','',0,0,0,0,1,'public/equipos/images/75/foto/47740532F.jpg','public/equipos/images/75/dni/47740532F.jpg',75,NULL,'2016-09-14 00:15:16','DES'),(1279,'Elisabeth','Cano Morillo','43539964K','18/08/1990','Sabadell','',0,0,0,0,0,'public/equipos/images/39/foto/43539964K.jpg','public/equipos/images/39/dni/43539964K.jpg',39,NULL,'2017-09-16 09:44:39','DES'),(1280,'ANA MARIA ','SIMANCAS GENICIO ','46805154Q','11/06/1977','SABADELL','',0,0,0,0,0,'public/equipos/images/42/foto/46805154Q.jpg','public/equipos/images/42/dni/46805154Q.jpg',42,'','2017-09-18 10:00:43','ACT'),(1281,'MONTSERRAT','TORRENTE TOMAS','38091112F','01/12/1968','BARCELONA','',0,0,0,0,0,'public/equipos/images/40/foto/38091112F.jpg','public/equipos/images/40/dni/38091112F.jpg',43,NULL,'2016-09-14 00:15:16','DES'),(1282,'Santiago','Sanchez Bosch','47179020V','04/09/1991','Sabadell','',0,4,0,0,0,'public/equipos/images/33/foto/47179020V.jpg','public/equipos/images/33/dni/47179020V.jpg',33,NULL,'2017-09-19 18:51:07','ACT'),(1283,'Arnau','Lopez Arboleda','47170266A','13/11/1988','Sabadell','',0,33,0,0,0,'public/equipos/images/74/foto/47170266A.jpg','public/equipos/images/74/dni/47170266A.jpg',74,NULL,'2016-09-14 00:15:16','DES'),(1284,'Jordi','Pratginestos Bages','44994753Z','02/09/1977','Sabadell','',0,0,0,0,0,'public/equipos/images/36/foto/44994753Z.jpg','public/equipos/images/36/dni/44994753Z.jpg',36,NULL,'2016-09-14 00:15:16','DES'),(1285,'ALBERTO','GUTIERREZ MARTIN','46770829F','14/02/1979','BARCELONA','',0,0,0,0,0,'public/equipos/images/45/foto/46770829F.jpg','public/equipos/images/45/dni/46770829F.jpg',45,NULL,'2017-09-18 21:57:33','ACT'),(1286,'Isaias','Peret Maroto','34759565X','30/08/1973','Sabadell','',0,24,0,0,0,'public/equipos/images/57/foto/34759565X.jpg','public/equipos/images/57/dni/34759565X.jpg',57,NULL,'2016-09-14 00:15:16','DES'),(1287,'Angel Luis','Tetilla Herrero','53026358L','23/03/1980','Martorelles','',0,32,0,0,0,'public/equipos/images/22/foto/53026358L.jpg','public/equipos/images/22/dni/53026358L.jpg',22,NULL,'2016-09-14 00:15:16','DES'),(1288,'Emilio Rubén ','Callejo Betelu','47151373Q','24/02/1972','Badia del Vallès','',0,0,0,0,0,'public/equipos/images/50/foto/47151373Q.jpg','public/equipos/images/50/dni/47151373Q.jpg',50,NULL,'2016-09-14 00:15:16','DES'),(1289,'JUAN CARLOS','NICOLAS GAZULLA','44998624K','11/07/1978','SABADELL','',0,32,0,0,0,'public/equipos/images/48/foto/44998624K.jpg','public/equipos/images/48/dni/44998624K.jpg',100,NULL,'2017-09-20 09:38:13','ACT'),(1290,'SARA','BASTIDA BELTRAN','44981076E','26/07/1976','SABADELL','',0,0,0,0,0,'public/equipos/images/40/foto/44981076E.jpg','public/equipos/images/40/dni/44981076E.jpg',43,NULL,'2016-09-14 00:15:16','DES'),(1291,'CARLOS RAMON','BRIA COLIN','44982326F','02/01/1975','SABADELL','',0,33,0,0,0,'public/equipos/images/25/foto/44982326F.jpg','public/equipos/images/25/dni/44982326F.jpg',25,NULL,'2016-09-14 00:15:16','DES'),(1292,'Pedro','Garcia Martin','46649080C','27/06/1975','Barcelona','',0,10,0,0,0,'public/equipos/images/49/foto/46649080C.jpg','public/equipos/images/49/dni/46649080C.jpg',49,NULL,'2016-09-14 00:15:16','DES'),(1293,'Salvador','Lopez Rubio','47783944H','22/01/1994','Castellbisbal','',0,0,0,0,0,'public/equipos/images/69/foto/47783944H.jpg','public/equipos/images/69/dni/47783944H.jpg',69,NULL,'2016-09-14 00:15:16','DES'),(1294,'David','Moral Rodriguez','47782852F','29/06/1990','Castellbisbal','',0,0,0,0,0,'public/equipos/images/69/foto/47782852F.jpg','public/equipos/images/69/dni/47782852F.jpg',69,NULL,'2017-09-14 14:17:16','ACT'),(1295,'Marc','Lopez Manzano','47172905C','28/12/1990','Sabadell','',0,7,0,0,0,'public/equipos/images/31/foto/47172905C.jpg','public/equipos/images/31/dni/47172905C.jpg',31,NULL,'2017-09-12 17:33:54','ACT'),(1296,'EVA ','QUESADA SANFELIU','47987040R','13/07/1993','TERRASSA','',0,0,0,0,0,'public/equipos/images/18/foto/47987040R.jpg','public/equipos/images/18/dni/47987040R.jpg',18,NULL,'2016-09-14 00:15:16','DES'),(1297,'david','martinez centurion','70871923E','04/01/1979','barcelona','',0,7,0,0,0,'public/equipos/images/60/foto/70871923E.jpg','public/equipos/images/60/dni/70871923E.jpg',60,NULL,'2016-09-14 00:15:16','DES'),(1298,'GEMMA ','ABANT CONDAL','47181695R','25/03/1989','SABADELL','',0,0,0,0,0,'public/equipos/images/40/foto/47181695R.jpg','public/equipos/images/40/dni/47181695R.jpg',43,NULL,'2016-09-14 00:15:16','DES'),(1299,'GIANLUCA','BASSO','02056101Q','30/06/1971','SABADELL','',0,0,0,0,0,'public/equipos/images/58/foto/02056101Q.jpg','public/equipos/images/58/dni/02056101Q.jpg',58,NULL,'2017-09-12 22:49:18','ACT'),(1300,'Adria','Arbones Martinez','47416433R','02/12/1991','Sabadell','',0,12,0,0,0,'public/equipos/images/68/foto/47416433R.jpg','public/equipos/images/68/dni/47416433R.jpg',68,NULL,'2016-09-14 00:15:16','DES'),(1301,'SUSANA','CORTES PETIT','39384250Q','18/04/1985','MARTORELL','',0,0,0,0,0,'public/equipos/images/66/foto/39384250Q.jpg','public/equipos/images/66/dni/39384250Q.jpg',66,NULL,'2016-09-14 00:15:16','DES'),(1302,'Just','Garcia Moreno','34730798Q','25/10/1972','Sabadell','',0,0,0,0,0,'public/equipos/images/50/foto/34730798Q.jpg','public/equipos/images/50/dni/34730798Q.jpg',50,NULL,'2016-09-14 00:15:16','DES'),(1303,'Agustin','Elizalde Areste','79273630J','28/11/1989','Sabadell','',0,13,0,0,0,'public/equipos/images/52/foto/79273630J.jpg','public/equipos/images/52/dni/79273630J.jpg',52,NULL,'2017-09-20 16:54:28','ACT'),(1304,'EDGARD','PUENTE SIMON','46628904S','02/02/1974','BARCELONA','',0,69,0,0,0,'public/equipos/images/38/foto/46628904S.jpg','public/equipos/images/38/dni/46628904S.jpg',38,NULL,'2016-09-14 00:15:16','DES'),(1305,'Rafael','Gamez Cortijo','40997477T','11/01/1976','Sabadell','',0,0,0,0,0,'public/equipos/images/50/foto/40997477T.jpg','public/equipos/images/50/dni/40997477T.jpg',50,NULL,'2017-09-21 23:55:08','ACT'),(1384,'Joaquin','Garcia Velazquez','77127105D','11/06/1996','Barberà del Vallés','joaquingarciavelazquez@gmail.com',663423717,1,0,0,0,'public/equipos/images/91/foto/JOAQUIN_FOTO.jpg','public/equipos/images/91/dni/JOAQUIN_DNI.jpg',91,NULL,'2016-09-14 00:15:16','DES'),(1385,'Albert','Castel Vico','46873422C','07/09/1993','Barberà del Vallés','albercavi17@hotmail.com',676591025,7,0,0,0,'public/equipos/images/91/foto/ALBERT_FOTO.jpg','public/equipos/images/91/dni/ALBERT_DNI.jpg',91,NULL,'2017-09-18 10:30:07','ACT'),(1386,'Marc','Arto Ylla','47737097E','12/08/1986','Sabadell','m.artoylla@gmail.com',666690145,4,1,0,0,'public/equipos/images/91/foto/MARC_FOTO.jpg','public/equipos/images/91/dni/MARC_DNI.jpg',91,NULL,'2017-09-18 10:30:07','ACT'),(1387,'Sergi','Villa Jubina','47239832V','20/02/1998','Sabadell','sergivj@hotmail.com',657371488,10,0,0,0,'public/equipos/images/91/foto/SERGI_FOTO.jpeg','public/equipos/images/91/dni/SERGI_DNI.jpeg',91,NULL,'2017-09-18 10:30:07','ACT'),(1388,'Carles','Droget Rifa','77632484D','09/06/1986','Sant Llorenç Savall','carles.droguet@hotmail.com',675346078,3,0,0,0,'public/equipos/images/91/foto/CARLES_FOTO.jpg','public/equipos/images/91/dni/CARLES_DNI.jpg',91,'            15/10/16 15/10/16 antiesportives          ','2017-09-18 10:30:07','ACT'),(1389,'Guillem','Torralba Coma','77632448L','21/06/1986','Sant Llorenç Savall','guil86papisok@hotmail.com',646192646,21,0,0,0,'public/equipos/images/91/foto/GUILLEM_FOTO.jpg','public/equipos/images/91/dni/GUILLEM_DNI.jpg',91,NULL,'2017-09-18 10:30:07','ACT'),(1390,'Manel','Hernandez Megias','47179066V','03/10/1989','Sabadell','Manel.hernandez.megias@gmail.com',600327977,71,0,0,0,'public/equipos/images/91/foto/MANEL_FOTO.jpg','public/equipos/images/91/dni/MANEL_DNI.jpg',91,NULL,'2016-09-14 00:15:16','DES'),(1391,'Miguel Angel','Hernandez Megias','47179065Q','09/06/1986','Sabadell','miguelhernangel@gmail.com',616248013,17,0,0,0,'public/equipos/images/91/foto/MIGUEL_FOTO.JPG','public/equipos/images/91/dni/MIGUEL_DNI.jpg',91,NULL,'2016-09-14 00:15:16','DES'),(1395,'ERNESTO','MIQUEL ROCO','79140533V','11/02/1969','SABADELL','TRENILLA@HOTMAIL.COM',629657875,50,0,0,0,'public/equipos/images/96/foto/th_FOTO_ERNESTO1.jpg','public/equipos/images/96/dni/th_DNI_ERNESTO.jpg',96,NULL,'2016-09-14 10:12:31','DES'),(1396,'OSCAR','AVENTIN','46627191G','10/11/1972','SABADELL','OAVENTIN@GMAIL.COM',607329411,12,0,0,0,'public/equipos/images/96/foto/IMG_20160913_195627.JPG','public/equipos/images/96/dni/IMG_20160913_195627.JPG',96,NULL,'2017-09-21 17:13:10','ACT'),(1397,'OSCAR','ALBA ZAMORA','34761238G','10/10/1975','SABADELL','OAZNOA@GMAIL.COM',679522650,11,0,0,0,'public/equipos/images/96/foto/IMG_20160913_181948.JPG','public/equipos/images/96/dni/IMG_20160913_181948.JPG',96,NULL,'2017-09-21 17:13:10','ACT'),(1398,'JORDI','PRATGINESTOS PAGES','44994753Z','02/12/1977','SABADELL','JORDIPRATGI@HOTMAIL.COM',696806345,9,0,0,0,'public/equipos/images/96/foto/IMG_20160913_180325.JPG','public/equipos/images/96/dni/IMG_20160913_180325.JPG',96,NULL,'2017-09-21 17:13:10','ACT'),(1399,'RAUL','LOPEZ ESPINOSA','X6460791E','20/02/1982','SABADELL','RAUL-NORD@HOTMAIL.COM',692220716,13,0,0,0,'public/equipos/images/96/foto/IMG_20160914_105417.JPG','public/equipos/images/96/dni/IMG_20160914_105417.JPG',96,NULL,'2016-09-14 11:10:19','DES'),(1400,'MONICA','ALCAINE LARA','53061709L','08/04/1978','BADALONA','monikaalcaine@gmail.com',665123584,0,0,0,0,'public/equipos/images/42/foto/foto.jpg','public/equipos/images/42/dni/Dni1.jpg',42,NULL,'2017-09-18 10:00:43','ACT'),(1401,'JOSE ANTONIO','DEL PERAL ROSADO','47169099D','17/10/1986','SABADELL','josedelperal@gmail.com',637737538,10,0,0,0,'public/equipos/images/16/foto/WhatsApp_Image_2016-09-14_at_15_38_53.jpeg','public/equipos/images/16/dni/WhatsApp_Image_2016-09-14_at_15_44_45.jpeg',16,NULL,'2017-09-18 13:53:47','ACT'),(1402,'DAVID','ALBA BIELSA','47169264J','23/05/1982','SABADELL','david_alba82@hotmail.com',616855873,32,0,0,0,'public/equipos/images/100/foto/IMG-20140807-WA0001-1-1.jpg','public/equipos/images/100/dni/DNI_frontal.jpg',100,NULL,'2017-09-20 09:18:50','ACT'),(1403,'JORDI','OTON MONTIA','46809535G','13/05/1981','CERDANYOLA DEL VALLÈS','jordi.oton.m@gmail.com',616946752,34,0,0,0,'public/equipos/images/100/foto/CARETOjpg.jpg','public/equipos/images/100/dni/DNIjpg.jpg',100,NULL,'2016-09-14 21:03:59','DES'),(1404,'JORDI','GARCIA ORRIOLS','48195856T','26/10/1993','SABADELL','jogaorri@gmail.com',651772900,9,0,0,0,'public/equipos/images/91/foto/JORDI_FOTO.jpg','public/equipos/images/91/dni/JORDI_DNI.jpg',91,NULL,'2017-09-18 10:30:07','ACT'),(1405,'MIREIA','JoDAR JIMeNEZ','46944386Y','06/12/1982','RIPOLLET','miresergio07@hotmail.com',667768676,7,0,1,0,'public/equipos/images/102/foto/foto_carnet1.jpg','public/equipos/images/102/dni/foto_dni.jpg',102,NULL,'2016-09-15 11:47:05','DES'),(1406,'DEBORAH','VALDIVIA DEL RiO','46824433K','04/05/1979','RUBí','deborah.cion@gmail.com',686831454,13,1,0,0,'public/equipos/images/102/foto/DSC_0218.JPG','public/equipos/images/102/dni/DSC_0214.JPG',102,NULL,'2016-09-15 12:02:14','DES'),(1407,'JOAQUIM','RIOS GARRIGA','47184334H','01/04/1997','SABADELL','quim97.rios@gmail.com',689911074,0,0,0,0,'public/equipos/images/58/foto/IMG_20160907_194019_121.jpg','public/equipos/images/58/dni/IMG_20160915_112130_261.JPG',58,NULL,'2016-09-15 12:31:36','DES'),(1408,'MIGUEL ANGEL ','PEREZ GUEVARA','33902305Y','23/02/1967','SABADELL','hermosoguevara@hotmail.com',645467872,0,0,0,0,'public/equipos/images/58/foto/IMG-20160915-WA0001.jpg','public/equipos/images/58/dni/IMG_20160915_111955_526.JPG',58,NULL,'2017-09-12 22:49:18','ACT'),(1409,'LLUIS','SANJUAN DIVISON','47421599S','18/04/1994','SABADELL','lluis.sanjuan@outlook.com',683438366,88,0,0,0,'public/equipos/images/31/foto/IMG-20160914-WA0000.jpg','public/equipos/images/31/dni/IMG-20160914-WA0001.jpg',31,NULL,'2016-09-15 12:57:29','DES'),(1410,'CRISTINA','CASTEL VICO','46873421L','24/06/1989','BARBERA DEL VALLES','criiiscavi@gmail.com',606346392,0,0,0,0,'public/equipos/images/102/foto/foto_cristina.jpg','public/equipos/images/102/dni/DNI_cristina1.jpg',102,NULL,'2016-09-15 13:09:01','DES'),(1411,'LAURA','VALDIVIA DEL RiO','46824435T','07/01/1987','RUBí','laura.valdivia87@gmail.com',645460470,4,0,0,0,'public/equipos/images/102/foto/NuevoDocumento_7.jpg','public/equipos/images/102/dni/dni_laura.jpg',102,NULL,'2016-09-15 13:22:30','DES'),(1412,'CARME','SUNE JANER','47780239Q','19/03/1985','RUBí','isis.csj@gmail.com',676731049,0,0,0,0,'public/equipos/images/75/foto/Carme_Suñé_Foto.jpg','public/equipos/images/75/dni/Carme_Suñé_DNI.jpg',75,NULL,'2016-09-15 21:09:04','DES'),(1413,'JOAN','MERCADAL SALLENT','36556927Z','27/07/1955','RUBÍ','mercadaljoan@gmail.com',609667738,0,0,0,1,'public/equipos/images/75/foto/Joan_Mercadal_foto.jpg','public/equipos/images/75/dni/Joan_Mercadal_DNI.jpg',75,NULL,'2017-09-21 16:29:21','ACT'),(1414,'SALVADOR','LLADO PASCUAL','44990818N','23/03/1984','SABADELL','salvallado@gmail.com',609083932,13,0,0,0,'public/equipos/images/74/foto/1cc10f76-a034-47d1-8d2c-cb6cfd4eb8e9.jpg','public/equipos/images/74/dni/eb8ad981-8d8b-45c5-b30e-f273b4f98685.jpg',74,NULL,'2016-09-16 10:22:43','DES'),(1415,'RAMON ','FERNANDEZ RODRIGUEZ','47173251K','11/12/1991','CASTELLAR DEL VALLES','ramonba@gmail.com',647026482,3,0,0,0,'public/equipos/images/74/foto/FB_IMG_1474014242534.jpg','public/equipos/images/74/dni/af468488-a9a9-4426-8dfc-c92170e30e5d.jpg',74,NULL,'2016-09-16 10:28:05','DES'),(1416,'ALBERT ','MOIX VALLRIBERA','47170223Y','24/05/1989','SABADELL','albert.moix@gmail.com',659890738,10,0,0,0,'public/equipos/images/74/foto/be6a59f5-263c-40ea-a2ee-33abe4353e10.jpg','public/equipos/images/74/dni/3124c29e-a200-4322-a3f9-79f9a952baef.jpg',74,NULL,'2016-09-16 10:30:24','DES'),(1417,'JOSE ','SANCHEZ FUENTES','77126841K','22/04/1992','MOLLET DEL VALLES','jfsanfu@gmail.com',654109335,22,0,0,0,'public/equipos/images/74/foto/d67c5baa-68e9-45f1-a6f7-b35b1fb55c58.jpg','public/equipos/images/74/dni/b8e21526-26db-4269-b046-da1ca53b5e42.jpg',74,NULL,'2016-09-16 10:31:30','DES'),(1418,'ORIOL','CASTILLO GARCIA','77126697S','07/11/1993','TERRASSA','Oriol.c14@gmail.com',690352172,33,0,0,0,'public/equipos/images/74/foto/1be2cfc4-9732-4bf7-8464-5f41a4b8e9f7.jpg','public/equipos/images/74/dni/c20513dd-0918-4c4b-aec6-5fe40d2e026d.jpg',74,NULL,'2016-09-16 10:33:07','DES'),(1419,'JORDI','LLOBET ROMEU','77676456M','09/04/1980','CASTELLAR DEL VALLES','llobet@cllobet.e.telefonica.net',647002258,14,0,0,0,'public/equipos/images/74/foto/IMG-20160908-WA0008.jpg','public/equipos/images/74/dni/IMG-20160908-WA0007.jpg',23,NULL,'2017-09-15 15:57:46','ACT'),(1420,'ALEXANDRE ','VInUELA CORDERAS','77123128B','25/01/1985','BARBERA DEL VALLES','Biby_3_rtnb@hotmail.com',626625099,11,0,0,0,'public/equipos/images/31/foto/IMG-20160914-WA0003.jpg','public/equipos/images/31/dni/IMG-20160914-WA0002.jpg',31,NULL,'2016-09-16 11:08:16','DES'),(1421,'DAVID ','GoMEZ CAMPOS ','77120717S','26/05/1986','BARBERA DEL VALLES','d.gomez8624@gmail.com',635914553,86,0,0,0,'public/equipos/images/31/foto/IMG-20160914-WA0004.jpg','public/equipos/images/31/dni/IMG-20160914-WA0005.jpg',31,NULL,'2017-09-12 17:33:54','ACT'),(1422,'OSCAR','GALLARDO TRABALON','34765526Z','24/02/1977','SABADELL','OGALLARDO@HOTMAIL.COM',722757812,0,0,0,0,'public/equipos/images/96/foto/th_IMG_20160916_110935.jpg','public/equipos/images/96/dni/IMG_20160916_110935.JPG',96,NULL,'2017-09-21 17:13:10','ACT'),(1423,'DANIEL','GALEANO CEBRINO','53287048G','18/03/1984','BADALONA','dgaleano@eservicios.indra.es',699148748,0,0,0,0,'public/equipos/images/34/foto/Foto_Daniel_Galeano.jpg','public/equipos/images/34/dni/DNI_Daniel_Galeano.jpg',34,NULL,'2017-09-22 13:18:59','ACT'),(1424,'ALBA ','GoMEZ ARANDA','46826908N','21/07/1985','RUBí','albagomez6@hotmail.com',650101467,16,0,0,0,'public/equipos/images/102/foto/IMG_20160915_175712.jpg','public/equipos/images/102/dni/dni_alba_gomez.jpg',102,NULL,'2016-09-16 11:57:54','DES'),(1425,'DANIEL','CASTRO PARRoN','41625451M','13/01/1994','BARBERá DEL VALLES','daniel.castro@gmail.com',680947601,0,0,0,0,'public/equipos/images/34/foto/Foto_Daniel_Castro.jpg','public/equipos/images/34/dni/DNI_Daniel_Castro.JPG',34,NULL,'2016-09-16 11:58:49','DES'),(1426,'ALEJANDRO','BAENA RUANO','46948254X','09/08/1994','BADIA DEL VALLéS','alejandro.baena.ruano@gmail.com',645424779,0,0,0,0,'public/equipos/images/34/foto/Foto_Alex_Baena.jpg','public/equipos/images/34/dni/DNI_Alex_Baena.jpg',34,NULL,'2016-09-16 12:01:03','DES'),(1427,'MARTA','SANCHEZ OLIVARES','53028207M','10/05/1986','MONTCADA I REIXAC','atram.86@gmail.com',653345440,12,0,0,0,'public/equipos/images/102/foto/foto_carnet_Marta.jpg','public/equipos/images/102/dni/dni_marta.jpg',102,NULL,'2016-09-16 12:09:12','DES'),(1428,'LAURA','HOMET GARCIA','47180444S','18/12/1995','CASTELLAR DEL VALLèS','laurahometgarcia@gmail.com',663965370,4,0,1,0,'public/equipos/images/105/foto/FOTOHomet.jpg','public/equipos/images/105/dni/DNIHomet.jpg',105,NULL,'2017-09-26 14:15:16','ACT'),(1429,'CLaUDIA','MATA PARIS','47175714T','27/01/1995','CASTELLAR DEL VALLèS','claudiamparis12@gmail.com',651184689,12,0,0,0,'public/equipos/images/105/foto/FOTOClau.jpg','public/equipos/images/105/dni/DNIClau.jpg',105,NULL,'2016-09-16 17:18:29','DES'),(1430,'GEORGINA','JULIANA MASIP','79272561W','05/01/1997','CASTELLAR DEL VALLèS','ginajuliana10@gmail.com',654210978,10,0,0,0,'public/equipos/images/105/foto/FOTOGina.jpg','public/equipos/images/105/dni/DNIGina.jpg',105,NULL,'2017-09-26 14:15:16','ACT'),(1431,'IVAN','FIGUERAS BARTA','44983211H','12/09/1975','MONISTROL DE CALDERS','ivan@microblau.net',610776351,0,0,0,0,'public/equipos/images/17/foto/foto_carnet.jpg','public/equipos/images/17/dni/dni1.jpg',17,NULL,'2016-09-16 17:28:36','DES'),(1432,'DAVID','PEnA SaNCHEZ','46809009F','31/08/1985','CERDANYOLA DEL VALLéS','dpsanchez31@gmail.com',605327041,0,0,0,0,'public/equipos/images/17/foto/FotoCarnetDavid.jpg','public/equipos/images/17/dni/DNI_Delantera.jpg',17,NULL,'2016-09-16 17:42:28','DES'),(1433,'NuRIA','GILI SAGUeS','79273253G','16/12/1994','CASTELLAR DEL VALLèS','nuriagilisagues6@gmail.com',664536978,5,0,0,0,'public/equipos/images/105/foto/FOTONuria.jpg','public/equipos/images/105/dni/DNINuria.jpg',105,NULL,'2017-09-26 14:15:16','ACT'),(1434,'MERITXELL','PIZARRO ARMENGOL','45648918J','08/09/1988','TERRASSA','xell939@gmail.com',638757459,0,0,0,0,'public/equipos/images/63/foto/IMG_0267_(1).JPG','public/equipos/images/63/dni/IMG_0266_(1).JPG',63,NULL,'2016-09-16 18:10:52','DES'),(1435,'SANDRA','OLMO FORTE','45489058A','06/01/1976','TERRASSA','sandraolmo10@gmail.com',666522522,0,0,0,0,'public/equipos/images/63/foto/FullSizeRender.jpg','public/equipos/images/63/dni/sandradni.jpg',63,NULL,'2016-09-16 18:23:47','DES'),(1436,'MONTSE','PLANAS ROS','45884928C','23/03/1992','TERRASSA','montse_planas@hotmail.com',654990634,0,0,0,0,'public/equipos/images/63/foto/Montsefoto.jpg','public/equipos/images/63/dni/DNI_MontsePlanas.jpg',63,NULL,'2017-09-22 18:44:49','ACT'),(1437,'MERCe','CATLLa VILa','45463315C','25/07/1970','ULLASTRELL','mcatllavila@gmail.com',667657468,0,0,0,0,'public/equipos/images/63/foto/image1.JPG','public/equipos/images/63/dni/FullSizeRender_(1).jpg',63,NULL,'2016-09-16 18:35:43','DES'),(1438,'CLARA','RUSInOL CURTIELLAS','49220211G','11/07/1997','CASTELLAR DEL VALLèS','clararusinyol@gmail.com',679790866,13,0,0,0,'public/equipos/images/105/foto/FOTOclara.jpg','public/equipos/images/105/dni/DNIClara.jpg',105,NULL,'2017-09-26 14:15:16','ACT'),(1439,'XAVI','HERRERA ALONSO','47418548T','27/02/1995','SABADELL','xavi.herrera.alonso@gmail.com',628112982,12,0,0,0,'public/equipos/images/55/foto/FOTO_CARNET.JPG','public/equipos/images/55/dni/DNI_DAVANT.JPG',55,NULL,'2017-09-13 21:19:18','ACT'),(1440,'JAVIER','MOLINA DIAZ','46462376F','25/09/1984','SABADELL','javimodi@hotmail.com',665483021,0,0,0,0,'public/equipos/images/33/foto/FOTO_Javi.jpg','public/equipos/images/33/dni/DNI_Javi.jpg',33,NULL,'2017-09-19 18:51:07','ACT'),(1441,'BRENDA','CHECA ALIAS','47422552W','12/12/1994','CASTELLAR DEL VALLèS','brendacheca_8@hotmail.com',663300540,8,1,0,0,'public/equipos/images/105/foto/FOTOBre.jpg','public/equipos/images/105/dni/DNIBre.jpg',105,NULL,'2017-09-26 14:15:16','ACT'),(1442,'JUDITH','JIMeNEZ CREUS','47179374A','04/09/1996','CASTELLAR DEL VALLèS','judithjc16@gmail.com',671194743,16,0,0,0,'public/equipos/images/105/foto/FOTOJime.jpg','public/equipos/images/105/dni/DNIJime.jpg',105,NULL,'2016-09-18 20:21:09','DES'),(1443,'ALBERT','FALCo GAMUNDI','47157382E','17/11/1988','CASTELLAR DEL VALLES','Faltzy17@gmail.com',663574514,17,1,0,0,'public/equipos/images/68/foto/Albert.jpg','public/equipos/images/68/dni/Albert.jpg',68,NULL,'2016-09-19 00:00:34','DES'),(1444,'JORDI','JIMENEZ GARCIA','44998554C','29/06/1980','BARBERA DEL VALLES','jordijimenez1980@hotmail.com',699846116,20,0,0,0,'public/equipos/images/17/foto/Scan1.jpg','public/equipos/images/17/dni/Scan9.jpg',17,NULL,'2016-09-19 09:52:48','DES'),(1445,'OSCAR','SABORIDO MORALES','47170394Q','09/12/1986','SABADELL','osaborido@gmail.com',639752561,11,0,1,0,'public/equipos/images/91/foto/OSCAR_FOTO.JPG','public/equipos/images/91/dni/OSCAR_DNI.jpg',91,NULL,'2017-09-18 10:30:07','ACT'),(1446,'JOAN','LLADo VIZUETE','47421277S','20/06/1992','SABADELL','LLadovizuete@gmail.com',665109057,24,0,0,0,'public/equipos/images/57/foto/joan_llado.jpg','public/equipos/images/57/dni/IMG-20160919-WA0000.jpg',57,NULL,'2017-09-13 09:42:00','ACT'),(1447,'JONATHAN ','FERNaNDEZ CHECA','47423177Y','22/03/1992','SABADELL','jonathan.fc@hotmail.es',637273185,33,0,0,0,'public/equipos/images/31/foto/IMG-20160919-WA0001.jpg','public/equipos/images/31/dni/IMG-20160919-WA0000.jpg',31,NULL,'2017-09-12 17:33:54','ACT'),(1448,'DANIEL ','SaNCHEZ PELAEZ','47164095L','28/03/1994','SABADELL','dd28@hotmail.es',651490595,12,0,0,0,'public/equipos/images/31/foto/_20160919_113049.JPG','public/equipos/images/31/dni/IMG-20160919-WA0002.jpg',31,NULL,'2017-09-12 17:33:54','ACT'),(1449,'JORDI','SaNDEZ MARTiNEZ','47184805Y','22/10/1992','SABADELL','jordisandez@gmail.com',626324801,22,0,0,0,'public/equipos/images/98/foto/foto_carné.jpg','public/equipos/images/98/dni/DNI.jpg',98,NULL,'2017-09-13 09:40:16','ACT'),(1450,'RICARDO','PEREZ CORTeS','47416095P','22/07/1992','SABADELL','rpcsonic@gmail.com',617677625,14,0,0,0,'public/equipos/images/98/foto/14368890_10209408169855237_5588398434646184099_n.jpg','public/equipos/images/98/dni/IMG-20160919-WA0000.jpg',98,NULL,'2017-09-13 09:40:16','ACT'),(1451,'DANIEL','JORDANO CUESTA','48195405D','25/06/1993','SABADELL','danijordanocuesta@hotmail.com',617827722,13,1,0,0,'public/equipos/images/98/foto/mi_foto.jpg','public/equipos/images/98/dni/IMG_20160919_132505.jpg',98,NULL,'2017-09-13 09:40:16','ACT'),(1452,'JAUME','MARANGES I BAYo','46646514F','15/02/1981','CERDANYOLA DEL VALLèS','jaume.maranges@gmail.com',677820341,44,0,0,0,'public/equipos/images/22/foto/foto_Jaume_Maranges.jpg','public/equipos/images/22/dni/DNI_Jaume_Maranges.jpg',22,NULL,'2016-09-19 15:20:14','DES'),(1453,'PAU','TAMAYO GARRICH','45640568N','18/04/1986','LA FLORESTA','pau.tamayo28@gmail.com',646799355,18,0,0,0,'public/equipos/images/22/foto/DNI_Pau_Tamayo.jpg','public/equipos/images/22/dni/DNI_Pau_Tamayo.jpg',22,NULL,'2016-09-19 15:38:41','DES'),(1454,'PEDRO RAFAEL','OZUNA MENDOZA','Y0975248Q','24/10/1993','SABADELL','pedrusky_13_@hotmail.com',671499369,11,0,0,0,'public/equipos/images/98/foto/IMG-20160916-WA0004.jpg','public/equipos/images/98/dni/IMG-20160919-WA0003.jpg',98,NULL,'2016-09-19 18:32:34','DES'),(1455,'LAURA','GUERRERO LoPEZ','47242773Z','18/07/1995','CASTELLAR DEL VALLèS','laura.guerrero.95@gmail.com',630222120,6,0,0,0,'public/equipos/images/105/foto/FOTOGuerre.jpg','public/equipos/images/105/dni/DNIGuerre.jpg',105,NULL,'2017-09-26 14:15:16','ACT'),(1456,'MARTA','MARiN SALA','79273515J','09/08/1995','CASTELLAR DEL VALLèS','martamarinsala@gmail.com',687330891,9,0,0,0,'public/equipos/images/105/foto/FOTOMarta.jpg','public/equipos/images/105/dni/DNIMarta.jpg',105,NULL,'2017-09-26 14:15:16','ACT'),(1457,'ALBERT','BORDES LANAU','47180596Y','16/05/1997','SABADELL','albertbordes@gmail.com',649508323,4,1,0,0,'public/equipos/images/106/foto/SCAN00032.JPG','public/equipos/images/106/dni/SCAN0105.JPG',106,NULL,'2017-09-18 15:04:49','ACT'),(1458,'CARLOS','ROSA GARCIA','49349967V','08/12/1998','SABADELL','carlosrosgar@gmail.com',677863279,10,0,0,0,'public/equipos/images/106/foto/PhotoScan.jpg','public/equipos/images/106/dni/unnamed.jpg',106,NULL,'2016-09-19 22:49:43','DES'),(1459,'LAIA','FITo FONT','47164944V','14/11/1988','CASTELLAR DEL VALLéS','laia.fito@gmail.com',664337042,0,0,0,0,'public/equipos/images/39/foto/image.jpeg','public/equipos/images/39/dni/image.jpeg',39,NULL,'2017-09-16 09:44:39','DES'),(1460,'JANA','CABRERA MARTINEZ','47174946Z','14/04/1988','CASTELLAR DEL VALLéS','jana.cabrera.martinez@gmail.com',640135887,0,0,0,0,'public/equipos/images/39/foto/image1.jpeg','public/equipos/images/39/dni/image1.jpeg',39,NULL,'2016-09-19 23:08:41','DES'),(1461,'DANIEL','MEDINA BARBA','48270682F','30/07/1997','SABADELL','daniel_medina_1997@hotmail.com',675241371,16,0,0,0,'public/equipos/images/106/foto/foto_DNI.jpeg','public/equipos/images/106/dni/DNI_1.jpeg',106,NULL,'2017-09-18 15:04:49','ACT'),(1462,'VICTOR','LOPEZ SICILIA','43529919G','22/04/1978','CASTELLAR DEL VALLES','victor3482@gmail.com',600432447,10,0,0,0,'public/equipos/images/23/foto/IMG_6558.JPG','public/equipos/images/23/dni/o_945b01e0bcc51c89_001.jpg',23,NULL,'2017-09-15 15:57:46','ACT'),(1463,'JAVIER','OLIVENCIA URBANO','47420236D','18/12/1991','SABADELL','Jolivencia1891@gmail.com',663119915,0,0,0,0,'public/equipos/images/91/foto/JAVI_FOTO.jpg','public/equipos/images/91/dni/JAVI_DNI.jpg',91,NULL,'2016-09-20 10:20:45','DES'),(1464,'JOSe FERNANDO','RUIZ ESCAnO','33897475Y','22/03/1968','SABADELL','jfre68@gmail.com',605997802,23,0,0,0,'public/equipos/images/57/foto/IMG-20160920-WA0002_resized_20160920_102344398.jpg','public/equipos/images/57/dni/IMG-20160920-WA0000_resized_20160920_102424969.jpg',57,NULL,'2016-09-20 10:27:58','DES'),(1465,'FELIX REINALDO','DE LA CRUZ','X8146789M','22/08/1983','TERRASSA','Felixx_357@outlook.es',602898833,8,0,0,0,'public/equipos/images/57/foto/felix.jpg','public/equipos/images/57/dni/IMG-20160920-WA0001_resized_20160920_102854608.jpg',57,NULL,'2016-09-20 10:36:14','DES'),(1466,'ROSENDO','GARGANTA LARIA','46809922T','10/02/1985','CERDANYOLA','rosendo.garganta.jet@gmail.com',678021024,20,0,0,0,'public/equipos/images/22/foto/Foto_Ros_converted.jpg','public/equipos/images/22/dni/DNI_Ros_-_C_pia_converted.jpg',22,NULL,'2016-09-20 10:36:33','DES'),(1467,'MARTA','GONZALEZ BAYO','46807214Y','28/07/1981','CERDANYOLA DEL VALLES','marta.gonzalez.bayo@gmail.com',695386289,14,0,0,0,'public/equipos/images/102/foto/foto_carnet_Marta_G.jpg','public/equipos/images/102/dni/dni_marta_G.jpg',102,NULL,'2016-09-20 11:19:49','DES'),(1468,'ALBA','VALLS PALMA','47173668R','02/03/1986','SABADELL','fredeluga6@gmail.com',617433042,6,0,0,0,'public/equipos/images/102/foto/FOTO_ALBA_VALLS.jpg','public/equipos/images/102/dni/DNI_alba_Valls.jpg',102,NULL,'2016-09-20 11:25:56','DES'),(1469,'ARNAU','CANYADELL','47154253K','14/07/1982','SABADELL','arnauc@hotmail.com',660092085,0,0,0,0,'public/equipos/images/29/foto/barni1.jpg','public/equipos/images/29/dni/DNI.jpg',29,NULL,'2017-09-12 17:27:56','ACT'),(1470,'JAVIER ','CORDERO HERNaNDEZ','47163854-','24/09/1987','SANT QUIRZE DEL VALLES','j.cordero.hernandez@gmail.com',653591921,14,0,0,0,'public/equipos/images/35/foto/WhatsApp_Image_2016-09-20_at_12_11_45.jpeg','public/equipos/images/35/dni/WhatsApp_Image_2016-09-20_at_12_09_35.jpeg',35,NULL,'2016-09-20 12:12:35','DES'),(1471,'NURIA','ESCOFET XERCAVINS','47783278L','20/09/1991','RUBI','nuria.escofet91@gmail.com',658461292,8,0,0,0,'public/equipos/images/102/foto/foto_nuria.jpg','public/equipos/images/102/dni/dni_nuria.jpg',102,NULL,'2016-09-20 12:35:54','DES'),(1472,'ESTEFANIA','ROS GODE','45647665W','14/04/1987','TERRASSA','faniros@hotmail.com',660648874,0,0,0,0,'public/equipos/images/51/foto/fanifoto.jpg','public/equipos/images/51/dni/dni_fani.jpg',51,NULL,'2017-09-17 20:39:04','ACT'),(1473,'ALBERT','VIDAL I AGUADO','48039004P','21/03/1994','SABADELL','vidal.albert@gmail.com',652977368,4,0,0,0,'public/equipos/images/24/foto/thumbnail_FotoAV.jpg','public/equipos/images/24/dni/thumbnail_dni1.jpg',24,NULL,'2016-09-20 19:05:50','DES'),(1474,'ALEJANDRO','PALOMO GILAVERT','47930848K','03/06/1995','CASTELLBISBAL','alepalgil@hotmail.com',620771946,0,0,0,0,'public/equipos/images/69/foto/Sin_título.jpg','public/equipos/images/69/dni/Sin_título2.jpg',69,NULL,'2016-09-20 19:24:53','DES'),(1475,'RUBeN','VARGAS MARTINO','47180353Q','03/05/1997','SABADELL','ru3en97@gmail.com',663675801,7,0,0,0,'public/equipos/images/106/foto/IMG_20160109_0004.jpg','public/equipos/images/106/dni/DNI_Rubén_Vargas.jpg',106,NULL,'2017-09-19 13:31:32','ACT'),(1476,'ALBERT','LLIMoS GONZaLEZ','49269922N','05/11/1997','SABADELL','llimos.albert@gmail.com',622461205,17,0,0,0,'public/equipos/images/106/foto/llimosa.jpg','public/equipos/images/106/dni/IMG_2015_(1).JPG',106,NULL,'2017-09-18 15:04:49','ACT'),(1477,'JORDI','SOLDEVILLA LOPEZ','44992552K','17/01/1979','SABADELL','tankebillie@hotmail.com',696498943,13,0,0,0,'public/equipos/images/35/foto/f60d9ed2-9e69-463d-ad30-2671fcb27623.jpg','public/equipos/images/35/dni/WhatsApp_Image_2016-09-20_at_21_41_03.jpeg',35,NULL,'2017-09-14 12:57:41','DES'),(1478,'LAURA','SEGARRA CHAVARRIA','47752289B','06/11/1996','SENTMENAT','laurasegarra96@gmail.com',691344074,0,0,0,0,'public/equipos/images/39/foto/image2.jpeg','public/equipos/images/39/dni/image2.jpeg',39,NULL,'2016-09-20 23:27:39','DES'),(1479,'XAVIER','BALLESTER RAMiREZ','46942603V','05/04/1980','RIPOLLET','xaviballester80@gmail.com',630754359,15,0,0,0,'public/equipos/images/22/foto/IMG_20160921_110100.jpg','public/equipos/images/22/dni/IMG-20160920-WA0006.jpg',22,NULL,'2016-09-21 11:02:39','DES'),(1480,'SILVIA','ALMUDAINA BARBERO','45481507L','06/02/1975','TERRASSA','silviaalmudaina@gmail.com',654378939,0,0,0,0,'public/equipos/images/51/foto/carnet_001.jpg','public/equipos/images/51/dni/DNI_SILVIA-page-001.jpg',51,NULL,'2017-09-17 20:39:04','ACT'),(1481,'PERE','SABATER GIL','48267384K','11/05/1994','SABADELL','peresg94@gmail.com',663313698,3,0,0,0,'public/equipos/images/36/foto/Pere2.jpg','public/equipos/images/36/dni/Pere.jpg',36,NULL,'2017-09-17 11:47:18','ACT'),(1482,'XAVIER','BERTRAN BAEZA','77125804L','12/08/1993','SABADELL','xavierbertranbaeza@gmail.com',664738690,4,0,0,0,'public/equipos/images/36/foto/Xavi.jpg','public/equipos/images/36/dni/Xavi2.jpg',36,NULL,'2016-09-21 12:30:30','DES'),(1483,'ELVIS JOEL','BARRERA GOMEZ','X1383267R','26/10/1988','SABADELL','elvisjbarrera@gmail.com',634330866,10,0,0,0,'public/equipos/images/36/foto/Elvis2.jpg','public/equipos/images/36/dni/Elvis.jpg',36,NULL,'2016-09-21 12:36:07','DES'),(1484,'KARIM','BOUAHMED GARCIA','48269639E','04/06/1997','SABADELL','karim.es1997@gmail.com',644158062,6,0,0,0,'public/equipos/images/106/foto/WhatsApp_Image_2016-09-21_at_12_33_21.jpeg','public/equipos/images/106/dni/WhatsApp_Image_2016-09-20_at_11_56_56.jpeg',106,NULL,'2016-09-21 15:32:12','DES'),(1485,'GEORGINA','SOTORRA MUnOZ','48267065R','21/01/1994','SABADELL','georginasotorra@gmail.com',636306270,12,0,1,0,'public/equipos/images/107/foto/IMG-20160921-WA0003.jpg','public/equipos/images/107/dni/IMG-20160921-WA0001.jpg',107,NULL,'2016-09-21 16:08:36','DES'),(1486,'SANDRA','ALONSO MARSOL','47162503Z','01/12/1994','SABADELL','sandraalon.94@gmail.com',646787386,8,0,0,0,'public/equipos/images/107/foto/IMG-20160921-WA0008.jpg','public/equipos/images/107/dni/IMG-20160921-WA0006.jpg',107,NULL,'2016-09-21 16:14:57','DES'),(1487,'ARIADNA','RAJA ZARAGOZA','48271094M','07/07/1994','SABADELL','ariraza7@gmail.com',661374611,7,0,0,0,'public/equipos/images/107/foto/IMG-20160921-WA0018.jpg','public/equipos/images/107/dni/IMG-20160921-WA0019.jpg',107,NULL,'2016-09-21 16:24:22','DES'),(1488,'LAIA','MIRAVET SALA','47419896Z','19/04/1994','SABADELL','miravet.7@gmail.com',689039181,16,0,0,0,'public/equipos/images/107/foto/Captura.JPG','public/equipos/images/107/dni/IMG_20160921_162707511.jpg',107,NULL,'2016-09-21 16:29:02','DES'),(1489,'ANNA','CLAPERS VALLS','47175509W','18/06/1994','SABADELL','annaclapers94@gmail.com',663713120,21,0,0,0,'public/equipos/images/107/foto/IMG-20160921-WA00091.jpg','public/equipos/images/107/dni/IMG-20160921-WA0025.jpg',107,NULL,'2016-09-21 17:21:10','DES'),(1490,'BERNAT','LOPEZ','47184518H','28/01/1995','SABADELL','bldma@hotmail.com',670778941,10,0,0,0,'public/equipos/images/24/foto/bernat.jpg','public/equipos/images/24/dni/thumbnail_dni_davant.jpg',24,NULL,'2016-09-21 19:58:22','DES'),(1491,'CLARA ','BELTRa GELI','45881931J','20/09/1989','VILADECAVALLS','beltrageliclara@gmail.com',629802563,0,0,0,0,'public/equipos/images/18/foto/IMG_20160915_181907.jpg','public/equipos/images/18/dni/IMG-20160731-WA0014.jpg',18,NULL,'2016-09-21 20:03:47','DES'),(1492,'NATaLIA','CULLELL FORNeS','47724065P','22/04/1992','BADALONA','natalia.cullell@gmail.com',661268645,0,0,0,0,'public/equipos/images/28/foto/IMG_2626.jpg','public/equipos/images/28/dni/IMG_2618.JPG',28,NULL,'2016-09-21 20:08:27','DES'),(1493,'KIM','DE PEUTER','X3078952B','25/11/1980','TERRASSA','kimdepeuter@gmail.com',650814442,0,0,0,0,'public/equipos/images/18/foto/foto_carnet.jpg','public/equipos/images/18/dni/CARNET_DE_CONDUCIR.jpg',18,NULL,'2017-09-18 20:24:58','ACT'),(1494,'SANDRA','SANCHEZ RUTLLAN','45649204T','09/11/1987','TERRASSA','jbptill@gmail.com',685558704,0,0,0,0,'public/equipos/images/18/foto/sandra_s1.jpg','public/equipos/images/18/dni/FOTO+DNI_SANDRA_SANCHEZ.jpg',18,NULL,'2016-09-21 20:38:47','DES'),(1495,'DAVID','LLENDRICH CURZ','44992628-','25/09/1989','SABADELL','anskari_fcb@hotmail.com',627060167,6,0,0,0,'public/equipos/images/52/foto/foto_david.jpg','public/equipos/images/52/dni/dni_david.jpg',52,NULL,'2017-09-20 16:54:28','ACT'),(1496,'JOSE CARLOS','MELLADO LOPEZ','47153278N','19/06/1989','SABADELL','llendrich_m@outlook.com',647788941,7,0,0,0,'public/equipos/images/52/foto/foto_carlos.jpg','public/equipos/images/52/dni/dni_carlos.jpg',52,NULL,'2017-09-20 16:55:30','ACT'),(1497,'CARLA','LABRANDERO YUSTE','47421491E','19/04/1994','SABADELL','carlalayu@gmail.com',620014997,15,0,0,0,'public/equipos/images/107/foto/IMG-20160921-WA0032.jpg','public/equipos/images/107/dni/IMG-20160921-WA0061.jpg',107,NULL,'2016-09-21 21:38:58','DES'),(1498,'CINTA','BALSELLS PRINCEP','47418037H','16/03/1994','SABADELL','cyntta.4@gmail.com',672797732,14,0,0,0,'public/equipos/images/107/foto/IMG-20160921-WA0064.jpg','public/equipos/images/107/dni/IMG-20160921-WA0062.jpg',107,NULL,'2016-09-21 21:42:10','DES'),(1499,'ANNA MARIA','RODRIGUEZ RODRIGUEZ','47421512C','16/06/1994','SABADELL','anna_maria94@hotmail.com',675390213,13,0,0,0,'public/equipos/images/107/foto/IMG-20160921-WA0035.jpg','public/equipos/images/107/dni/IMG-20160921-WA0029.jpg',107,NULL,'2016-09-21 21:46:40','DES'),(1500,'IGNASI','MARIN ALVAREZ','46804722K','16/06/1984','CERDANYOLA','ignhimura@gmail.com',659337776,22,0,0,0,'public/equipos/images/17/foto/IMG_20160921_223355.jpg','public/equipos/images/17/dni/IMG_20160921_142158.jpg',17,NULL,'2017-09-19 17:43:20','ACT'),(1501,'BERTA','PEDREnO VIRSEDA','47180970N','28/01/1995','SABADELL','bpedrenyo@gmail.com',619847029,23,1,0,0,'public/equipos/images/107/foto/IMG-20160921-WA0040_(2).jpg','public/equipos/images/107/dni/IMG-20160921-WA0067_(1).jpg',107,NULL,'2016-09-21 22:57:36','DES'),(1502,'EMMA','AGRA JIMENEZ','53030570E','20/02/1988','PALAU SOLITà I PLEGAMANS','Emma.agra@gmail.com',630629939,0,0,0,0,'public/equipos/images/39/foto/image3.jpeg','public/equipos/images/39/dni/image3.jpeg',39,NULL,'2016-09-21 23:52:39','DES'),(1503,'KEVIN','TELLO DE OTERO','46944274D','27/07/1988','SABADELL','k.tello_@hotmail.com',646848651,4,0,0,0,'public/equipos/images/52/foto/foto_kevin.jpg','public/equipos/images/52/dni/denuncia_dni.jpg',52,NULL,'2017-09-20 16:54:28','ACT'),(1504,'JAVIER ORLANDO','GARZON CAMACHO','49272125F','14/07/1989','SABADELL','jgarzoncamacho@gmail.com',670327736,0,0,0,0,'public/equipos/images/52/foto/foto_javier.jpg','public/equipos/images/52/dni/dni_javier.jpg',52,NULL,'2016-09-22 11:28:47','DES'),(1505,'BORJA','JIMENEZ CANO','47183693K','13/11/1989','SABADELL','borja.jimenez.cano@gmail.com',610064780,0,0,0,0,'public/equipos/images/52/foto/foto_borja.jpg','public/equipos/images/52/dni/dni_borja.jpg',52,NULL,'2017-09-20 16:54:28','ACT'),(1506,'XAVIER','ROS MAJO','34754325Z','19/08/1972','SABADELL','xavi@gmail.com',666666666,18,0,0,0,'public/equipos/images/60/foto/foto_Xavi_Ros1.jpg','public/equipos/images/60/dni/dni_xavi.jpg',60,NULL,'2017-09-19 19:27:46','ACT'),(1507,'MARIA','HERRERA GIRALDO','48196781M','29/12/1995','SABADELL','mari__save@hotmail.com',680224713,10,0,0,0,'public/equipos/images/107/foto/IMG-20160922-WA0008.jpg','public/equipos/images/107/dni/IMG-20160921-WA0004.jpg',107,NULL,'2016-09-22 19:34:21','DES'),(1508,'RICARD','CLAPERS I VALLS','47175521Z','23/09/1997','SABADELL','ricardclapers@gmail.com',696831815,23,0,0,0,'public/equipos/images/106/foto/20160921_133818.jpg','public/equipos/images/106/dni/ricarda.jpg',106,NULL,'2017-09-18 15:04:49','ACT'),(1509,'JUAN','OSUNA FLORES','48271542Q','22/06/1997','SABADELL','josuna@ies-sabadell.cat',692221022,0,0,0,0,'public/equipos/images/106/foto/IMG_0903.JPG','public/equipos/images/106/dni/juanba.jpg',106,NULL,'2017-09-18 15:04:49','DES'),(1510,'ALEIX','CAMPRUBI ROVIRA','77632293W','12/03/1987','CASTELLBISBAL','kamprustyle@gmail.com',637873899,0,0,0,0,'public/equipos/images/69/foto/IMG-20160922-WA0006.jpg','public/equipos/images/69/dni/IMG-20160922-WA0005.jpg',69,NULL,'2016-09-22 21:36:05','DES'),(1511,'ROGER','VILACLARA CAMPDERROS','77676501G','11/11/1977','SABADELL','mailroger@telefonica.net',639991502,11,0,0,0,'public/equipos/images/20/foto/roger.jpg','public/equipos/images/20/dni/roger.jpg',20,NULL,'2016-09-22 23:08:06','DES'),(1512,'JAVIER','GOLBANO VALLADARES','34741309Q','29/09/1973','SABADELL','xavigv73@hotmail.com',676575090,8,0,0,0,'public/equipos/images/20/foto/javi.jpg','public/equipos/images/20/dni/javi.jpg',20,NULL,'2017-09-22 00:23:14','ACT'),(1513,'ROSSEND','PUJOLAR MUSSONS','47166381M','25/09/1988','CASTELLAR DEL VALLES','bernattc@gmail.com',680637353,0,0,0,0,'public/equipos/images/59/foto/IMG-20160922-WA0009.jpg','public/equipos/images/59/dni/IMG-20160922-WA0010.jpg',59,NULL,'2017-09-22 01:03:11','ACT'),(1514,'AIDA','LoPEZ LACALLE','47752365H','08/02/1995','SANT QUIRZE DEL VALLèS','aida.lopez@hotmail.com',644283000,17,0,0,0,'public/equipos/images/107/foto/IMG-20160922-WA0011.jpg','public/equipos/images/107/dni/IMG-20160923-WA0000.jpg',107,NULL,'2016-09-23 07:50:46','DES'),(1515,'DAVID','BERNAL GIMENO','47175592Q','28/11/1990','CASTELLAR DEL VALLES','davidbernalgimeno@gmail.com',661056694,0,0,0,0,'public/equipos/images/68/foto/David_bernal.jpg','public/equipos/images/68/dni/DNI.jpg',68,NULL,'2016-09-23 09:02:25','DES'),(1516,'JOAN CARLES','ROS SOLER','53298030S','10/05/1993','SANT CUGAT DEL VALLES','joancarlesros@gmail.com',653068569,44,0,0,0,'public/equipos/images/38/foto/Joan_Carles_Ros.jpg','public/equipos/images/38/dni/Joan_Carles_Ros_DNI.jpg',38,NULL,'2017-09-29 15:05:49','ACT'),(1517,'DIEGO ANTONIO ','OTERO RECHE','77121810G','13/01/1988','BARBERA DEL VALLES','M@gmai.es',665535635,0,0,0,0,'public/equipos/images/49/foto/image.jpeg','public/equipos/images/49/dni/image.jpeg',49,NULL,'2017-09-18 19:26:49','ACT'),(1518,'ARNAU','LoPEZ ARBOLEDA','47170266A','13/11/1988','SABADELL','Saloudream@gmail.com',676909614,0,0,0,0,'public/equipos/images/49/foto/image1.jpeg','public/equipos/images/49/dni/image1.jpeg',49,NULL,'2017-09-18 19:26:49','ACT'),(1519,'ANGEL','PEREZ BADAS','47795834V','14/11/1988','CASTELLBISBAL','flaixangel@hotmail.com',656993657,0,0,0,0,'public/equipos/images/69/foto/IMG_20160516_181159.jpg','public/equipos/images/69/dni/dni.jpg',69,NULL,'2017-09-14 14:17:16','DES'),(1520,'KEVIN','WELTON RODRIGUEZ','47655406G','01/08/1987','CASTELLBISBAL','kvn_87@hotmail.com',657994014,0,0,0,0,'public/equipos/images/69/foto/FOTO_CARNET_KEVIN.jpg','public/equipos/images/69/dni/DNI.jpg',69,NULL,'2016-09-23 19:10:13','DES'),(1521,'CRISTIAN KEVIN','DiAZ GUTIERREZ','47422982H','21/05/1991','SABADELL','kevdiaz1991@gmail.com',667354958,7,0,0,0,'public/equipos/images/98/foto/IMG_20160923_144844.jpg','public/equipos/images/98/dni/IMG_20160923_171825.jpg',98,NULL,'2017-09-28 23:21:18','ACT'),(1522,'SERGIO ','ALVAREZ SERRANO','47174780D','02/04/1993','SABADELL','chechu734@gmail.com',615117575,34,0,1,0,'public/equipos/images/98/foto/IMG_20160924_194404.jpg','public/equipos/images/98/dni/IMG_20160924_132642.jpg',98,NULL,'2017-09-13 09:40:16','ACT'),(1523,'PATRICIA','LOPEZ FOLK','44993758P','15/11/1981','SABADELL','patricia_lf@hotmail.com',649251309,0,0,0,0,'public/equipos/images/43/foto/FOTO_Patri_López.jpg','public/equipos/images/43/dni/DNI_Patri_lópez.jpg',43,NULL,'2016-09-24 22:06:18','DES'),(1524,'RAYMOND','YAO TOSSOU','Y1653845K','07/01/1991','SABADELL','raymondyaovi@hotmail.com',623605417,22,0,0,0,'public/equipos/images/98/foto/IMG-20160924-WA0000.jpg','public/equipos/images/98/dni/IMG-20160925-WA0002.jpg',98,NULL,'2017-09-13 09:40:16','ACT'),(1525,'OSCAR','NIETO HERNANDEZ','47160733S','07/06/1990','SABADELL','oskar_hn_1990@hotmail.com',687664437,11,0,0,0,'public/equipos/images/98/foto/foto_carnet_oscar_001.jpg','public/equipos/images/98/dni/dni_oscar_001.jpg',98,NULL,'2017-09-13 09:40:16','ACT'),(1526,'AINA','BORRALLERAS ESTRUCH','48041102J','13/10/1994','SABADELL','ainaborest@gmail.com',699539404,5,0,0,0,'public/equipos/images/107/foto/20160917_151837.jpg','public/equipos/images/107/dni/dni2_(1).jpg',107,NULL,'2016-09-25 21:51:01','DES'),(1527,'SALVADOR','CASADO ABELLA','47167455K','15/07/1988','SABADELL','salvacasado@gmail.com',676721627,3,0,0,0,'public/equipos/images/98/foto/20160521_173024.jpg','public/equipos/images/98/dni/20160521_173024.jpg',98,NULL,'2016-09-26 10:05:47','DES'),(1528,'STEVEN','SURIEL MENDOZA ','54408966M','30/04/1994','SABADELL','sr.suriel.ss@gmail.com',663461761,99,0,0,0,'public/equipos/images/98/foto/IMG-20160923-WA0010.jpg','public/equipos/images/98/dni/IMG-20160923-WA0010.jpg',98,NULL,'2016-09-26 15:57:40','DES'),(1529,'NURIA','CANO MIGUEL','47782528M','07/01/1995','RUBÍ','joan.teixido@reginacarmeli.com',659763971,0,0,0,0,'public/equipos/images/75/foto/Núria_Cano_Foto.jpg','public/equipos/images/75/dni/Núria_Cano_DNI.jpg',75,NULL,'2016-09-26 21:23:34','DES'),(1530,'MARTA','GONZALEZ MARCOS','46825518W','17/12/1990','RUBí','martagmarcos@gmail.com',666272100,31,0,0,0,'public/equipos/images/102/foto/foto_marta_rubia.jpg','public/equipos/images/102/dni/dni_marta_rubia.jpg',102,NULL,'2016-09-27 09:48:39','DES'),(1531,'FRANCISCO','MULERO HOYOS','47155719S','09/05/1987','SABADELL','bernattc@gmail.com',600377001,0,0,0,0,'public/equipos/images/59/foto/Screenshot_2016-09-23-00-47-31.jpg','public/equipos/images/59/dni/Screenshot_2016-09-23-00-47-31.jpg',59,NULL,'2017-09-22 01:03:11','ACT'),(1532,'DANIEL','URBANO BARBERO','53290629C','07/02/1982','SABADELL','totxinemachine@hotmail.com',617923641,34,0,0,0,'public/equipos/images/100/foto/14750714130681130836529.jpg','public/equipos/images/100/dni/1475071528685-572068608.jpg',35,'       15/10/16 6/11/16 antiesportives               ','2016-09-28 16:07:07','ACT'),(1533,'IVAN','VALERO GONZaLEZ ','43535441Y','30/01/1980','BADIA DEL VALLES','saloudream@gmail.com',618887355,0,0,0,0,'public/equipos/images/49/foto/image2.jpeg','public/equipos/images/49/dni/image2.jpeg',49,NULL,'2017-09-18 19:26:49','ACT'),(1534,'JOSEP','COMAS PEnALVER','37747624R','11/07/1980','SABADELL ','Saloudream@gmail.com',605169236,0,0,0,0,'public/equipos/images/49/foto/image3.jpeg','public/equipos/images/49/dni/image3.jpeg',49,NULL,'2016-09-28 22:00:22','DES'),(1535,'MIRIAM','GARCIA GALVEZ','77125018S','01/02/1990','LA FLORESTA','miriam.garcia.galvez@gmail.com',610619026,0,0,0,0,'public/equipos/images/18/foto/IMG_20161002_170935.jpg','public/equipos/images/18/dni/IMG_20161002_171253.jpg',18,NULL,'2017-09-18 20:24:58','ACT'),(1536,'JORDI','CREUS CASANOVAS','47179828C','11/02/1990','SANT QUIRZE','jordicreuscasanovas@gmail.com',666666666,0,0,0,0,'public/equipos/images/97/foto/JordiCreus.jpg','public/equipos/images/97/dni/Jordi_Creus.jpg',97,NULL,'2016-10-04 19:45:26','DES'),(1537,'SERGI','LOPEZ JIMENEZ','47421304L','12/03/1994','SABADELL','sergi.lopez94@gmail.com',666666666,0,0,0,0,'public/equipos/images/97/foto/Sergi_Lopez.jpg','public/equipos/images/97/dni/Sergi_Lopez.jpg',97,NULL,'2016-10-04 19:48:18','DES'),(1538,'FRANCESC','MARLASCA ROIG','47418618R','22/03/1991','SABADELL','francesc.marlasca@gmail.com',666666666,54,0,0,0,'public/equipos/images/97/foto/FrancescMarlasca.jpg','public/equipos/images/97/dni/FrancescMarlasca.jpg',29,NULL,'2017-09-14 11:21:08','ACT'),(1539,'MARC','SALANGUERA ROVIRA','47179421G','12/03/1991','SABADELL','salanguera6@hotmail.com',666666666,12,0,0,0,'public/equipos/images/97/foto/Marc_Salanguera.jpg','public/equipos/images/97/dni/Marc_Salanguera.jpg',29,NULL,'2017-09-14 11:21:08','ACT'),(1540,'MARC','PERMANYER TONDA','79272917J','28/04/1993','SANT QUIRZE','markpermanyer@gmail.com',666666666,0,0,0,0,'public/equipos/images/97/foto/Marc_Permanyer.jpg','public/equipos/images/97/dni/Marc_Permanyer.JPG',97,NULL,'2016-10-04 19:52:00','DES'),(1541,'MARC','MUNOZ FERRANDIZ','47417891X','15/11/1993','CASTELLAR DEL VALLES','marc.mferrandiz@gmail.com',666666666,10,0,0,0,'public/equipos/images/97/foto/Marc_MUNoz.jpg','public/equipos/images/97/dni/Marc_MuNoz.jpg',97,NULL,'2016-10-04 19:53:37','DES'),(1542,'PAU','CASTELLVI CANET','47176843W','16/01/1993','CASTELLAR DEL VALLES','pau.castellvi@live.com',666666666,0,0,0,0,'public/equipos/images/97/foto/Pau_Castellvi.jpg','public/equipos/images/97/dni/Pau_Castell.jpg',97,NULL,'2016-10-04 19:54:29','DES'),(1543,'JORDI','BLAZQUEZ CALDERO','49272170Y','03/10/1998','SABADELL','jordiblazquez14@gmail.com',620618546,0,0,0,0,'public/equipos/images/55/foto/IMG-20161004-WA0007.jpg','public/equipos/images/55/dni/IMG-20161004-WA0006-1.jpg',55,NULL,'2017-09-13 21:19:18','ACT'),(1544,'JESSICA','OROBITG BOYER','47180053S','04/09/1987','SABADELL','Jessorobitg@gmail.com',687969834,0,0,0,0,'public/equipos/images/43/foto/IMG_20161006_212611.jpg','public/equipos/images/43/dni/IMG_20161006_212541.jpg',43,NULL,'2016-10-06 21:30:02','DES'),(1545,'IVAN','URBANO BARBERO','47165114A','14/09/1984','CASTELLAR DEL VALLES ','iurbanob@gmail.com',677294681,3,0,0,0,'public/equipos/images/100/foto/14757880732021255857773.jpg','public/equipos/images/100/dni/1475787925887-2039455926.jpg',100,NULL,'2016-10-06 23:12:00','DES'),(1546,'MARC','FERNANDO LOPEZ','47164274Z','04/08/1982','SABADELL','marc@biribip.com',679911233,16,0,0,0,'public/equipos/images/100/foto/IMG-20161007-WA0001.jpg','public/equipos/images/100/dni/IMG_20161007_173600.jpg',100,NULL,'2016-10-07 17:43:07','DES'),(1547,'LAURA','ABELLO QUEROL','46827157P','21/08/1985','BARCELONA','laurabellaterra@htomail.com',647866013,0,0,0,0,'public/equipos/images/75/foto/Laura_Abelló.jpg','public/equipos/images/75/dni/Laura_Abelló_DNI.jpg',75,NULL,'2017-09-21 16:29:21','ACT'),(1548,'ANTONIO ','MONTES ROJAS','44990496N','09/08/1975','CASTELLAR DEL VALLèS ','Cu3rvox@outlook.com',603508850,75,0,0,0,'public/equipos/images/36/foto/IMG-20161010-WA0002.jpg','public/equipos/images/36/dni/IMG-20161010-WA0001.jpg',36,NULL,'2016-10-10 23:36:36','DES'),(1549,'ALBERT','PADROSA RODRIGUEZ','53653844L','23/05/1995','SABADELL','albertpadrosa@icloud.com',655971561,5,0,0,0,'public/equipos/images/20/foto/albert.jpg','public/equipos/images/20/dni/albert.JPG',20,NULL,'2016-10-11 20:36:29','DES'),(1550,'ANA ISABEL','SANCHEZ GONZALEZ','46456194N','11/07/1985','MARTORELL','anabelsg16@gmail.com',617145168,0,0,0,0,'public/equipos/images/66/foto/anabel_foto.jpg','public/equipos/images/66/dni/anabel_front.JPG',66,NULL,'2016-10-12 16:52:10','DES'),(1551,'MIGUEL','HERNaNDEZ LOPEZ','46940691Z','29/03/1978','CERDANYOLA DEL VALLES','Scottiemicky@icloud.com',658775151,1,0,0,0,'public/equipos/images/17/foto/IMG_4119.JPG','public/equipos/images/17/dni/IMG_3410.JPG',17,NULL,'2017-09-19 17:43:20','ACT'),(1552,'INMACULADA ','GRACIA ALONSO','45649728H','20/06/1987','SABADELL','immi13es@hotmail.com',669438188,5,0,0,0,'public/equipos/images/102/foto/foto_inma.JPG','public/equipos/images/102/dni/dni_inma.JPG',102,NULL,'2016-10-17 09:44:50','DES'),(1553,'ANNA','BALLESTA GOMIS','77124044F','07/09/1995','SABADELL','ballestagomisanna@gmail.com',660649896,10,0,0,0,'public/equipos/images/102/foto/foto_anna.JPG','public/equipos/images/102/dni/dni_anna.JPG',102,NULL,'2016-10-17 09:48:02','DES'),(1554,'OLGA','ALONSO PERNAS','46829769K','22/01/1994','RUBí','olga.alonso.cat@gmail.com',659707489,0,0,0,0,'public/equipos/images/75/foto/Olga_Alonso_Foto.jpg','public/equipos/images/75/dni/Olga_Alonso_DNI.jpg',75,NULL,'2017-09-21 16:29:21','ACT'),(1555,'ALBA','REIG CARMONA','47161778W','20/05/1995','CASTELLAR DEL VALLèS','alba.reig14@gmail.com',663394248,48,0,0,0,'public/equipos/images/105/foto/FOTOAlba.jpg','public/equipos/images/105/dni/DNIAlba.jpg',105,NULL,'2016-10-21 17:50:05','DES'),(1556,'CARLES','VIDAL I AGUADO','48039003F','21/11/1997','SABADELL','vidal.carles@gmail.com',628293625,0,0,0,0,'public/equipos/images/24/foto/IMG_20161021_204819.jpg','public/equipos/images/24/dni/IMG_20161021_204810.jpg',24,NULL,'2016-10-22 13:31:57','DES'),(1557,'DANIEL','DiAZ IBanEZ','47418832P','24/05/1998','SABADELL','danigp245@gmail.com',666283215,8,0,0,0,'public/equipos/images/106/foto/DSC_0539.JPG','public/equipos/images/106/dni/IMG-20161027-WA0012.jpg',106,NULL,'2016-10-31 13:08:13','DES'),(1558,'EDUARD','GARCIA SOLER','47170576Z','06/08/1988','CASTELLAR DEL VALLES','edu_999_9@hotmail.com',665980755,9,0,0,0,'public/equipos/images/35/foto/Captura.jpg','public/equipos/images/35/dni/edu.jpg',35,NULL,'2017-09-14 12:57:41','ACT'),(1559,'SANTIAGO','PeREZ GONZaLEZ','47180054Q','06/12/1991','SABADELL','santi_ago_pg@hotmail.com',689301446,0,0,0,0,'public/equipos/images/97/foto/fotosanti.jpg','public/equipos/images/97/dni/dni_santi.jpg',97,NULL,'2016-11-03 18:45:51','DES'),(1560,'ALEX','GASULLA GARCIA','43686367Y','05/03/1969','TERRASSA','pilarsz@gmail.com',668892332,0,0,0,1,'public/equipos/images/18/foto/alex_foto.jpg','public/equipos/images/18/dni/dni_alex.jpg',18,NULL,'2017-09-18 20:24:58','ACT'),(1561,'ARNAU ','CARDO CRESPO','47420894-','11/05/1997','SABADELL','arncardo1997@gmail.com',603379149,0,0,0,0,'public/equipos/images/106/foto/arnauballes.jpg','public/equipos/images/106/dni/dmi1_001.jpg',106,NULL,'2017-09-18 15:04:49','ACT'),(1562,'JORGE XAVIER ','VILLAVICEN STERLING ','51810394L','10/06/1998','SABADELL','jorgexaviervillavicencio@gmail.con',611271599,1,0,0,0,'public/equipos/images/106/foto/jorge.jpg','public/equipos/images/106/dni/20161109_133345.jpg',106,NULL,'2016-11-10 11:03:40','DES'),(1563,'ELENA','ENFEDAQUE','40449034S','29/09/1977','TERRASSA','enfedaque13@hotmail.com',607312069,9,0,0,0,'public/equipos/images/66/foto/elena.jpg','public/equipos/images/66/dni/Elena_dni.jpg',66,NULL,'2016-11-17 21:47:38','DES'),(1564,'ANNA','MELCHOR CALBO','38815936D','16/05/1983','BARBERà DEL VALLèS','amelchca7@gmail.com',685034293,3,0,0,0,'public/equipos/images/66/foto/Foto_de_sandra_valles73.jpg','public/equipos/images/66/dni/dni.jpg',66,NULL,'2017-09-22 19:39:35','ACT'),(1565,'JOAN','MORILLO LLORCA','20842112H','04/06/1989','BARBERA DEL VALLES','joamoll1@gmail.com',662058436,23,0,0,0,'public/equipos/images/33/foto/FOTO_Joan_M.jpg','public/equipos/images/33/dni/DNI_Joan_M.jpg',33,NULL,'2017-09-19 18:51:07','ACT'),(1566,'MANEL','MANZANO SALO','46605193V','29/06/1973','SABADELL','melsalo@yahoo.com',606757515,18,0,0,0,'public/equipos/images/33/foto/Foto_Manel.jpg','public/equipos/images/33/dni/DNI_Manel.jpg',33,NULL,'2017-09-19 18:51:07','ACT'),(1567,'MARC','MAS BISBAL','34760205Y','10/03/1978','SABADELL','marc.mas.bisbal@hotmail.com',651642154,78,0,0,0,'public/equipos/images/96/foto/marc_mas.jpg','public/equipos/images/96/dni/marc_mas.jpg',96,NULL,'2017-09-21 17:13:10','ACT'),(1568,'LAIA','MIRA CLOT','47420741P','15/07/1994','CASTELLAR DEL VALLES','laia.mira@hotmail.com',657966591,11,0,0,0,'public/equipos/images/105/foto/IMG_2507.JPG','public/equipos/images/105/dni/img130.jpg',105,NULL,'2017-09-26 14:15:16','ACT'),(1569,'DANI','EZQUERRA COBO','47235478X','04/07/1990','CERDANYOLA DEL VALLES','dezque@gmail.com',676123146,4,0,0,0,'public/equipos/images/68/foto/p2051139.jpg','public/equipos/images/68/dni/IMG_20170116_175934.jpg',68,NULL,'2017-01-17 00:52:33','DES'),(1570,'JASMINA','SAMPEDRO MARTiNEZ','47154609-','09/07/1989','SABADELL','jasmina.sampedro@gmail.com',677379468,15,0,0,0,'public/equipos/images/30/foto/IMG-20170117-WA0008.jpg','public/equipos/images/30/dni/IMG-20170118-WA0007.jpg',30,NULL,'2017-09-14 13:15:55','ACT'),(1571,'SERGI','ILLESCAS BOSCH','47181055M','12/02/1997','SABADELL','sergi.ilbo@gmail.com',620662169,5,0,1,0,'public/equipos/images/106/foto/WhatsApp_Image_2017-01-18_at_12_13_55.jpeg','public/equipos/images/106/dni/DNI_1.jpg',106,NULL,'2017-09-18 15:04:49','ACT'),(1572,'ADRIa  ','MARTiNEZ FERNaNDEZ','47172619X','14/10/1994','SABADELL','Adria.martinez.fernandez@gmail.com',636473898,0,0,0,0,'public/equipos/images/36/foto/IMG-20170123-WA0000.jpg','public/equipos/images/36/dni/_20170123_142138.JPG',36,NULL,'2017-01-23 14:23:16','DES'),(1573,'ALBERT','MARTiNEZ MORA','43520024E','28/07/1973','SABADELL','albert_blasi@hotmail.com',620622771,0,0,0,0,'public/equipos/images/50/foto/IMG-20170305-WA00011.jpg','public/equipos/images/50/dni/IMG-20170307-WA0001.jpg',50,NULL,'2017-09-21 23:59:34','ACT'),(1574,'RAMON','BONCOMPTE CARRe','47182679L','26/05/1990','SABADELL','rboncompte@gmail.com',670886466,0,0,0,0,'public/equipos/images/31/foto/IMG-20170310-WA0000.jpg','public/equipos/images/31/dni/IMG-20170310-WA0001.jpg',31,NULL,'2017-03-10 09:28:00','DES'),(1575,'PAU','ANTONI COTS','47183574V','05/05/1992','SANT QUIRZE DEL VALLèS','pauac1992@gmail.com',638164190,0,0,0,0,'public/equipos/images/97/foto/Pau_Antoni.jpg','public/equipos/images/97/dni/Pau_AntoniDNI.jpg',97,NULL,'2017-03-11 14:21:43','DES'),(1576,'MARTIN','SOLIGO TRILLINI','46434850N','25/02/1987','SANT CUGAT DEL VALLèS','martin.soligo@gmail.com',608946581,0,0,0,0,'public/equipos/images/50/foto/IMG-20170313-WA0002.jpg','public/equipos/images/50/dni/IMG-20170313-WA0001.jpg',50,NULL,'2017-09-21 23:59:34','ACT'),(1577,'ORIOL','BOSCH QUIJADA','48195597V','20/11/1997','SABADELL','oriolbq@gmail.com',695837843,0,0,0,0,'public/equipos/images/58/foto/IMG_20170316_103705.jpg','public/equipos/images/58/dni/IMG_20170314_141153_HHT.jpg',58,NULL,'2017-09-12 22:49:18','ACT'),(1578,'ANA BELEN','BLAYA VENDRELL','53032244V','05/07/1980','BADALONA','josesimancas74@hotmail.com',617984590,0,0,0,0,'public/equipos/images/42/foto/Foto2.jpg','public/equipos/images/42/dni/Foto.jpg',42,NULL,'2017-09-18 10:00:43','ACT'),(1579,'JOSEP','GUITART PARDELLANS','47183458Q','19/09/1991','SABADELL','guitart.pardellans@gmail.com',686015102,19,0,0,0,'public/equipos/images/57/foto/pep.jpg','public/equipos/images/57/dni/pepo.jpg',57,NULL,'2017-09-13 10:15:37','ACT'),(1580,'ANDREU','MONFORTE BARBERAN','73598267S','22/10/1995','SABADELL','andreumonbar@gmail.com',661142103,0,0,0,0,'public/equipos/images/58/foto/IMG-20170911-WA0005.jpg','public/equipos/images/58/dni/IMG-20170911-WA0002.jpg',58,NULL,'2017-09-13 12:05:20','ACT'),(1581,'IKER','LORENTE PEREZ','49222586X','03/06/1997','SABADELL','ik.lorente.perez@gmail.com',663610828,0,0,0,0,'public/equipos/images/31/foto/IMG-20170904-WA0006.jpg','public/equipos/images/31/dni/IMG_20170908_140347.jpg',31,NULL,'2017-09-13 12:35:36','ACT'),(1582,'JOAN','FONT CASTILLO','53651304D','06/09/1988','MONTCADA I REIXACH','Joanfont88@gmail.com',661868332,0,0,0,0,'public/equipos/images/31/foto/IMG-20170904-WA0005.jpg','public/equipos/images/31/dni/IMG_20170908_140322.jpg',31,NULL,'2017-09-13 12:38:48','ACT'),(1583,'XAVI','GARCIA MELERO','44985932W','29/03/1987','SABADELL','xavigarcia14@gmail.com',676611443,0,0,0,0,'public/equipos/images/31/foto/IMG-20170913-WA0002.jpg','public/equipos/images/31/dni/IMG-20170913-WA0001.jpg',31,NULL,'2017-09-13 12:41:55','ACT'),(1584,'RUBEN','SERRANO RODRiGUEZ','53340193L','07/02/1988','SANTA PERPETUA DE MOGODA','Barondavids1@hotmail.com',678457237,0,0,0,0,'public/equipos/images/31/foto/IMG_20170913_124503.jpg','public/equipos/images/31/dni/IMG-20170913-WA0000.jpg',31,NULL,'2017-09-13 12:45:30','ACT'),(1585,'SAMUEL','CARREnO BELLOT','46809193F','05/06/1981','BARCELONA','samucarre@hotmail.com',633129390,9,0,1,0,'public/equipos/images/19/foto/IMG-20170913-WA0230.jpg','public/equipos/images/19/dni/IMG-20170913-WA0169.jpg',19,NULL,'2017-09-13 21:22:23','ACT'),(1586,'MONTSE ','TRULLaS ORTIZ','45482586V','09/05/1975','TERRASSA','mtrullas36@hotmail.com',651917025,6,0,0,0,'public/equipos/images/30/foto/FullSizeRender_(1).jpg','public/equipos/images/30/dni/FullSizeRender.jpg',30,NULL,'2017-09-14 13:48:03','ACT'),(1587,'MARC','GIL VALLES','53295224-','21/04/1990','CASTELLBISBAL','marcgil14@gmail.com',628928662,0,0,0,0,'public/equipos/images/69/foto/Marc_Gil.jpg','public/equipos/images/69/dni/Marc_Gil_DNI.jpg',69,NULL,'2017-09-14 15:18:18','ACT'),(1588,'GEMMA','HERNANDEZ ESCUER','47178422V','18/07/1989','CASTELLAR DEL VALLES','gemmahernandezescuer@gmail.com',685111283,55,0,0,0,'public/equipos/images/30/foto/FullSizeRender_(2).jpg','public/equipos/images/30/dni/FullSizeRender_(3).jpg',30,NULL,'2017-09-14 15:45:02','ACT'),(1589,'TAMARA','MASVIDAL LOPEZ','46723304T','07/09/1985','SABADELL','tamara.masvidal@gmail.com',646873739,32,0,0,0,'public/equipos/images/30/foto/FullSizeRender_(7).jpg','public/equipos/images/30/dni/FullSizeRender_(5).jpg',30,NULL,'2017-09-14 15:49:58','ACT'),(1590,'PURIFICACIoN','GARCIA LOPEZ','47163059H','07/04/1985','SABADELL','garcia_pu8@hotmail.com',697251819,0,0,0,0,'public/equipos/images/30/foto/foto.jpg','public/equipos/images/30/dni/20170914_142556.jpg',30,NULL,'2017-09-14 15:52:31','ACT'),(1591,'NOELIA','BERTRAN BAEZA','77125803H','18/05/1991','SABADELL','noelia.bertran@gmail.com',627704431,0,1,0,0,'public/equipos/images/39/foto/Captura_de_pantalla_2017-09-04_a_les_8_59_13_copy.jpg','public/equipos/images/39/dni/DNI_NOELIA.jpg',39,NULL,'2017-09-16 09:39:47','ACT'),(1592,'BELEN','MORAL ALMENARA','47178274F','11/03/1994','SABADELL','belennmoral@gmail.com',663491298,0,0,0,0,'public/equipos/images/39/foto/WhatsApp_Image_2017-09-16_at_10_12_24.jpeg','public/equipos/images/39/dni/WhatsApp_Image_2017-09-16_at_10_12_25.jpeg',39,NULL,'2017-09-16 10:14:26','ACT'),(1593,'CLAUDIO JAVIER','LISKA','X3649203T','17/05/1977','BUENOS AIRES','saloudream@gmail.com',687479150,0,0,0,0,'public/equipos/images/49/foto/Screenshot_2017-09-14-13-48-04(1).JPG','public/equipos/images/49/dni/IMG-20170914-WA0002(1).jpg',49,NULL,'2017-09-17 19:24:27','ACT'),(1594,'MIQUEL','RIDER FUMAS','44997658K','29/09/1982','SABADELL','info@servishogar.com',692472597,0,0,0,0,'public/equipos/images/36/foto/IMG-20170917-WA0005_(2).jpg','public/equipos/images/36/dni/IMG-20170917-WA0004.jpg',36,NULL,'2017-09-17 20:44:24','ACT'),(1595,'ELISABET','PUJOL PITARCH','77630778M','05/12/1975','MARTORELL','agentsfutsal@gmail.com',667452843,0,0,0,0,'public/equipos/images/51/foto/20170917_2041591.jpg','public/equipos/images/51/dni/20170917_205839.jpg',51,NULL,'2017-09-17 21:12:22','ACT'),(1596,'DANIEL','ROMERO GARCIA','47169844H','02/05/1992','SABADELL','danuxy@msn.com',685823034,8,0,0,0,'public/equipos/images/98/foto/IMG-20170917-WA0009.jpg','public/equipos/images/98/dni/IMG-20170917-WA0008.jpg',98,NULL,'2017-09-18 09:06:24','ACT'),(1597,'VICTOR','SAN MATEO DIEGO','47416751C','27/01/1993','SABADELL','victor.smd.1993@gmail.com',661022096,24,0,0,0,'public/equipos/images/98/foto/nhhh.jpg','public/equipos/images/98/dni/IMG-20170913-WA0016.jpg',98,NULL,'2017-09-18 11:45:11','ACT'),(1598,'MARC','MUnOZ FERRANDIZ','47417891X','15/11/1993','SABADELL','marc.mferrandiz@gmail.com',691565312,10,0,0,0,'public/equipos/images/91/foto/MARC_M_FOTO.jpg','public/equipos/images/91/dni/MARC_M_DNI.jpg',91,NULL,'2017-09-18 14:01:07','ACT'),(1599,'JAIME','JUBINA MARTINEZ','33907181Y','24/08/1968','SABADELL','jaime@forumgrup.com',651313399,14,0,0,0,'public/equipos/images/91/foto/IMG-20170918-WA0007.jpg','public/equipos/images/91/dni/JAIME_DNI.jpg',91,NULL,'2017-09-18 14:04:21','ACT'),(1600,'NIL','SALOMo BELLAVISTA','47415124A','23/07/1992','SABADELL','nilsalomo@gmail.com',667180625,0,0,0,0,'public/equipos/images/29/foto/foto_nil.jpg','public/equipos/images/29/dni/dni_nil.jpg',29,NULL,'2017-09-18 15:14:57','ACT'),(1601,'CARLES','PELaEZ MEMBRADO','44994043V','21/12/1986','SABADELL','carlespelmem@hotmail.com',635099578,0,0,0,0,'public/equipos/images/29/foto/foto_pelaez.jpg','public/equipos/images/29/dni/dni_pelaez.jpg',29,NULL,'2017-09-18 15:16:26','ACT'),(1602,'JAUME','RAMIS MESTRE','43204417K','26/06/1991','SABADELL','jrmestre_6@hotmail.com',660034496,0,0,0,0,'public/equipos/images/29/foto/foto_ramis.jpg','public/equipos/images/29/dni/dni_ramis.jpg',29,NULL,'2017-09-18 15:19:14','ACT'),(1603,'GUIFRe','BONFILL GARCIA','47170379R','17/01/1992','SABADELL','guifrebonfill@hotmail.com',637912244,0,0,0,0,'public/equipos/images/29/foto/foto_guifre.jpg','public/equipos/images/29/dni/dni_guifre.jpg',29,NULL,'2017-09-18 15:20:30','ACT'),(1604,'DAVID','REDONDO MUnOZ','47164800B','04/12/1983','SABADELL','davidredondo83@gmail.com',644342183,83,0,0,0,'public/equipos/images/35/foto/image1.jpeg','public/equipos/images/35/dni/image2.jpeg',35,NULL,'2017-09-18 19:30:41','ACT'),(1605,'DAVID','DOMINGUEZ DEL HIERRO ','46943058N','05/05/1982','BARBERA DEL VALLES','saloudream@gmail.com',679010824,15,0,0,0,'public/equipos/images/49/foto/IMG-20170918-WA0002.jpg','public/equipos/images/49/dni/IMG-20170918-WA0002.jpg',49,NULL,'2017-09-18 19:40:49','ACT'),(1606,'MAITE','FERNANDEZ LARA','34762470V','30/11/1974','TERRASSA','etiamfl@gmail.com',696656608,0,0,0,0,'public/equipos/images/18/foto/IMG-20170912-WA0014.jpg','public/equipos/images/18/dni/20170912_200235.jpg',18,NULL,'2017-09-18 20:35:52','ACT'),(1607,'SONIA','GANDOY BUENIDA','34757945T','08/09/1973','SABADELL','soniagandoyb@gmail.com',649508817,0,0,0,0,'public/equipos/images/18/foto/SONIA.jpg','public/equipos/images/18/dni/IMG_4908.JPG',18,NULL,'2017-09-18 20:37:47','ACT'),(1608,'MIRIAM','DIEZ CASTRO','44419858G','10/04/1978','SABADELL','miriam_dc@yahoo.es',616199551,0,0,0,0,'public/equipos/images/18/foto/IMG_20170905_221113.jpg','public/equipos/images/18/dni/IMG_20170905_215933.jpg',18,NULL,'2017-09-18 20:39:15','ACT'),(1609,'IVAN','GARCIA SANJUAN','47164652R','24/03/1984','SABADELL','gsivan1984@gmail.com',660653807,84,0,0,0,'public/equipos/images/91/foto/IVAN_FOTO.jpg','public/equipos/images/91/dni/IVAN_DNI.jpg',91,NULL,'2017-09-19 08:36:59','ACT'),(1610,'XAVIER ','SALA CARBONELL','52595748-','23/04/1990','SANT CUGAT DEL VALLèS ','x.sala78@gmail.com',636368504,24,0,0,0,'public/equipos/images/32/foto/Xavi_Foto.jpg','public/equipos/images/32/dni/Xavi_DNI.jpg',32,NULL,'2017-09-19 16:48:22','ACT'),(1611,'MARC','PEREZ GONZALEZ','47161084K','24/08/1990','SABADELL','marcperezgonzalez@gmail.com',685674341,0,0,0,0,'public/equipos/images/33/foto/FOTO_Marc.jpg','public/equipos/images/33/dni/DNI_Marc.jpg',33,NULL,'2017-09-19 18:55:08','ACT'),(1612,'OSCAR','GEA BAGUENA','46803392W','30/05/1976','CERDANYOLA DEL VALLES','gea.oscar@gmail.com',609249524,0,0,0,0,'public/equipos/images/33/foto/FOTO_Oscar.jpg','public/equipos/images/33/dni/DNI_Oscar.jpg',33,NULL,'2017-09-19 18:57:08','ACT'),(1613,'JORDI','HERRERO OLIVA','45481007W','03/04/1974','TERRASSA','jordiherreroliva@gmail.com',647464927,7,0,0,0,'public/equipos/images/100/foto/JORDI_HERRERO_OLIVA.jpg','public/equipos/images/100/dni/DNI_JORDI_HERRERO_OLIVA.JPG',100,NULL,'2017-09-20 07:30:14','ACT'),(1614,'XAVIER','GUTIeRREZ MILLa ','46807578W','23/01/1982','CERDANYOLA DEL VALLèS','xavigutierrez@gmail.com',657160321,34,0,0,0,'public/equipos/images/17/foto/xavigutierrez.jpg','public/equipos/images/17/dni/dni_xavi_gutierrez.jpg',17,NULL,'2017-09-20 10:17:55','ACT'),(1615,'CARLA','CAMPS GOSET','47171699X','06/08/1989','SABADELL','carla.campsg@gmail.com',686271620,4,0,0,0,'public/equipos/images/30/foto/FullSizeRender_(87).jpg','public/equipos/images/30/dni/carla.jpg',30,NULL,'2017-09-20 20:03:09','ACT'),(1616,'FERRAN','LLAUDET ESPARRACH','47420110 ','15/06/1998','SABADELL','ferranllaudet8@gmail.com',622346617,0,0,0,0,'public/equipos/images/55/foto/FERRAN_FOTO.jpg','public/equipos/images/55/dni/FERRAN_DNI.jpg',55,NULL,'2017-09-20 21:28:26','ACT'),(1617,'JOAN','ARBONES MARTINEZ','47421693V','19/09/1996','SABADELL','JOANSET19@GMAIL.COM',689995311,0,0,0,0,'public/equipos/images/55/foto/FOTO_ARBONES.JPG','public/equipos/images/55/dni/DNI_ARBONES.JPG',55,NULL,'2017-09-20 21:42:21','ACT'),(1618,'XAVIER','MARTiN ALONSO','45463888H','18/12/1970','MATADEPERA','elcompany@gmail.com',610061078,13,0,0,0,'public/equipos/images/100/foto/Ficha.jpg','public/equipos/images/100/dni/DNI-frontal.jpeg',100,NULL,'2017-09-21 01:52:36','ACT'),(1619,'ANNA','ASTALS SERES','45638317S','25/06/1985','TERRASSA','annastals@gmail.com',600387241,0,0,0,0,'public/equipos/images/51/foto/IMG-20170918-WA0010.jpg','public/equipos/images/51/dni/IMG-20170918-WA0009.jpg',51,NULL,'2017-09-21 10:47:42','ACT'),(1620,'ROSENDO','GARGANTA','46809922T','10/02/1985','CERDANYOLA DEL VALLES','rgarganta@devicare.com',678021024,0,0,0,0,'public/equipos/images/17/foto/Foto_Staff_RGL.jpg','public/equipos/images/17/dni/IMG_2672.JPG',17,NULL,'2017-09-21 12:28:44','ACT'),(1621,'JORGE IVAN','PEREZ GOMEZ','54326603M','10/12/1964','SANT CUGAT DEL VALLéS','aaa@gmail.com',626734345,23,0,0,0,'public/equipos/images/19/foto/IMG_20170921_161317.jpg','public/equipos/images/19/dni/IMG_20170921_161235.jpg',19,NULL,'2017-09-21 16:16:01','ACT'),(1622,'JOSE ANGEL','CASADO SALGADO','47172534V','19/11/1992','SABADELL ','jose_cs12@me.com',671294339,12,0,0,0,'public/equipos/images/32/foto/J_Foto.JPG','public/equipos/images/32/dni/J_DNI_Davant.JPG',32,NULL,'2017-09-21 16:20:59','ACT'),(1623,'DAVID ','PENA SANCHEZ','46809009F','31/08/1985','CERDAÑOLA','dpsanchez31@gmail.com',605327041,0,0,0,0,'public/equipos/images/60/foto/Carnet_(1).jpg','public/equipos/images/60/dni/Carnet_(1).jpg',60,NULL,'2017-09-21 16:24:28','ACT'),(1624,'DAVID','FERNANDEZ GARCIA ','47165402S','26/10/1989','SABADELL ','davi_89_stq@hotmail.es',685332891,4,0,0,0,'public/equipos/images/32/foto/Willy_Foto.jpg','public/equipos/images/32/dni/Willy_DNI_Davant.jpg',32,NULL,'2017-09-21 16:32:11','ACT'),(1625,'JOSE ANTONIO','SANCHEZ MATEO','46801017L','19/03/1978','TERRASSA','AJ23_45@HOTMAIL.COM',691671141,23,0,0,0,'public/equipos/images/96/foto/20170921_171544.jpg','public/equipos/images/96/dni/20170921_165024.jpg',96,NULL,'2017-09-21 17:24:04','ACT'),(1626,'SAMUEL','DIAZ  CABRERA','47154131Z','14/10/1978','SABADELL','SAMUELDC23@HOTMAIL.COM',696205249,14,0,0,0,'public/equipos/images/96/foto/20170921_171608.jpg','public/equipos/images/96/dni/20170921_164840.jpg',96,NULL,'2017-09-21 17:26:15','ACT'),(1627,'ANDREA ','PELaEZ GUERRERO','47184702H','15/05/1998','SABADELL','andreapelaezguerrero@gmail.com',696043441,15,1,0,0,'public/equipos/images/108/foto/ANNN.jpg','public/equipos/images/108/dni/IMG_20170825_0001.jpg',108,NULL,'2017-09-21 19:19:55','ACT'),(1628,'REBECCA','MARTiNEZ MENDOZA','49736391H','16/07/1998','SABADELL','rebeccaamm16@gmail.com',677025139,16,0,1,0,'public/equipos/images/108/foto/foto-_1_.jpg','public/equipos/images/108/dni/DNI-1.jpg',108,NULL,'2017-09-21 19:35:19','ACT'),(1629,'JOAN','CALABUIG I GASPAR','44799320N','05/01/1981','SABADELL','joancalabuig@gmail.com',676725178,8,0,0,0,'public/equipos/images/35/foto/IMG_1861.JPG','public/equipos/images/35/dni/Captura.JPG',35,NULL,'2017-09-21 22:35:00','ACT'),(1630,'DiDAC','ZOYO SEGURA','45485687J','20/04/1977','TERRASSA','didac.tk@gmail.com',605017136,17,0,0,0,'public/equipos/images/17/foto/fotocarnet.jpg','public/equipos/images/17/dni/DNI_didac.jpg',17,NULL,'2017-09-21 22:45:26','ACT'),(1631,'MIGUEL','ALCaNTARA GUTIERREZ','47921113S','08/03/1990','LLIçà DE VALL','mikisisamon@gmail.com',661258893,21,0,0,0,'public/equipos/images/20/foto/miki.jpg','public/equipos/images/20/dni/miki.jpg',20,NULL,'2017-09-22 00:25:09','ACT'),(1632,'JORDI','VILLENA CABEZAS','47706933B','21/06/1990','LLIçà D´ÁMUNT','jordi.villena.cabezas@gmail.com',607938141,11,0,0,0,'public/equipos/images/20/foto/jordi.jpg','public/equipos/images/20/dni/jordi.jpg',20,NULL,'2017-09-22 00:35:04','ACT'),(1633,'ARTUR ','KUTKOVSKYY GRUSHA','49722564Z','16/01/1994','SABADELL','Kutkovskyy47@gmail.com',686464323,4,0,0,0,'public/equipos/images/98/foto/IMG-20170921-WA0007.jpg','public/equipos/images/98/dni/IMG-20170921-WA0005.jpg',98,NULL,'2017-09-22 01:27:03','ACT'),(1634,'ALBERT','VAZQUEZ MOLINER','47162748Y','11/06/1987','SABADELL','albers46_10@hotmail.com',678898430,0,0,0,0,'public/equipos/images/45/foto/1.jpg','public/equipos/images/45/dni/20170919_193333.jpg',45,NULL,'2017-09-22 07:59:48','ACT'),(1635,'DANIEL','OLIVER RUIZ','45489402W','30/01/1976','TERRASSA','madrox.76@gmail.com',677464777,7,0,0,0,'public/equipos/images/17/foto/danioliverfoto.jpg','public/equipos/images/17/dni/dni.jpg',17,NULL,'2017-09-22 12:45:41','ACT'),(1636,'LLUIS','ESCRIG ORTIZ','46599672Q','17/12/1973','BARCELONA','lluisescrig@hotmail.com',654211384,24,0,0,0,'public/equipos/images/34/foto/Lluis_-_Foto.jpg','public/equipos/images/34/dni/Lluis_-_DNI.jpg',34,NULL,'2017-09-22 13:28:16','ACT'),(1637,'DAVID','MARIN FERNaNDEZ','47155240L','23/01/1987','SABADELL','david230187@gmail.com',658408747,15,0,0,0,'public/equipos/images/34/foto/Marin_-_Foto.jpg','public/equipos/images/34/dni/Marin_-_DNI_1.jpg',34,NULL,'2017-09-22 13:53:42','ACT'),(1638,'ADAM','FONT CAPARRoS','39412069M','04/07/1998','SABADELL','adamfc1598@yahoo.com',640281314,15,0,0,0,'public/equipos/images/106/foto/WhatsApp_Image_2017-09-21_at_23_22_07.jpeg','public/equipos/images/106/dni/WhatsApp_Image_2017-09-21_at_23_20_09.jpeg',106,NULL,'2017-09-22 15:50:53','ACT'),(1639,'CRISTINA','GRIMALDO PUJOL','45932753M','13/09/1992','TERRASSA','cristinagrimaldo@gmail.com',635506885,0,0,0,0,'public/equipos/images/63/foto/foto_carnet_cristina_grimaldo.jpg','public/equipos/images/63/dni/FullSizeRender.jpg',63,NULL,'2017-09-22 18:57:27','ACT'),(1640,'PAULA','GILABERT SOLiS','46415808Z','06/11/1991','TERRASSA','paulagilabert@gmail.com',630663648,0,0,0,0,'public/equipos/images/63/foto/IMG_2165.JPG','public/equipos/images/63/dni/FullSizeRender_(1)1.jpg',63,NULL,'2017-09-22 19:04:03','ACT'),(1641,'MARTA','CRUA VILANOVA','45485200D','20/07/1978','TERRASSA','martacrua@hotmail.com',657411737,0,0,0,0,'public/equipos/images/63/foto/Foto.jpg','public/equipos/images/63/dni/DNI_1.jpg',63,NULL,'2017-09-22 19:09:24','ACT'),(1642,'SANTIAGO','FERNANDEZ IZNAJAR','77129452X','18/12/1992','SABADELL','SANTIIZNA@HOTMAIL.ES',656789876,24,0,0,0,'public/equipos/images/96/foto/20170923_092907.jpg','public/equipos/images/96/dni/20170923_092838.jpg',96,NULL,'2017-09-23 10:09:18','ACT'),(1643,'MONTSERRAT','MIQUEL GRASES','47734224R','03/03/1987','BARCELONA','m1o9n8x7i@hotmail.es',663863225,1,1,0,1,'public/equipos/images/109/foto/11.jpg','public/equipos/images/109/dni/IMG_20170924_190745.jpg',109,NULL,'2017-09-24 21:19:29','ACT'),(1644,'EVA','MORILLO SEGARRA','46872080N','27/01/1986','HOSPITALET DE LLOBREGAT','emorilse@gmail.com',629937951,8,0,0,0,'public/equipos/images/109/foto/IMG_20170921_185735659_BURST000_COVER_TOP-2.jpg','public/equipos/images/109/dni/IMG_20170924_191025470.jpg',109,NULL,'2017-09-24 21:23:24','ACT'),(1645,'ROSER','PORCAR BUSQUETS','45465258P','10/10/1971','TERRASSA','Roser13@gmail.com',609719132,13,0,0,0,'public/equipos/images/109/foto/IMG-20170924-WA0022.jpg','public/equipos/images/109/dni/IMG-20170924-WA0026.jpg',109,NULL,'2017-09-24 21:25:49','ACT'),(1646,'ANA','OTEIZA FERNANDEZ','72542807W','05/02/1993','BARCELONA','Azieto11@gmail.com',695749566,11,0,1,0,'public/equipos/images/109/foto/IMG-20170919-WA0004.jpg','public/equipos/images/109/dni/IMG-20170924-WA0024.jpg',109,NULL,'2017-09-24 21:29:55','ACT'),(1647,'CONSUELO','GALaN MARTINEZ','73390139Z','16/09/1977','BARCELONA','consogm@gmail.com',651400066,40,0,0,0,'public/equipos/images/109/foto/IMG-20170923-WA0007.jpg','public/equipos/images/109/dni/IMG-20170924-WA0025.jpg',109,NULL,'2017-09-24 21:34:52','ACT'),(1648,'GEMMA','MIR SANTIGOSA','47846879W','07/12/1990','BARCELONA','gemmasantigosa@hotmail.com',649221454,16,0,0,0,'public/equipos/images/109/foto/IMG-20170923-WA0003.jpg','public/equipos/images/109/dni/IMG-20170923-WA0006.jpg',109,NULL,'2017-09-24 21:42:07','ACT'),(1649,'XAVI','SALVADOR HERNaNDEZ','47424985C','23/02/1999','SABADELL','xaviSH.1999@gmail.com',606051584,0,0,0,0,'public/equipos/images/46/foto/IMG-20170924-WA0043.jpg','public/equipos/images/46/dni/IMG-20170924-WA0041.jpg',46,NULL,'2017-09-24 21:53:09','ACT'),(1650,'PHILIPP','MARTIN MOSTERS','X1759523T','12/03/1974','VALLDOREIX','albert_blasi@hotmail.com',620042106,0,0,0,0,'public/equipos/images/46/foto/IMG-20170922-WA0002.jpg','public/equipos/images/46/dni/IMG-20170922-WA0015.jpg',46,NULL,'2017-09-24 21:57:02','ACT'),(1651,'OSCAR','VALVERDE MOLINS ','47424339H','23/12/1995','SABADELL','albert_blasi@hotmail.com',620670556,0,0,0,0,'public/equipos/images/46/foto/IMG-20170922-WA0019.jpg','public/equipos/images/46/dni/IMG-20170922-WA0021.jpg',46,NULL,'2017-09-24 21:59:36','ACT'),(1652,'ARES','BARRABES LABRADOR','47695368S','05/02/1989','SABADELL','Ares.barrabes@gmail.com',657132126,0,0,0,0,'public/equipos/images/39/foto/foto_ares.jpg','public/equipos/images/39/dni/dni_ares.jpg',39,NULL,'2017-09-25 09:38:04','ACT'),(1653,'GEORGINA','CARRILLO','49221637G','29/10/1996','SABADELL','geor.rbd.96@gmail.com',695087985,4,0,0,0,'public/equipos/images/108/foto/Foto_carnet.jpg','public/equipos/images/108/dni/DNI.jpg',108,NULL,'2017-09-25 13:04:30','ACT'),(1654,'NIL','SARRADO OLLIVA','52594941J','24/10/1986','CASTELLAR DEL VALLES','nsarrado@gmail.com',670389366,0,0,0,0,'public/equipos/images/16/foto/WhatsApp_Image_2017-09-18_at_11_42_18_(1).jpeg','public/equipos/images/16/dni/WhatsApp_Image_2017-09-18_at_11_42_18_(1).jpeg',16,NULL,'2017-09-25 15:51:36','DES'),(1655,'MARC','ESPASA BELTRAN','47176099V','03/10/1987','SANT QUIRZE DEL VALLES','espasabeltranm@gmail.com',634782941,0,0,0,0,'public/equipos/images/16/foto/marcespasa_(1).jpg','public/equipos/images/16/dni/WhatsApp_Image_2017-09-14_at_20_10_13.jpeg',16,NULL,'2017-09-25 16:16:25','ACT'),(1656,'JUDITH','PABLO TORRELL','48269885S','03/07/1996','SABADELL','judithpablotorrell@gmail.com',677887246,25,0,0,0,'public/equipos/images/108/foto/foto_(1).jpg','public/equipos/images/108/dni/IMG-20170921-WA0029_(1).jpg',108,NULL,'2017-09-25 19:34:59','ACT'),(1657,'NEUS','SISO VILA','53029604E','27/02/1983','BARCELONA','neussiso@gmail.com',666456957,9,0,0,0,'public/equipos/images/109/foto/IMG-20170923-WA0001.jpg','public/equipos/images/109/dni/IMG-20170925-WA0006.jpg',109,NULL,'2017-09-25 19:46:00','ACT'),(1658,'SANDRA','KEUMANGA DEUTCHOUA','X6370752M','19/03/1987','BARCELONA','sandra.keumanga@hotmail.com',652555503,19,0,0,0,'public/equipos/images/109/foto/IMG-20170924-WA0020.jpg','public/equipos/images/109/dni/IMG-20170924-WA0029.jpg',109,NULL,'2017-09-25 20:56:10','ACT'),(1659,'JULIE','LE MOIGNE','Y5003253P','07/06/1991','BARCELONA','le.moigne.julie@gmail.com',634737169,6,0,0,0,'public/equipos/images/109/foto/IMG-20170924-WA0023.jpg','public/equipos/images/109/dni/IMG-20170925-WA0005.jpg',109,NULL,'2017-09-25 20:59:54','ACT'),(1660,'CAROLINA','MARTINEZ ','38126629N','06/05/1976','BARCELONA','Cmmgg76@gmail.com',615822260,7,0,0,0,'public/equipos/images/109/foto/IMG-20170924-WA0021.jpg','public/equipos/images/109/dni/IMG-20170925-WA0009.jpg',109,NULL,'2017-09-25 21:20:09','ACT'),(1661,'MARIONA','ROIG','47421536K','24/02/1998','SABADELL','marionafosca@gmail.com',691847228,33,0,0,0,'public/equipos/images/108/foto/ae83fa78-0bd2-4ec7-9a85-a4dbcced3ebd.jpg','public/equipos/images/108/dni/0fde2efe-cfe1-49b5-906f-5a44fbfe6104.jpg',108,NULL,'2017-09-26 13:21:44','ACT'),(1662,'EUGENIA','PEYRECAVE LLEIXA','47943279D','27/10/1991','CASTELLAR DEL VALLÈS','epeyrecave@gmail.com',649793635,28,0,0,0,'public/equipos/images/105/foto/FOTO_CARNET.JPG','public/equipos/images/105/dni/DNI.JPG',105,NULL,'2017-09-26 14:45:00','ACT'),(1663,'ODENA','RUIZ MENDOZA','45933580G','25/06/1991','TERRASSA','odenarum@gmail.com',635506885,0,0,0,0,'public/equipos/images/63/foto/FB_IMG_1506415779158.jpg','public/equipos/images/63/dni/dni_odena.jpg',63,NULL,'2017-09-26 17:46:03','ACT'),(1664,'JOAN ','FONT BALLESTE','47152505K','08/03/1982','SABADELL','FONTBALLE@GMAIL.COM',630419831,0,0,0,0,'public/equipos/images/60/foto/IMG_4299.JPG','public/equipos/images/60/dni/IMG_4298.JPG',60,NULL,'2017-09-27 20:13:44','ACT'),(1665,'ALENA ','TURU CALVET','47780796K','28/07/1997','SABADELL','alena.turu@gmail.com',607879743,23,0,0,0,'public/equipos/images/108/foto/InstaSize_0710170236.jpg','public/equipos/images/108/dni/20170928_094103.jpg',108,NULL,'2017-09-28 13:47:12','ACT'),(1666,'JOSEP','RODRiGUEZ HERRERIAS ','45474803P','30/10/1973','TERRASSA','josepe_rh@hotmail.com',672075275,9,0,0,0,'public/equipos/images/100/foto/IMG_2098.JPG','public/equipos/images/100/dni/IMG_2096.JPG',100,NULL,'2017-09-28 22:53:28','ACT'),(1667,'MIQUEL','TORRES RAMIREZ','48196646P','24/09/1993','SABADELL','mikiroage@hotmail.com',629887124,0,0,0,0,'public/equipos/images/46/foto/IMG-20170928-WA0015.jpg','public/equipos/images/46/dni/IMG-20170926-WA0004.jpg',46,NULL,'2017-09-28 23:43:19','ACT'),(1668,'JOAN','AGUDO I RIERA','47424619E','21/05/1993','SABADELL','Jagu_93@hotmail.com',662050611,0,0,0,0,'public/equipos/images/46/foto/IMG-20170929-WA0008.jpg','public/equipos/images/46/dni/IMG-20170929-WA0009.jpg',46,NULL,'2017-09-30 09:26:24','ACT'),(1669,'ANNA','SERRA ESTEVE','48268935P','24/09/1999','SABADELL','serra.anna.esteva@gmail.com',634522026,24,0,0,0,'public/equipos/images/108/foto/Foto_2531.jpg','public/equipos/images/108/dni/WhatsApp_Image_2017-10-02_at_11_52_06.jpeg',108,NULL,'2017-10-02 13:12:43','ACT'),(1670,'EDUARD','HERENCIA','47985117X','27/01/1995','PALLEJA','eduard.herencia@gmail.com',644230934,13,0,0,0,'public/equipos/images/110/foto/foto_blanco.jpg','public/equipos/images/110/dni/IMG_20171002_150333.jpg',110,NULL,'2017-10-02 15:07:41','ACT'),(1671,'PABLO ADRIAN','RODRiGUEZ NIETO','46477413W','21/05/1992','FONTPINEDA','pablonieto.ra@gmail.com',636096758,13,0,0,0,'public/equipos/images/110/foto/WIN_20170103_03_26_24_Pro.jpg','public/equipos/images/110/dni/IMG_1968.JPG',110,NULL,'2017-10-02 15:30:17','ACT'),(1672,'VICTOR','LoPEZ TORROJA','47955144Y','15/03/1992','CORBERA','Vicloto8@hotmail.com',678354426,5,0,0,0,'public/equipos/images/110/foto/IMG_20171002_161343.jpg','public/equipos/images/110/dni/IMG_20171002_161257.jpg',110,NULL,'2017-10-02 16:14:21','ACT'),(1673,'DAVID ','MORENO GARCIA','46720921D','25/09/1984','SABADELL','dmoreno1984@gmail.com',659007027,6,0,0,0,'public/equipos/images/24/foto/David_carnet.jpg','public/equipos/images/24/dni/DNi_David-iloveimg-converted.jpg',24,NULL,'2017-10-02 16:28:12','ACT'),(1674,'ROGER','NICOLAS ALEGRET','47176019Y','26/09/1988','SABADELL','roger.nicolas.alegret@gmail.com',651450352,0,0,0,0,'public/equipos/images/24/foto/3e67a761.jpg','public/equipos/images/24/dni/Captura_nicojpg.JPG',24,NULL,'2017-10-02 16:30:56','ACT'),(1675,'PAU','GoMEZ FERRER','47989880N','27/02/1992','PALLEJà','paugomferr@gmail.com',678527591,4,0,1,0,'public/equipos/images/110/foto/_34_678_52_75_91_20170812_205250.jpg','public/equipos/images/110/dni/20171002_162650.jpg',110,NULL,'2017-10-02 16:45:11','ACT'),(1676,'ADELIN','PINEDA','49240048S','07/01/1992','CORBERA DE LLOBREGAT','elmenor_adelin@hotmail.com',634053072,16,0,0,0,'public/equipos/images/110/foto/DSC_0017.JPG','public/equipos/images/110/dni/DSC_0022.JPG',110,NULL,'2017-10-02 17:22:20','ACT'),(1677,'MATT','HOOGSTEDER RIERA','41546199B','09/06/1995','BANYOLES','hoogstedermatt@gmail.com',645443899,0,0,0,0,'public/equipos/images/58/foto/IMG-20170928-WA0004.jpg','public/equipos/images/58/dni/IMG-20170928-WA0003.jpg',58,NULL,'2017-10-02 17:33:41','ACT'),(1678,'MIREIA','FIGUERES RODRiGUEZ ','48271005P','10/06/1997','SABADELL','mireia2n1011@gmail.com',662563063,22,0,0,0,'public/equipos/images/108/foto/IMG-20171002-WA0024.jpg','public/equipos/images/108/dni/IMG-20171001-WA0096.jpg',108,NULL,'2017-10-03 11:22:11','DES'),(1679,'ALBERT','CARNERO ESTURI','53297603W','14/03/1994','PALLEJA','albert.carnero@yahoo.es',610428055,7,0,0,0,'public/equipos/images/110/foto/IMG_1374.JPG','public/equipos/images/110/dni/IMG_1375.JPG',110,NULL,'2017-10-03 15:34:53','ACT'),(1680,'CARLOS','HIDALGO PeREZ ','43383072N','15/09/1987','ESPLUGUES ','Pafessor@gmail.com',692955896,3,0,0,0,'public/equipos/images/110/foto/IMG_20171004_020128.jpg','public/equipos/images/110/dni/IMG_20171004_020553.jpg',110,NULL,'2017-10-04 02:06:11','ACT'),(1681,'RISEC','GAELLE','11111111H','15/08/1990','BARCELONA','gaellerisec@yahoo.fr',618790031,12,0,0,0,'public/equipos/images/109/foto/IMG-20171004-WA00011.jpg','public/equipos/images/109/dni/IMG-20171004-WA00021.jpg',109,NULL,'2017-10-04 12:33:33','ACT'),(1682,'ROGER','GoMEZ FERRER ','47989879B','26/05/1994','PALLEJA ','roy_nba23@msn.com',650484599,9,1,0,0,'public/equipos/images/110/foto/IMG-20170826-WA0070.jpeg','public/equipos/images/110/dni/IMG_20171004_222312.jpg',110,NULL,'2017-10-04 22:38:42','ACT'),(1683,'INAKI','URIZ ALBIOL','39369391S','07/08/1984','SANT CUGAT DEL VALLèS','inakiuriz77@gmail.com',656941166,0,0,0,0,'public/equipos/images/50/foto/IMG-20170902-WA0004.jpg','public/equipos/images/50/dni/inaki_dni.jpg',50,NULL,'2017-10-05 09:45:10','ACT'),(1684,'BRYAN','BYRON CRAVER','Y3594370J','23/03/1972','SANT CUGAT DEL VALLèS','xxx@xxx.com',619610904,0,0,0,0,'public/equipos/images/50/foto/IMG-20171002-WA0003.jpg','public/equipos/images/50/dni/bryan_dni.jpg',50,NULL,'2017-10-05 09:52:29','ACT'),(1685,'ViCTOR','ESCOBEDO PARERAS','47985122S','19/10/1992','CORBERA DE LLOBREGAT','viktorescobedo@gmail.com',667054162,22,0,0,0,'public/equipos/images/110/foto/fotoo.jpg','public/equipos/images/110/dni/dni.jpeg',110,NULL,'2017-10-05 11:03:51','ACT'),(1686,'XAVI','DOBON ORTEGA','47423334W','26/09/1997','SABADELL','x.dobon10@gmail.com',638413465,1,0,0,0,'public/equipos/images/91/foto/WhatsApp_Image_2017-10-05_at_23_05_33.jpeg','public/equipos/images/91/dni/DNI_XAVI_DOBON.jpeg',91,NULL,'2017-10-05 23:08:58','ACT'),(1687,'CARLES','TORRECILLA FERRANDEZ','47177398M','10/03/1989','SABADELL','bernattc@gmail.com',669752704,0,0,0,0,'public/equipos/images/59/foto/CarlesTorrecilla.jpg','public/equipos/images/59/dni/CarlesTorrecillaDNI.jpg',59,NULL,'2017-10-06 20:44:54','ACT'),(1688,'DANIEL','SERRANO AGUILAR','47801656C','05/01/1994','PALLEJA ','Dani.dsa@hotmail.com',936881642,12,0,0,0,'public/equipos/images/110/foto/IMG-20171005-WA0012.jpg','public/equipos/images/110/dni/IMG-20171005-WA0014.jpg',110,NULL,'2017-10-07 02:22:10','ACT'),(1689,'PAULA','GARCIA GONZALEZ','48675716B','22/01/1990','TERRASSA','paula_manime7@hotmail.com',690324094,0,0,0,0,'public/equipos/images/18/foto/IMG-20171008-WA0013.jpg','public/equipos/images/18/dni/20171007_124626.jpg',18,NULL,'2017-10-08 19:41:09','ACT'),(1690,'DAVID','ARANDA GARCIA','47985636T','06/10/1996','PALLEJA ','David.aranda.G@hotmail.com',936880285,8,0,0,0,'public/equipos/images/110/foto/IMG-20171002-WA0049.jpg','public/equipos/images/110/dni/IMG-20171002-WA0051.jpg',110,NULL,'2017-10-09 13:11:31','ACT'),(1691,'AGNeS','BARRIUSO VIDAL','34750218R','21/09/1973','SABADELL','agnesbarri@gmail.com',646763371,0,0,0,0,'public/equipos/images/53/foto/Agnes2017.jpg','public/equipos/images/53/dni/AgnesDni.jpg',53,NULL,'2017-10-11 20:42:26','ACT'),(1692,'SiLVIA','GONZALEZ GOMEZ','53077761V','11/05/1975','PALAU DE PLEGAMANS','silvian75@hotmail.com',687903055,0,0,0,0,'public/equipos/images/53/foto/SilviaGonzalezFoto.jpg','public/equipos/images/53/dni/SilviaGonzalez2017.jpg',53,NULL,'2017-10-11 20:44:42','ACT'),(1693,'ELISABET','ROMERO GUTIERREZ','46826676X','09/09/1983','RUBÍ','sandra.valles73@gmail.com',690876400,9,0,0,0,'public/equipos/images/66/foto/eli.jpg','public/equipos/images/66/dni/Foto_enviada_per_Sandra_Valle?s.jpg',66,NULL,'2017-10-13 09:31:57','ACT'),(1694,'EVA MARIA','ALJAMA JIMENEZ','44993915G','24/04/1975','BARBERÀ','lope25poema@gmail.com',619823438,11,0,0,0,'public/equipos/images/66/foto/Eva.jpg','public/equipos/images/66/dni/dni_Eva.jpg',66,NULL,'2017-10-13 19:13:36','ACT'),(1695,'ESTEVE','SOLE GARCIA','77676404E','05/04/1980','CASTELLAR DEL VALLES','nutanoarte@gmail.com',666898457,0,0,0,0,'public/equipos/images/46/foto/IMG-20171015-WA0008.jpg','public/equipos/images/46/dni/IMG-20171015-WA0009.jpg',46,NULL,'2017-10-15 22:30:29','ACT'),(1696,'JOSe DANIEL ','ANDARA AROCHA','49220471B','31/08/1998','SABADELL','jose.daniel3108@hotmail.com',678829439,13,0,0,0,'public/equipos/images/106/foto/WhatsApp_Image_2017-10-03_at_20_15_25.jpeg','public/equipos/images/106/dni/WhatsApp_Image_2017-10-03_at_20_17_30.jpeg',106,NULL,'2017-10-16 12:43:38','ACT'),(1697,'MARIA GEMA','TEDO PEREZ','34763532K','03/09/1975','SABADELL','mgemmatedo@gmail.com',627704431,0,0,0,0,'public/equipos/images/39/foto/WhatsApp_Image_2017-10-12_at_15_31_02.jpeg','public/equipos/images/39/dni/WhatsApp_Image_2017-10-12_at_15_29_51.jpeg',39,NULL,'2017-10-16 17:13:05','ACT'),(1698,'SiLVIA','PaRRAGA SaNCHEZ','47738059H','03/11/1993','RUBí','Joan.teixido@reginacarmeli.com',659763971,0,0,0,0,'public/equipos/images/75/foto/Sílvia_Párraga_Foto.jpg','public/equipos/images/75/dni/Sílvia_Párraga_DNI.jpg',75,NULL,'2017-10-17 20:27:28','ACT'),(1699,'JUSTO','GARCIA MORENO','34730798Q','25/10/1972','SABADELL','rtutusaus@gmail.com',667569087,0,0,0,0,'public/equipos/images/50/foto/IMG-20171019-WA0001.jpg','public/equipos/images/50/dni/IMG-20171019-WA0002.jpg',50,NULL,'2017-10-19 08:13:47','ACT'),(1700,'VICTOR','PEREZ MATEO','47424081J','21/06/1994','SABADELL','Victorcillo_@hotmail.com',606294617,12,0,0,0,'public/equipos/images/91/foto/VICTOR_FOTO.jpg','public/equipos/images/91/dni/VICTOR_DNI.jpg',91,NULL,'2017-10-30 11:43:10','ACT'),(1701,'RAQUEL','RODRiGUEZ ORTEGA','77677453J','29/07/1977','BARBERÀ','raquel.rodriguez@somdocents.com',652849679,7,0,0,0,'public/equipos/images/66/foto/Foto_de_Sandra_Valles_(1).jpg','public/equipos/images/66/dni/Foto_de_Sandra_Valles.jpg',66,NULL,'2017-11-05 12:16:48','ACT'),(1702,'JULIA','ARBOLEYA PRIETO','71679477T','17/10/1991','BARCELONA','juliarboleya@gmail.com',679758857,15,0,0,0,'public/equipos/images/109/foto/IMG-20171112-WA00071.jpg','public/equipos/images/109/dni/IMG-20171112-WA00051.jpg',109,NULL,'2017-11-13 11:55:24','ACT'),(1703,'FRANCESCA','FONTANET LORENTE','34744218G','21/06/1971','SABADELL','cesca7105@hotmail.com',639039374,0,0,0,0,'public/equipos/images/53/foto/Cesca17.jpg','public/equipos/images/53/dni/CescaDNI17.jpg',53,NULL,'2017-11-13 18:22:11','ACT'),(1704,'ALVARO','ARMENDARIZ LACASA','48364272X','08/05/1989','BARCELONA','armendariz.lacasa@gmail.com',660626279,24,0,0,0,'public/equipos/images/34/foto/Alvaro_-_Foto_(1).jpg','public/equipos/images/34/dni/Alvaro_-_DNI.jpg',34,NULL,'2017-11-14 18:27:09','ACT'),(1705,'EDGAR','PUENTE SIMON','46628904S','02/02/1974','SANT CUGAT DEL VALLES','erasmolopezg@gmail.com',695270385,0,0,0,0,'public/equipos/images/38/foto/WhatsApp_Image_2017-11-15_at_14_35_11.jpeg','public/equipos/images/38/dni/WhatsApp_Image_2017-11-15_at_14_33_32.jpeg',38,NULL,'2017-11-15 23:23:49','ACT'),(1706,'ERIC ','VERGES GARCIA','47985535Z','02/08/1992','CERVELLó','eric_verges@outlook.com',677317369,10,0,0,0,'public/equipos/images/110/foto/20170713_154840.jpg','public/equipos/images/110/dni/20171118_141155.jpg',110,NULL,'2017-11-18 14:13:34','ACT'),(1707,'AZRET','BABGOEV','X7192457N','15/09/1990','NALCHIK-RUS','Azret_b@hotmail.com',626054077,0,0,0,0,'public/equipos/images/45/foto/azret2.jpg','public/equipos/images/45/dni/azret1.jpg',45,NULL,'2017-11-22 19:12:45','ACT'),(1708,'LAIA','PUJOL MARTINEZ','47781508C','01/11/1997','RUBí','layetaa.11@gmail.com',616348546,0,0,0,0,'public/equipos/images/75/foto/Laia_Pujol_Foto.jpg','public/equipos/images/75/dni/Laia_Pujol_DNI.jpg',75,NULL,'2017-11-23 20:16:22','ACT'),(1709,'DAVID','ARANEGA TRANCON','47418449Q','26/11/1996','SABADELL','aranegatrancondavid@gmail.com',601229218,0,0,0,0,'public/equipos/images/98/foto/20180110_183542.jpg','public/equipos/images/98/dni/IMG-20180110-WA0000.jpg',98,NULL,'2018-01-10 18:38:02','ACT'),(1710,'MARTA','MASOLIVER BRUTAU','47159028N','05/07/1980','SABADELL','martamaso15@gmail.com',630202812,0,0,0,0,'public/equipos/images/39/foto/IMG-20180104-WA0004(1).jpg','public/equipos/images/39/dni/IMG-20180104-WA0017.jpg',39,NULL,'2018-01-10 20:53:31','ACT'),(1711,'JORDI','CANO GOZALEZ','47418602P','01/04/1996','SANT QUIRZE DEL VALLéS','jordigc2@gmail.com',644186204,0,0,0,0,'public/equipos/images/24/foto/IMG-20170603-WA0017.jpg','public/equipos/images/24/dni/jugador.JPG',24,NULL,'2018-01-11 20:06:16','ACT'),(1712,'XAVIER','SERRA VIDAL','53293762W','24/02/1993','VALLDOREIX','xaa.vii@hotmail.com',676313217,8,0,0,0,'public/equipos/images/19/foto/fotoCVX.jpg','public/equipos/images/19/dni/fotocopiaDNI.JPG',19,NULL,'2018-01-18 14:37:02','ACT'),(1713,'JAVIER','DE PRADO GARCIA','53297985Q','24/11/1993','SANT CUGAT','javierdeprado@hotmail.es',615480284,44,0,0,0,'public/equipos/images/19/foto/Fotojavi.jpg','public/equipos/images/19/dni/dnijavi.jpg',19,NULL,'2018-01-18 14:46:43','ACT'),(1714,'ELENA','DORESTE','42224017L','04/09/1995','SABADELL','elenadoreste_95@hotmail.com',671616030,6,0,0,0,'public/equipos/images/108/foto/Foto_Carnet.jpg','public/equipos/images/108/dni/20160729_110320.jpg',108,NULL,'2018-01-19 19:58:30','ACT'),(1715,'DAVID','RODRIGUEZ JURADO','45480366M','15/03/1975','TERRASSA','rtutusaus@gmail.com',667569087,0,0,0,0,'public/equipos/images/50/foto/1foto_jugador.jpg','public/equipos/images/50/dni/3dni_jugador.jpg',50,NULL,'2018-01-24 22:19:21','ACT'),(1716,'ALBERT','MILAN INFANTES','44997020G','20/05/1991','SABADELL','albmilan91@gmail.com',651651226,66,0,0,0,'public/equipos/images/36/foto/foto_dni.jpg','public/equipos/images/36/dni/foto_dni.jpg',36,NULL,'2018-01-29 21:10:07','ACT'),(1717,'ELISABET','LOZANO','49220048W','03/05/1997','SABADELL','lililozanorobles@gmail.com',622619974,11,0,0,0,'public/equipos/images/108/foto/IMG_20180228_152300.jpg','public/equipos/images/108/dni/IMG_20180228_152300.jpg',108,NULL,'2018-02-28 19:11:54','ACT'),(1718,'BEATRIZ','GONZaLEZ ZURDO','46825419H','23/12/1991','RUBí','beasil2317@hotmail.com',690076325,11,0,0,0,'public/equipos/images/75/foto/Bea_González_Foto_0001.jpg','public/equipos/images/75/dni/Bea_González_DNI_0001.jpg',75,NULL,'2018-03-19 18:53:42','ACT'),(1719,'ANNIA','GIL GRAU','48197960B','13/03/1996','SABADELL','noelia.bertran@gmail.com',636016627,0,0,0,0,'public/equipos/images/39/foto/annia.jpg','public/equipos/images/39/dni/annia.jpg',39,NULL,'2018-03-22 19:09:15','ACT'),(1720,'EBRAIM','MINTEH JAITEH','49720801E','11/01/1995','SABADELL','ebrasabadell@gmail.com',622688254,0,0,0,0,'public/equipos/images/45/foto/Ebraim.jpg','public/equipos/images/45/dni/ebraim.jpg',45,NULL,'2018-03-27 21:13:41','ACT');
/*!40000 ALTER TABLE `jugador` ENABLE KEYS */;
UNLOCK TABLES;

--
-- Table structure for table `partitDelegat`
--

DROP TABLE IF EXISTS `partitDelegat`;
/*!40101 SET @saved_cs_client     = @@character_set_client */;
/*!40101 SET character_set_client = utf8 */;
CREATE TABLE `partitDelegat` (
  `idPartitDelegat` int(11) NOT NULL AUTO_INCREMENT,
  `data` varchar(45) DEFAULT NULL,
  `hora` varchar(45) DEFAULT NULL,
  `pista` varchar(45) DEFAULT NULL,
  `idDelegat` int(11) DEFAULT NULL,
  `idTarifaDelegat` int(11) DEFAULT NULL,
  `actiu` varchar(3) DEFAULT 'ACT',
  PRIMARY KEY (`idPartitDelegat`)
) ENGINE=InnoDB AUTO_INCREMENT=3 DEFAULT CHARSET=latin1;
/*!40101 SET character_set_client = @saved_cs_client */;

--
-- Dumping data for table `partitDelegat`
--

LOCK TABLES `partitDelegat` WRITE;
/*!40000 ALTER TABLE `partitDelegat` DISABLE KEYS */;
INSERT INTO `partitDelegat` VALUES (1,'31/03/2018','15:30','Pavelló Sud',2,3,'ACT'),(2,'01/04/2018','15:30','Pavelló Sud',1,3,'ACT');
/*!40000 ALTER TABLE `partitDelegat` ENABLE KEYS */;
UNLOCK TABLES;

--
-- Table structure for table `partits`
--

DROP TABLE IF EXISTS `partits`;
/*!40101 SET @saved_cs_client     = @@character_set_client */;
/*!40101 SET character_set_client = utf8 */;
CREATE TABLE `partits` (
  `idPartit` int(10) NOT NULL AUTO_INCREMENT,
  `local` varchar(50) COLLATE utf8_spanish2_ci DEFAULT NULL,
  `visitant` varchar(50) COLLATE utf8_spanish2_ci DEFAULT NULL,
  `data` varchar(10) COLLATE utf8_spanish2_ci DEFAULT NULL,
  `hora` varchar(10) COLLATE utf8_spanish2_ci DEFAULT NULL,
  `pista` varchar(100) COLLATE utf8_spanish2_ci DEFAULT NULL,
  `isSuspes` tinyint(1) DEFAULT '0',
  `idArbitre` int(10) DEFAULT NULL,
  `idTarifaArbitre` int(10) DEFAULT NULL,
  `idAnotador` int(10) DEFAULT NULL,
  `idTarifaAnotador` int(10) DEFAULT NULL,
  `isFemeni` int(1) DEFAULT '0',
  `actiu` varchar(3) COLLATE utf8_spanish2_ci DEFAULT 'ACT',
  PRIMARY KEY (`idPartit`)
) ENGINE=InnoDB AUTO_INCREMENT=233 DEFAULT CHARSET=utf8 COLLATE=utf8_spanish2_ci;
/*!40101 SET character_set_client = @saved_cs_client */;

--
-- Dumping data for table `partits`
--

LOCK TABLES `partits` WRITE;
/*!40000 ALTER TABLE `partits` DISABLE KEYS */;
INSERT INTO `partits` VALUES (74,'PC Land','Romanica','07/04/2018','12:00','Can Balsach',0,1,1,5,2,0,'ACT'),(75,'CB Platanillo','Salou Dream','07/04/2018','15:30','Pavelló Sud',0,1,1,2,2,0,'ACT'),(76,'Hoosiers Ole Stars','Quiero Mas','31/03/2018','17:00','Pavelló Sud',0,1,1,3,2,0,'ACT'),(77,'In your face','Putukah Jazz','08/04/2018','','Can Balsach',0,2,1,1,2,0,'ACT'),(78,'Inter de Mitente','Pim Pam','08/04/2018','10:30','Can Balsach',0,0,0,0,0,0,'ACT'),(79,'K19','PcLand Jovaisha','08/04/2018','10:30','Can Balsach',0,0,0,0,0,0,'ACT'),(80,'La Romànica','Old School','08/04/2108','12:00','Can Balsach',0,0,0,0,0,0,'ACT'),(81,'Quiero Mas','CB Platanillo','14/04/2018','18:30','Pavelló Sud',0,0,0,0,0,0,'ACT'),(82,'Putukah Jazz','Salou Dream','14/04/2018','18:30','Pavelló Sud',0,0,0,0,0,0,'ACT'),(83,'Pim Pam','Hoosiers Ole Stars','15/04/2018','9:00','Can Balsach',0,0,0,0,0,0,'ACT'),(84,'PcLand Jovaisha','In your face','15/04/2018','12:00','Can Balsach',0,0,0,0,0,0,'ACT'),(85,'Old School','Inter de Mitente','15/04/2018','12:00','Can Balsach',0,0,0,0,0,0,'ACT'),(86,'La Romànica','K19','15/04/2018','10:30','Can Balsach',0,0,0,0,0,0,'ACT'),(87,'PC Land','Romanica','10/02/2018','12:00','Can Balsach',0,0,0,0,0,0,'ACT'),(88,'CB Platanillo','Salou Dream','07/04/2018','15:30','Pavelló Sud',0,0,0,0,0,0,'ACT'),(89,'Hoosiers Ole Stars','Quiero Mas','07/04/2018','17:00','Pavelló Sud',0,0,0,0,0,0,'ACT'),(90,'In your face','Putukah Jazz','08/04/2018','9:00','Can Balsach',0,0,0,0,0,0,'ACT'),(91,'Inter de Mitente','Pim Pam','08/04/2018','10:30','Can Balsach',0,0,0,0,0,0,'ACT'),(92,'K19','PcLand Jovaisha','08/04/2018','10:30','Can Balsach',0,0,0,0,0,0,'ACT'),(93,'La Romànica','Old School','08/04/2108','12:00','Can Balsach',0,0,0,0,0,0,'ACT'),(94,'Quiero Mas','CB Platanillo','14/04/2018','18:30','Pavelló Sud',0,0,0,0,0,0,'ACT'),(95,'Putukah Jazz','Salou Dream','14/04/2018','18:30','Pavelló Sud',0,0,0,0,0,0,'ACT'),(96,'Pim Pam','Hoosiers Ole Stars','15/04/2018','9:00','Can Balsach',0,0,0,0,0,0,'ACT'),(97,'PcLand Jovaisha','In your face','15/04/2018','12:00','Can Balsach',0,0,0,0,0,0,'ACT'),(98,'Old School','Inter de Mitente','15/04/2018','12:00','Can Balsach',0,0,0,0,0,0,'ACT'),(99,'La Romànica','K19','15/04/2018','10:30','Can Balsach',0,0,0,0,0,0,'ACT'),(100,'PC Land','Romanica','10/02/2018','12:00','Can Balsach',0,0,0,0,0,0,'ACT'),(101,'CB Platanillo','Salou Dream','07/04/2018','15:30','Pavelló Sud',0,0,0,0,0,0,'ACT'),(102,'Hoosiers Ole Stars','Quiero Mas','07/04/2018','17:00','Pavelló Sud',0,0,0,0,0,0,'ACT'),(103,'In your face','Putukah Jazz','08/04/2018','9:00','Can Balsach',0,0,0,0,0,0,'ACT'),(104,'Inter de Mitente','Pim Pam','08/04/2018','10:30','Can Balsach',0,0,0,0,0,0,'ACT'),(105,'K19','PcLand Jovaisha','08/04/2018','10:30','Can Balsach',0,0,0,0,0,0,'ACT'),(106,'La Romànica','Old School','08/04/2108','12:00','Can Balsach',0,0,0,0,0,0,'ACT'),(107,'Quiero Mas','CB Platanillo','14/04/2018','18:30','Pavelló Sud',0,0,0,0,0,0,'ACT'),(108,'Putukah Jazz','Salou Dream','14/04/2018','18:30','Pavelló Sud',0,0,0,0,0,0,'ACT'),(109,'Pim Pam','Hoosiers Ole Stars','15/04/2018','9:00','Can Balsach',0,0,0,0,0,0,'ACT'),(110,'PcLand Jovaisha','In your face','15/04/2018','12:00','Can Balsach',0,0,0,0,0,0,'ACT'),(111,'Old School','Inter de Mitente','15/04/2018','12:00','Can Balsach',0,0,0,0,0,0,'ACT'),(112,'La Romànica','K19','15/04/2018','10:30','Can Balsach',0,0,0,0,0,0,'ACT'),(113,'PC Land','Romanica','10/02/2018','12:00','Can Balsach',0,0,0,0,0,0,'ACT'),(114,'CB Platanillo','Salou Dream','07/04/2018','15:30','Pavelló Sud',0,0,0,0,0,0,'ACT'),(115,'Hoosiers Ole Stars','Quiero Mas','07/04/2018','17:00','Pavelló Sud',0,0,0,0,0,0,'ACT'),(116,'In your face','Putukah Jazz','08/04/2018','9:00','Can Balsach',0,0,0,0,0,0,'ACT'),(117,'Inter de Mitente','Pim Pam','08/04/2018','10:30','Can Balsach',0,0,0,0,0,0,'ACT'),(118,'K19','PcLand Jovaisha','08/04/2018','10:30','Can Balsach',0,0,0,0,0,0,'ACT'),(119,'La Romànica','Old School','08/04/2108','12:00','Can Balsach',0,0,0,0,0,0,'ACT'),(120,'Quiero Mas','CB Platanillo','14/04/2018','18:30','Pavelló Sud',0,0,0,0,0,0,'ACT'),(121,'Putukah Jazz','Salou Dream','14/04/2018','18:30','Pavelló Sud',0,0,0,0,0,0,'ACT'),(122,'Pim Pam','Hoosiers Ole Stars','15/04/2018','9:00','Can Balsach',0,0,0,0,0,0,'ACT'),(123,'PcLand Jovaisha','In your face','15/04/2018','12:00','Can Balsach',0,0,0,0,0,0,'ACT'),(124,'Old School','Inter de Mitente','15/04/2018','12:00','Can Balsach',0,0,0,0,0,0,'ACT'),(125,'La Romànica','K19','15/04/2018','10:30','Can Balsach',0,0,0,0,0,0,'ACT'),(126,'PC Land','Romanica','10/02/2018','12:00','Can Balsach',0,0,0,0,0,0,'ACT'),(127,'CB Platanillo','Salou Dream','07/04/2018','15:30','Pavelló Sud',0,0,0,0,0,0,'ACT'),(128,'Hoosiers Ole Stars','Quiero Mas','07/04/2018','17:00','Pavelló Sud',0,0,0,0,0,0,'ACT'),(129,'In your face','Putukah Jazz','08/04/2018','9:00','Can Balsach',0,0,0,0,0,0,'ACT'),(130,'Inter de Mitente','Pim Pam','08/04/2018','10:30','Can Balsach',0,0,0,0,0,0,'ACT'),(131,'K19','PcLand Jovaisha','08/04/2018','10:30','Can Balsach',0,0,0,0,0,0,'ACT'),(132,'La Romànica','Old School','08/04/2108','12:00','Can Balsach',0,0,0,0,0,0,'ACT'),(133,'Quiero Mas','CB Platanillo','14/04/2018','18:30','Pavelló Sud',0,0,0,0,0,0,'ACT'),(134,'Putukah Jazz','Salou Dream','14/04/2018','18:30','Pavelló Sud',0,0,0,0,0,0,'ACT'),(135,'Pim Pam','Hoosiers Ole Stars','15/04/2018','9:00','Can Balsach',0,0,0,0,0,0,'ACT'),(136,'PcLand Jovaisha','In your face','15/04/2018','12:00','Can Balsach',0,0,0,0,0,0,'ACT'),(137,'Old School','Inter de Mitente','15/04/2018','12:00','Can Balsach',0,0,0,0,0,0,'ACT'),(138,'La Romànica','K19','15/04/2018','10:30','Can Balsach',0,0,0,0,0,0,'ACT'),(139,'PC Land','Romanica','10/02/2018','12:00','Can Balsach',0,0,0,0,0,0,'ACT'),(140,'CB Platanillo','Salou Dream','07/04/2018','15:30','Pavelló Sud',0,0,0,0,0,0,'ACT'),(141,'Hoosiers Ole Stars','Quiero Mas','07/04/2018','17:00','Pavelló Sud',0,0,0,0,0,0,'ACT'),(142,'In your face','Putukah Jazz','08/04/2018','9:00','Can Balsach',0,0,0,0,0,0,'ACT'),(143,'Inter de Mitente','Pim Pam','08/04/2018','10:30','Can Balsach',0,0,0,0,0,0,'ACT'),(144,'K19','PcLand Jovaisha','08/04/2018','10:30','Can Balsach',0,0,0,0,0,0,'ACT'),(145,'La Romànica','Old School','08/04/2108','12:00','Can Balsach',0,0,0,0,0,0,'ACT'),(146,'Quiero Mas','CB Platanillo','14/04/2018','18:30','Pavelló Sud',0,0,0,0,0,0,'ACT'),(147,'Putukah Jazz','Salou Dream','14/04/2018','18:30','Pavelló Sud',0,0,0,0,0,0,'ACT'),(148,'Pim Pam','Hoosiers Ole Stars','15/04/2018','9:00','Can Balsach',0,0,0,0,0,0,'ACT'),(149,'PcLand Jovaisha','In your face','15/04/2018','12:00','Can Balsach',0,0,0,0,0,0,'ACT'),(150,'Old School','Inter de Mitente','15/04/2018','12:00','Can Balsach',0,0,0,0,0,0,'ACT'),(151,'La Romànica','K19','15/04/2018','10:30','Can Balsach',0,0,0,0,0,0,'ACT'),(152,'Barbera','Basve','18/04/2018','21:30','Barbera',0,1,4,5,6,1,'ACT'),(153,'Basve','CB Fontetes','21/04/2018','22:15','Can Balsach',0,2,4,5,6,1,'ACT'),(215,'Basve','CB Fontetes','21/04/2018','22:00','Can Balsach',0,NULL,NULL,NULL,NULL,1,'ACT'),(216,'Som-hi','Green Team','21/04/2018','21:15','pavello sud',0,NULL,NULL,NULL,NULL,1,'ACT'),(217,'Escopinyes','El Social','21/04/2018','22:15','El Casal',0,NULL,NULL,NULL,NULL,1,'ACT'),(218,'Whatsapp','Campus','21/04/2018','21:00','Pavelló Sud',0,NULL,NULL,NULL,NULL,1,'ACT'),(219,'Regina Carmeil','Panteres Grogues','21/04/2018','20:30','Regina',0,NULL,NULL,NULL,NULL,1,'ACT'),(220,'El Social','Barbera','18/04/2018','21:30','El Social',0,NULL,NULL,NULL,NULL,1,'ACT'),(221,'Basve','Escopinyes','18/04/2018','22:15','Can Balsach',0,NULL,NULL,NULL,NULL,1,'ACT'),(222,'Viladecavalls','Campus','02/05/2018','20:45','Pavello Homs',0,NULL,NULL,NULL,NULL,1,'ACT'),(223,'Panteres Grogues','Regina','14/04/2018','22:15','Pavelló Sud',0,NULL,NULL,NULL,NULL,1,'ACT'),(224,'Basve','CB Fontetes','25/04/2018','22:00','Can Balsach',0,NULL,NULL,NULL,NULL,1,'ACT'),(225,'Som-hi','Green Team','21/05/2018','21:15','pavello sud',0,NULL,NULL,NULL,NULL,1,'ACT'),(226,'Escopinyes','El Social','21/05/2018','22:15','El Casal',0,NULL,NULL,NULL,NULL,1,'ACT'),(227,'Whatsapp','Campus','43135','21:00','Pavelló Sud',0,NULL,NULL,NULL,NULL,1,'ACT'),(228,'Regina Carmeil','Panteres Grogues','21/04/2018','20:30','Regina',0,NULL,NULL,NULL,NULL,1,'ACT'),(229,'El Social','Barbera','18/05/2018','21:30','El Social',0,NULL,NULL,NULL,NULL,1,'ACT'),(230,'Basve','Escopinyes','28/05/2018','22:15','Can Balsach',0,NULL,NULL,NULL,NULL,1,'ACT'),(231,'Viladecavalls','Campus','18/05/2018','20:45','Pavello Homs',0,NULL,NULL,NULL,NULL,1,'ACT'),(232,'Panteres Grogues','Regina','14/05/2018','22:15','Pavelló Sud',0,NULL,NULL,NULL,NULL,1,'ACT');
/*!40000 ALTER TABLE `partits` ENABLE KEYS */;
UNLOCK TABLES;

--
-- Table structure for table `pista`
--

DROP TABLE IF EXISTS `pista`;
/*!40101 SET @saved_cs_client     = @@character_set_client */;
/*!40101 SET character_set_client = utf8 */;
CREATE TABLE `pista` (
  `idpista` int(11) NOT NULL,
  `nomPista` varchar(45) NOT NULL,
  `isFemeniFora` varchar(1) NOT NULL DEFAULT '0',
  `actiu` varchar(3) DEFAULT 'ACT',
  PRIMARY KEY (`idpista`)
) ENGINE=InnoDB DEFAULT CHARSET=latin1;
/*!40101 SET character_set_client = @saved_cs_client */;

--
-- Dumping data for table `pista`
--

LOCK TABLES `pista` WRITE;
/*!40000 ALTER TABLE `pista` DISABLE KEYS */;
/*!40000 ALTER TABLE `pista` ENABLE KEYS */;
UNLOCK TABLES;

--
-- Table structure for table `pistaJoc`
--

DROP TABLE IF EXISTS `pistaJoc`;
/*!40101 SET @saved_cs_client     = @@character_set_client */;
/*!40101 SET character_set_client = utf8 */;
CREATE TABLE `pistaJoc` (
  `idPistaJoc` int(10) NOT NULL AUTO_INCREMENT,
  `nomPista` varchar(100) NOT NULL,
  `horariPista` varchar(50) DEFAULT NULL,
  `poblacioPista` varchar(50) DEFAULT NULL,
  `direccioPista` varchar(200) DEFAULT NULL,
  `idEquip` int(10) DEFAULT NULL,
  `isPistaFora` varchar(1) DEFAULT '0',
  `actiu` varchar(3) DEFAULT 'ACT',
  PRIMARY KEY (`idPistaJoc`),
  KEY `idEquip` (`idEquip`),
  CONSTRAINT `pistaJoc_ibfk_1` FOREIGN KEY (`idEquip`) REFERENCES `equip` (`idEquip`)
) ENGINE=InnoDB AUTO_INCREMENT=29 DEFAULT CHARSET=latin1;
/*!40101 SET character_set_client = @saved_cs_client */;

--
-- Dumping data for table `pistaJoc`
--

LOCK TABLES `pistaJoc` WRITE;
/*!40000 ALTER TABLE `pistaJoc` DISABLE KEYS */;
INSERT INTO `pistaJoc` VALUES (6,' POLIESPORTIU MUNICIPAL SEBASTIA HOMS','DIMARTS 20:30H','VILADECAVALLS',' Poliesportiu Municipal Sebastia Homs',51,'0','ACT'),(7,'Pavello Atletic','Dijous 21:30','Terrassa','Carretera Castellar, 300',37,'0','DES'),(8,'EL SOCIAL','DIMECRES 21:30','TERRASSA','carrer font vella, 40 08221',18,'0','ACT'),(9,'CAMPUS','DIMARTS 20:30','TERRASSA','colom, 13',28,'0','ACT'),(10,'PAVELLO REGINA CARMELI','DIJOUS 20:45','RUBI','C. Sant Sebastia,34 davant col.legi Regina Carmeli',75,'0','ACT'),(11,'PAVELLO CAN SERRA','DIJOUS 21,30H','BARBERA DEL VALLES','Pg Doctor Moragues 112',66,'0','ACT'),(12,'Pavello Puigverd','dimarts 21:30','Castellar del Valles','Pais valencia, s/n ',NULL,'0','DES'),(28,'COLLEGI EL CASAL','DIMECRES 22:15H','CASTELLAR DEL VALLES','Carrer del Forn de Raig, 37',105,'0','ACT');
/*!40000 ALTER TABLE `pistaJoc` ENABLE KEYS */;
UNLOCK TABLES;

--
-- Table structure for table `rol`
--

DROP TABLE IF EXISTS `rol`;
/*!40101 SET @saved_cs_client     = @@character_set_client */;
/*!40101 SET character_set_client = utf8 */;
CREATE TABLE `rol` (
  `idRol` int(11) NOT NULL AUTO_INCREMENT,
  `nomRol` varchar(50) COLLATE utf8_spanish2_ci NOT NULL,
  PRIMARY KEY (`idRol`)
) ENGINE=InnoDB AUTO_INCREMENT=4 DEFAULT CHARSET=utf8 COLLATE=utf8_spanish2_ci;
/*!40101 SET character_set_client = @saved_cs_client */;

--
-- Dumping data for table `rol`
--

LOCK TABLES `rol` WRITE;
/*!40000 ALTER TABLE `rol` DISABLE KEYS */;
INSERT INTO `rol` VALUES (1,'Balles'),(2,'Equip'),(3,'Arbitres');
/*!40000 ALTER TABLE `rol` ENABLE KEYS */;
UNLOCK TABLES;

--
-- Table structure for table `tarifes`
--

DROP TABLE IF EXISTS `tarifes`;
/*!40101 SET @saved_cs_client     = @@character_set_client */;
/*!40101 SET character_set_client = utf8 */;
CREATE TABLE `tarifes` (
  `idTarifa` int(11) NOT NULL AUTO_INCREMENT,
  `tipus` varchar(100) COLLATE utf8_spanish2_ci NOT NULL,
  `preu` decimal(10,2) NOT NULL,
  `actiu` varchar(3) COLLATE utf8_spanish2_ci NOT NULL DEFAULT 'ACT',
  PRIMARY KEY (`idTarifa`)
) ENGINE=InnoDB AUTO_INCREMENT=16 DEFAULT CHARSET=utf8 COLLATE=utf8_spanish2_ci;
/*!40101 SET character_set_client = @saved_cs_client */;

--
-- Dumping data for table `tarifes`
--

LOCK TABLES `tarifes` WRITE;
/*!40000 ALTER TABLE `tarifes` DISABLE KEYS */;
INSERT INTO `tarifes` VALUES (1,'Àrbitre Partit Masculí ',22.60,'ACT'),(2,'Anotador Partit Masculí',9.25,'ACT'),(3,'Delegat',8.75,'ACT'),(4,'Àrbitre Partit Femení Local',18.50,'ACT'),(5,'Àrbitre Partit Femení Fora',20.60,'ACT'),(6,'Anotador Partit Femení Local',8.75,'ACT'),(7,'Anotador Partit Femení Fora',10.80,'ACT'),(8,'prova',9.24,'DES'),(9,'prova 2',9.00,'DES'),(10,'prova 4',9.20,'DES'),(11,'adasdd',10.30,'DES'),(12,'adasdd',10.30,'DES'),(13,'adasdd',10.30,'DES'),(14,'adasdd',10.30,'DES'),(15,'adasdd',10.30,'DES');
/*!40000 ALTER TABLE `tarifes` ENABLE KEYS */;
UNLOCK TABLES;

--
-- Table structure for table `tecniquesBanqueta`
--

DROP TABLE IF EXISTS `tecniquesBanqueta`;
/*!40101 SET @saved_cs_client     = @@character_set_client */;
/*!40101 SET character_set_client = utf8 */;
CREATE TABLE `tecniquesBanqueta` (
  `idTecnicaBanqueta` int(11) NOT NULL AUTO_INCREMENT,
  `tecniques` int(50) DEFAULT NULL,
  `dataPartit` varchar(25) COLLATE utf8_spanish2_ci DEFAULT NULL,
  `idEquip` int(50) NOT NULL,
  `idTemporada` int(50) NOT NULL,
  PRIMARY KEY (`idTecnicaBanqueta`)
) ENGINE=InnoDB AUTO_INCREMENT=9 DEFAULT CHARSET=utf8 COLLATE=utf8_spanish2_ci;
/*!40101 SET character_set_client = @saved_cs_client */;

--
-- Dumping data for table `tecniquesBanqueta`
--

LOCK TABLES `tecniquesBanqueta` WRITE;
/*!40000 ALTER TABLE `tecniquesBanqueta` DISABLE KEYS */;
INSERT INTO `tecniquesBanqueta` VALUES (1,1,'13/02/2016',16,1),(2,3,'12/12/2016',1,1),(3,2,'01/11/2016',25,1),(4,2,'13/02/2017',16,1),(5,2,'13/02/2017',16,1),(6,2,'13/02/2017',16,1),(7,2,'13/02/2017',16,1),(8,2,'01/01/2017',16,1);
/*!40000 ALTER TABLE `tecniquesBanqueta` ENABLE KEYS */;
UNLOCK TABLES;

--
-- Table structure for table `temporada`
--

DROP TABLE IF EXISTS `temporada`;
/*!40101 SET @saved_cs_client     = @@character_set_client */;
/*!40101 SET character_set_client = utf8 */;
CREATE TABLE `temporada` (
  `idTemporada` int(11) NOT NULL AUTO_INCREMENT,
  `nomTemporada` varchar(50) COLLATE utf8_spanish2_ci NOT NULL,
  PRIMARY KEY (`idTemporada`)
) ENGINE=InnoDB AUTO_INCREMENT=3 DEFAULT CHARSET=utf8 COLLATE=utf8_spanish2_ci;
/*!40101 SET character_set_client = @saved_cs_client */;

--
-- Dumping data for table `temporada`
--

LOCK TABLES `temporada` WRITE;
/*!40000 ALTER TABLE `temporada` DISABLE KEYS */;
INSERT INTO `temporada` VALUES (1,'Temporada 2016-17'),(2,'Temporada 2017-18');
/*!40000 ALTER TABLE `temporada` ENABLE KEYS */;
UNLOCK TABLES;

--
-- Table structure for table `usuari`
--

DROP TABLE IF EXISTS `usuari`;
/*!40101 SET @saved_cs_client     = @@character_set_client */;
/*!40101 SET character_set_client = utf8 */;
CREATE TABLE `usuari` (
  `idUser` int(10) NOT NULL AUTO_INCREMENT,
  `nomUser` varchar(20) NOT NULL,
  `pass` varchar(15) NOT NULL,
  `idEquip` int(10) DEFAULT NULL,
  `rol` int(1) DEFAULT '0',
  `actiu` varchar(3) DEFAULT 'TNC',
  PRIMARY KEY (`idUser`),
  KEY `idEquip` (`idEquip`),
  CONSTRAINT `usuari_ibfk_1` FOREIGN KEY (`idEquip`) REFERENCES `equip` (`idEquip`),
  CONSTRAINT `usuari_ibfk_2` FOREIGN KEY (`idEquip`) REFERENCES `equip` (`idEquip`)
) ENGINE=InnoDB AUTO_INCREMENT=130 DEFAULT CHARSET=latin1;
/*!40101 SET character_set_client = @saved_cs_client */;

--
-- Dumping data for table `usuari`
--

LOCK TABLES `usuari` WRITE;
/*!40000 ALTER TABLE `usuari` DISABLE KEYS */;
INSERT INTO `usuari` VALUES (1,'david','vivelavida1978',1,1,'ACT'),(2,'txell','Whvelico2007',1,1,'ACT'),(3,'maria','Whvelico2007',1,1,'DES'),(4,'marta','marta',1,1,'ACT'),(5,'sergi','Whvelico2007',1,1,'ACT'),(23,'pcland','daviddavid',16,2,'ACT'),(24,'quieromas','gXhvqaS',17,2,'ACT'),(25,'elsocial','kZGDIEi',18,2,'ACT'),(26,'canmatas','sdPRxus',19,2,'ACT'),(27,'chanantes','JR3Vefr',20,2,'ACT'),(28,'connectingteam','xBBoKoI',21,2,'DES'),(29,'dreamtinc','UHSuip2',22,2,'DES'),(30,'allstars','ZFS1H9D',23,2,'ACT'),(31,'swisscheeseburgers','iZc6dw8',24,2,'ACT'),(32,'celtics','pUT4JTW',25,2,'ACT'),(33,'frufruteam','waHljc8',26,2,'DES'),(34,'tormentokings','r1ZCm0I',27,2,'DES'),(35,'campus','UZ0YpW5',28,2,'ACT'),(36,'putukah','JtFp34O',29,2,'ACT'),(37,'somhi','o980uts',30,2,'ACT'),(38,'honolulu','YLyjwU0',31,2,'ACT'),(39,'minions','dUReSg7',32,2,'ACT'),(40,'ohlhala','gohVhJa',33,2,'ACT'),(41,'platanillo','EtyvQdG',34,2,'ACT'),(42,'k19','hB3zBhq',35,2,'ACT'),(44,'atletic','8BDNUqw',37,2,'DES'),(46,'greenteam','NgI5GWn',39,2,'ACT'),(47,'proyectobasket','pSXMZ7E',40,2,'DES'),(48,'oldrockers','DcvZWoi',41,2,'DES'),(49,'cbfontetes','B7ejBN9',42,2,'ACT'),(50,'kimakproyecto','YOs543S',43,2,'DES'),(51,'labranca','7YbUexa',44,2,'DES'),(52,'inyourface','PA1ku2V',45,2,'ACT'),(53,'oldschool','oUL6OnX',46,2,'ACT'),(55,'burbons','AKMIWFf',48,2,'DES'),(56,'saloudream','oRzSUzn',49,2,'ACT'),(57,'romanica','4vrHe3a',50,2,'ACT'),(58,'vilavet','ip1xHRM',51,2,'ACT'),(59,'lazona','MBKo0D4',52,2,'ACT'),(60,'whatsapp','hbK0Hy3',53,2,'ACT'),(61,'refreefriends','3PHKQsF',54,2,'DES'),(62,'creualtasabadell','ZfjB6QQ',55,2,'ACT'),(63,'osobuco','NaNpulR',56,2,'DES'),(64,'espartanos','lZYgIHX',57,2,'ACT'),(65,'debonrotllo','UcJZrG',58,2,'ACT'),(66,'faltapersonal','vj8GveX',59,2,'ACT'),(67,'pimpam','w207WbU',60,2,'ACT'),(69,'bigten','hlDD10W',62,2,'DES'),(72,'wikiwiki','WI8v7je',65,2,'DES'),(73,'barbera','0tADF5',66,2,'ACT'),(74,'sasudcb','ZMocPWz',67,2,'DES'),(75,'puigcreu','RNMA1LD',68,2,'DES'),(76,'castellbisbal','GA0aWJX',69,2,'ACT'),(77,'equipballes','U8boAbR',70,2,'DES'),(81,'greengos','XwEwaGO',74,2,'DES'),(82,'reginacarmeli','2DhQUhT',75,2,'ACT'),(83,'wisconsin','Sqr7IF',36,2,'ACT'),(97,'ryukan','WpT8S0q',91,2,'ACT'),(102,'newyorkstyle','Z8YAZNr',96,2,'ACT'),(103,'drinkteam','rD35coi',97,2,'DES'),(104,'jubilaos','rb5B4xJ',98,2,'ACT'),(105,'Antickimak','5pKWIDm',38,2,'ACT'),(106,'burbons','IGR8jJc',100,2,'ACT'),(107,'Basve','sCt7YiK',63,2,'ACT'),(108,'acardi','bNqQHOM',102,2,'DES'),(111,'escopinyes','VH5pRHX',105,2,'ACT'),(112,'junior3','eDe2Fp2',106,2,'ACT'),(113,'picapica','aLZFiBr',107,2,'DES'),(114,'creualtafemeni','eYraiDp',108,2,'ACT'),(115,'panteresgrogues','WP9tUgR',109,2,'ACT'),(116,'toyacos','8TUlKUr',110,2,'ACT'),(125,'javigolbano','123456',1,3,'ACT'),(126,'edgar','VqhApVI',1,3,'ACT'),(127,'danidecastro','k0q4UFK',1,3,'ACT'),(128,'luisperdomo','DyNvG4t',1,3,'ACT'),(129,'humberto','pgmJwf',1,3,'ACT');
/*!40000 ALTER TABLE `usuari` ENABLE KEYS */;
UNLOCK TABLES;

--
-- Table structure for table `votacio`
--

DROP TABLE IF EXISTS `votacio`;
/*!40101 SET @saved_cs_client     = @@character_set_client */;
/*!40101 SET character_set_client = utf8 */;
CREATE TABLE `votacio` (
  `idJugador` int(60) NOT NULL,
  `idDivisio` int(1) DEFAULT NULL,
  `votos` int(11) NOT NULL,
  `actiu` varchar(3) COLLATE utf8_spanish2_ci NOT NULL DEFAULT 'ACT',
  PRIMARY KEY (`idJugador`)
) ENGINE=InnoDB DEFAULT CHARSET=utf8 COLLATE=utf8_spanish2_ci;
/*!40101 SET character_set_client = @saved_cs_client */;

--
-- Dumping data for table `votacio`
--

LOCK TABLES `votacio` WRITE;
/*!40000 ALTER TABLE `votacio` DISABLE KEYS */;
INSERT INTO `votacio` VALUES (92,1,2,'ACT'),(93,1,2,'ACT'),(106,1,7,'ACT'),(107,1,1,'ACT'),(108,1,4,'ACT'),(113,1,3,'ACT'),(133,2,2,'ACT'),(136,2,1,'ACT'),(166,1,3,'ACT'),(167,1,1,'ACT'),(182,1,1,'ACT'),(191,5,1,'ACT'),(200,5,1,'ACT'),(201,1,2,'ACT'),(203,4,1,'ACT'),(210,4,1,'ACT'),(211,4,2,'ACT'),(216,1,1,'ACT'),(227,5,2,'ACT'),(229,1,5,'ACT'),(258,4,4,'ACT'),(260,4,2,'ACT'),(272,3,1,'ACT'),(309,1,1,'ACT'),(320,4,1,'ACT'),(349,3,1,'ACT'),(353,3,1,'ACT'),(356,3,1,'ACT'),(363,3,2,'ACT'),(375,3,1,'ACT'),(378,5,1,'ACT'),(390,4,1,'ACT'),(399,3,4,'ACT'),(429,3,4,'ACT'),(430,3,2,'ACT'),(444,5,2,'ACT'),(446,5,1,'ACT'),(450,5,1,'ACT'),(453,2,1,'ACT'),(457,2,1,'ACT'),(491,4,1,'ACT'),(501,3,2,'ACT'),(509,3,1,'ACT'),(514,1,3,'ACT'),(527,5,1,'ACT'),(528,5,1,'ACT'),(529,5,2,'ACT'),(533,5,1,'ACT'),(553,1,4,'ACT'),(554,1,1,'ACT'),(558,5,1,'ACT'),(565,5,1,'ACT'),(570,5,1,'ACT'),(572,5,1,'ACT'),(601,1,1,'ACT'),(630,3,2,'ACT'),(635,3,1,'ACT'),(637,3,1,'ACT'),(641,2,2,'ACT'),(652,2,2,'ACT'),(898,2,1,'ACT'),(914,2,1,'ACT'),(927,1,2,'ACT'),(928,1,2,'ACT'),(931,1,2,'ACT'),(934,1,1,'ACT'),(940,1,2,'ACT'),(957,2,1,'ACT'),(962,2,1,'ACT'),(965,2,1,'ACT'),(972,1,1,'ACT'),(975,2,1,'ACT'),(1041,4,2,'ACT'),(1044,4,2,'ACT'),(1055,3,1,'ACT'),(1058,3,2,'ACT'),(1064,4,2,'ACT'),(1096,4,2,'ACT'),(1106,4,1,'ACT'),(1134,5,1,'ACT'),(1148,5,1,'ACT'),(1149,5,1,'ACT'),(1168,5,1,'ACT'),(1199,2,1,'ACT'),(1234,2,1,'ACT'),(1246,1,1,'ACT'),(1253,1,3,'ACT'),(1260,4,2,'ACT'),(1264,3,1,'ACT'),(1271,3,3,'ACT'),(1274,5,1,'ACT'),(1279,3,2,'ACT'),(1295,2,1,'ACT'),(1385,2,1,'ACT'),(1397,1,1,'ACT'),(1401,1,1,'ACT'),(1407,5,1,'ACT'),(1422,1,1,'ACT'),(1429,4,1,'ACT'),(1432,1,1,'ACT'),(1442,4,2,'ACT'),(1450,5,2,'ACT'),(1451,5,2,'ACT'),(1455,4,2,'ACT'),(1463,2,1,'ACT'),(1466,1,1,'ACT'),(1467,3,2,'ACT'),(1471,3,2,'ACT'),(1473,2,1,'ACT'),(1483,2,1,'ACT'),(1484,5,1,'ACT'),(1487,4,2,'ACT'),(1489,4,1,'ACT'),(1510,2,2,'ACT'),(1518,1,5,'ACT'),(1521,5,1,'ACT'),(1522,5,1,'ACT'),(1524,5,1,'ACT'),(1530,3,1,'ACT'),(1532,5,1,'ACT'),(1539,2,2,'ACT'),(1543,2,2,'ACT'),(1556,2,2,'ACT'),(1563,3,2,'ACT'),(1565,2,1,'ACT'),(1568,4,3,'ACT'),(1570,3,1,'ACT'),(1571,5,2,'ACT'),(1575,2,1,'ACT'),(1577,5,2,'ACT');
/*!40000 ALTER TABLE `votacio` ENABLE KEYS */;
UNLOCK TABLES;

--
-- Table structure for table `votacioAdmin`
--

DROP TABLE IF EXISTS `votacioAdmin`;
/*!40101 SET @saved_cs_client     = @@character_set_client */;
/*!40101 SET character_set_client = utf8 */;
CREATE TABLE `votacioAdmin` (
  `idUsuari` int(11) NOT NULL,
  `idVotJugador` int(11) NOT NULL
) ENGINE=InnoDB DEFAULT CHARSET=utf8 COLLATE=utf8_spanish2_ci;
/*!40101 SET character_set_client = @saved_cs_client */;

--
-- Dumping data for table `votacioAdmin`
--

LOCK TABLES `votacioAdmin` WRITE;
/*!40000 ALTER TABLE `votacioAdmin` DISABLE KEYS */;
/*!40000 ALTER TABLE `votacioAdmin` ENABLE KEYS */;
UNLOCK TABLES;

--
-- Table structure for table `votacioEquips`
--

DROP TABLE IF EXISTS `votacioEquips`;
/*!40101 SET @saved_cs_client     = @@character_set_client */;
/*!40101 SET character_set_client = utf8 */;
CREATE TABLE `votacioEquips` (
  `idEquip` int(11) NOT NULL,
  `idCapita` int(11) NOT NULL,
  `idDivisio` int(11) NOT NULL,
  `numEquip` int(11) NOT NULL,
  `numRestaEquips` int(11) NOT NULL,
  `idVotEquip` int(11) DEFAULT NULL,
  `idVotNotEquip1` int(11) DEFAULT NULL,
  `idVotNotEquip2` int(11) DEFAULT NULL,
  `idVotNotEquip3` int(11) DEFAULT NULL,
  `idVotNotEquip4` int(11) DEFAULT NULL,
  `idVotNotEquip5` int(11) DEFAULT NULL,
  `idvotNotEquip6` int(10) DEFAULT NULL,
  `idvotNotEquip7` int(10) DEFAULT NULL,
  `idvotNotEquip8` int(10) DEFAULT NULL,
  `idvotNotEquip9` int(10) DEFAULT NULL,
  PRIMARY KEY (`idEquip`)
) ENGINE=InnoDB DEFAULT CHARSET=utf8 COLLATE=utf8_spanish2_ci;
/*!40101 SET character_set_client = @saved_cs_client */;

--
-- Dumping data for table `votacioEquips`
--

LOCK TABLES `votacioEquips` WRITE;
/*!40000 ALTER TABLE `votacioEquips` DISABLE KEYS */;
INSERT INTO `votacioEquips` VALUES (16,23,1,1,2,1253,106,NULL,NULL,NULL,NULL,NULL,NULL,NULL,NULL),(18,25,4,1,9,258,1455,1487,1489,210,1568,1064,1041,1096,1044),(20,27,5,1,9,191,1148,446,227,1168,533,1407,1451,570,1571),(22,29,1,1,6,1466,229,1518,553,92,113,514,NULL,NULL,NULL),(23,30,1,1,9,108,166,229,93,182,927,553,1518,601,514),(25,32,5,1,5,528,1134,1571,572,1577,1577,NULL,NULL,NULL,NULL),(30,37,3,1,6,637,429,430,399,349,272,375,NULL,NULL,NULL),(32,39,5,1,9,227,1451,444,200,565,1484,529,1450,558,1532),(33,40,2,1,9,1565,1556,1473,1483,453,457,1234,1539,1463,962),(35,42,1,1,9,93,106,107,108,229,514,928,1253,931,1518),(45,52,1,1,9,940,1401,229,106,927,113,931,166,972,108),(49,56,1,1,9,1518,1422,1253,106,216,934,554,1432,940,92),(50,57,1,1,9,309,106,108,166,167,553,229,113,1246,1397),(51,58,4,1,9,211,1442,1106,1429,260,1041,258,1260,1568,1044),(53,60,4,1,9,491,390,1487,320,258,203,1064,1096,1568,1260),(55,62,2,1,9,1543,1556,133,641,652,957,1510,1385,1575,914),(58,65,5,1,9,1274,1450,1521,1149,444,527,378,450,1524,1522),(63,107,3,1,9,1271,1471,1570,1279,1471,630,399,501,1055,353),(66,73,3,1,9,509,630,399,363,430,1058,1467,429,1467,1279),(69,76,2,1,9,1510,641,965,136,652,975,1295,133,898,1199),(102,108,3,1,9,1530,429,1271,399,356,363,1264,1058,635,1563);
/*!40000 ALTER TABLE `votacioEquips` ENABLE KEYS */;
UNLOCK TABLES;
/*!40103 SET TIME_ZONE=@OLD_TIME_ZONE */;

/*!40101 SET SQL_MODE=@OLD_SQL_MODE */;
/*!40014 SET FOREIGN_KEY_CHECKS=@OLD_FOREIGN_KEY_CHECKS */;
/*!40014 SET UNIQUE_CHECKS=@OLD_UNIQUE_CHECKS */;
/*!40101 SET CHARACTER_SET_CLIENT=@OLD_CHARACTER_SET_CLIENT */;
/*!40101 SET CHARACTER_SET_RESULTS=@OLD_CHARACTER_SET_RESULTS */;
/*!40101 SET COLLATION_CONNECTION=@OLD_COLLATION_CONNECTION */;
/*!40111 SET SQL_NOTES=@OLD_SQL_NOTES */;

-- Dump completed on 2018-04-23  9:46:29
